2026-03-02 07:42:06 +0000  Initial pipeline context: <IDEDistributionProcessingPipelineContext: 0xa79b4db00; archive(resolved)="<IDEArchive: 0xace4710a0>", distributionTask(resolved)="2", distributionDestination(resolved)="1", distributionMethod(resolved)="<IDEDistributionMethodiOSAdHoc: 0xaf21f03c0>", team(resolved)="<IDEProvisioningDisambiguatableBasicTeam: 0xae4fe5a40; teamID='F8JN2G36QM', teamName='Refloor LLC.', teamType='Company', username='itadmin@eliasklein.com', isFreeProvisioningTeam='0'>">
	Chain (15, self inclusive):
	<IDEDistributionProcessingPipelineContext: 0xa79b4db00; archive = "<IDEArchive: 0xace4710a0>", distributionMethod="<IDEDistributionMethodiOSAdHoc: 0xaf21f03c0>", team="<IDEProvisioningDisambiguatableBasicTeam: 0xae4fe5a40; teamID='F8JN2G36QM', teamName='Refloor LLC.', teamType='Company', username='itadmin@eliasklein.com', isFreeProvisioningTeam='0'>">
	<IDEDistributionProcessingPipelineContext: 0xa79b4c000; archive = "<IDEArchive: 0xace4710a0>", distributionMethod="<IDEDistributionMethodiOSAdHoc: 0xaf21f03c0>", team="<IDEProvisioningDisambiguatableBasicTeam: 0xae4fe5a40; teamID='F8JN2G36QM', teamName='Refloor LLC.', teamType='Company', username='itadmin@eliasklein.com', isFreeProvisioningTeam='0'>">
	<IDEDistributionContext: 0xa798fe580; archive = "<IDEArchive: 0xace4710a0>", distributionMethod="<IDEDistributionMethodiOSAdHoc: 0xaf21f03c0>", team="<IDEProvisioningDisambiguatableBasicTeam: 0xae4fe5a40; teamID='F8JN2G36QM', teamName='Refloor LLC.', teamType='Company', username='itadmin@eliasklein.com', isFreeProvisioningTeam='0'>">
	<IDEDistributionContext: 0xa798fef80; archive = "<IDEArchive: 0xace4710a0>", distributionMethod="<IDEDistributionMethodiOSAdHoc: 0xaf21f03c0>", team="<IDEProvisioningDisambiguatableBasicTeam: 0xae4fe5a40; teamID='F8JN2G36QM', teamName='Refloor LLC.', teamType='Company', username='itadmin@eliasklein.com', isFreeProvisioningTeam='0'>">
	<IDEDistributionContext: 0xac9474c80; archive = "<IDEArchive: 0xace4710a0>", distributionMethod="<IDEDistributionMethodiOSAdHoc: 0xaf21f03c0>", team="<IDEProvisioningDisambiguatableBasicTeam: 0xae4fe5a40; teamID='F8JN2G36QM', teamName='Refloor LLC.', teamType='Company', username='itadmin@eliasklein.com', isFreeProvisioningTeam='0'>">
	<IDEDistributionContext: 0xac9474f00; archive = "<IDEArchive: 0xace4710a0>", distributionMethod="<IDEDistributionMethodiOSAdHoc: 0xaf21f03c0>", team="<IDEProvisioningDisambiguatableBasicTeam: 0xae4fe5a40; teamID='F8JN2G36QM', teamName='Refloor LLC.', teamType='Company', username='itadmin@eliasklein.com', isFreeProvisioningTeam='0'>">
	<IDEDistributionContext: 0xa799e7c00; archive = "<IDEArchive: 0xace4710a0>", distributionMethod="<IDEDistributionMethodiOSAdHoc: 0xaf21f03c0>", team="<IDEProvisioningDisambiguatableBasicTeam: 0xae4fe5a40; teamID='F8JN2G36QM', teamName='Refloor LLC.', teamType='Company', username='itadmin@eliasklein.com', isFreeProvisioningTeam='0'>">
	<IDEDistributionContext: 0xa799e6d00; archive = "<IDEArchive: 0xace4710a0>", distributionMethod="<IDEDistributionMethodiOSAdHoc: 0xaf21f03c0>", team="<IDEProvisioningDisambiguatableBasicTeam: 0xae4fe5a40; teamID='F8JN2G36QM', teamName='Refloor LLC.', teamType='Company', username='itadmin@eliasklein.com', isFreeProvisioningTeam='0'>">
	<IDEDistributionContext: 0xace455680; archive = "<IDEArchive: 0xace4710a0>", distributionMethod="<IDEDistributionMethodiOSAdHoc: 0xaf21f03c0>", team="<IDEProvisioningDisambiguatableBasicTeam: 0xae4fe5a40; teamID='F8JN2G36QM', teamName='Refloor LLC.', teamType='Company', username='itadmin@eliasklein.com', isFreeProvisioningTeam='0'>">
	<IDEDistributionContext: 0xace455e00; archive = "<IDEArchive: 0xace4710a0>", distributionMethod="<IDEDistributionMethodiOSAdHoc: 0xaf21f03c0>", team="(null)">
	<IDEDistributionContext: 0xacd1ac780; archive = "<IDEArchive: 0xace4710a0>", distributionMethod="<IDEDistributionMethodiOSAdHoc: 0xaf21f03c0>", team="(null)">
	<IDEDistributionContext: 0xa79bf9400; archive = "<IDEArchive: 0xace4710a0>", distributionMethod="<IDEDistributionMethodiOSAdHoc: 0xaf21f03c0>", team="(null)">
	<IDEDistributionContext: 0xace457480; archive = "<IDEArchive: 0xace4710a0>", distributionMethod="<IDEDistributionMethodiOSAdHoc: 0xaf21f03c0>", team="(null)">
	<IDEDistributionContext: 0xa79bf9180; archive = "<IDEArchive: 0xace4710a0>", distributionMethod="(null)", team="(null)">
	<IDEDistributionContext: 0xa79bf8280; archive = "<IDEArchive: 0xace4710a0>", distributionMethod="(null)", team="(null)">
</IDEDistributionProcessingPipelineContext: 0xa79b4db00>
2026-03-02 07:42:06 +0000  Processing step: IDEDistributionCreateDestRootStep
2026-03-02 07:42:06 +0000  Processing step: IDEDistributionCopyItemStep
2026-03-02 07:42:06 +0000  Running /usr/bin/ditto '-V' '/Users/macbook/Library/Developer/Xcode/Archives/2026-03-02/Refloor 3-2-26, 1.10 PM.xcarchive/Products/Applications/Refloor.app' '/var/folders/r3/81p5d_c505l5g5hf9p01yqdh0000gn/T/XcodeDistPipeline.~~~xtDOCp/Root/Payload/Refloor.app'
2026-03-02 07:42:06 +0000  >>> Copying /Users/macbook/Library/Developer/Xcode/Archives/2026-03-02/Refloor 3-2-26, 1.10 PM.xcarchive/Products/Applications/Refloor.app 
2026-03-02 07:42:06 +0000  copying file ./_CodeSignature/CodeResources ... 
2026-03-02 07:42:06 +0000  215995 bytes for ./_CodeSignature/CodeResources
2026-03-02 07:42:06 +0000  copying file ./SF-Pro-Display-Thin.otf ... 
2026-03-02 07:42:06 +0000  317736 bytes for ./SF-Pro-Display-Thin.otf
2026-03-02 07:42:06 +0000  copying file ./Inter-UI-BoldItalic.ttf ... 
2026-03-02 07:42:06 +0000  674076 bytes for ./Inter-UI-BoldItalic.ttf
2026-03-02 07:42:06 +0000  copying file ./SubCollectionViewLabelCollectionViewCell.nib ... 
2026-03-02 07:42:06 +0000  4271 bytes for ./SubCollectionViewLabelCollectionViewCell.nib
2026-03-02 07:42:06 +0000  copying file ./MyCell.nib ... 
2026-03-02 07:42:06 +0000  2236 bytes for ./MyCell.nib
2026-03-02 07:42:06 +0000  copying file ./DownPaymentFromCashCollectionViewCell.nib ... 
2026-03-02 07:42:06 +0000  6508 bytes for ./DownPaymentFromCashCollectionViewCell.nib
2026-03-02 07:42:06 +0000  copying file ./Inter-UI-Regular.otf ... 
2026-03-02 07:42:06 +0000  212624 bytes for ./Inter-UI-Regular.otf
2026-03-02 07:42:06 +0000  copying file ./SF-Pro-Display-SemiboldItalic.otf ... 
2026-03-02 07:42:06 +0000  159876 bytes for ./SF-Pro-Display-SemiboldItalic.otf
2026-03-02 07:42:06 +0000  copying file ./Inter-UI-Medium.ttf ... 
2026-03-02 07:42:06 +0000  580000 bytes for ./Inter-UI-Medium.ttf
2026-03-02 07:42:06 +0000  copying file ./Inter-UI-Bold.ttf ... 
2026-03-02 07:42:06 +0000  603388 bytes for ./Inter-UI-Bold.ttf
2026-03-02 07:42:06 +0000  copying file ./SF-Pro-Text-Heavy.otf ... 
2026-03-02 07:42:06 +0000  341828 bytes for ./SF-Pro-Text-Heavy.otf
2026-03-02 07:42:06 +0000  copying file ./SFUIText-Bold.otf ... 
2026-03-02 07:42:06 +0000  223400 bytes for ./SFUIText-Bold.otf
2026-03-02 07:42:06 +0000  copying file ./SubSqureToolView.nib ... 
2026-03-02 07:42:06 +0000  9229 bytes for ./SubSqureToolView.nib
2026-03-02 07:42:06 +0000  copying file ./Inter-UI-BlackItalic.otf ... 
2026-03-02 07:42:06 +0000  264504 bytes for ./Inter-UI-BlackItalic.otf
2026-03-02 07:42:06 +0000  copying file ./SF-Pro-Display-RegularItalic.otf ... 
2026-03-02 07:42:06 +0000  148740 bytes for ./SF-Pro-Display-RegularItalic.otf
2026-03-02 07:42:06 +0000  copying file ./SF-Pro-Display-Light.otf ... 
2026-03-02 07:42:06 +0000  318908 bytes for ./SF-Pro-Display-Light.otf
2026-03-02 07:42:06 +0000  copying file ./DownPaymentFromCardCollectionViewCell.nib ... 
2026-03-02 07:42:06 +0000  14734 bytes for ./DownPaymentFromCardCollectionViewCell.nib
2026-03-02 07:42:06 +0000  copying file ./GoogleMaps.bundle/bubble_left@3x.png ... 
2026-03-02 07:42:06 +0000  2386 bytes for ./GoogleMaps.bundle/bubble_left@3x.png
2026-03-02 07:42:06 +0000  copying file ./GoogleMaps.bundle/bubble_left.png ... 
2026-03-02 07:42:06 +0000  451 bytes for ./GoogleMaps.bundle/bubble_left.png
2026-03-02 07:42:06 +0000  copying file ./GoogleMaps.bundle/bubble_left@2x.png ... 
2026-03-02 07:42:06 +0000  1055 bytes for ./GoogleMaps.bundle/bubble_left@2x.png
2026-03-02 07:42:06 +0000  copying file ./GoogleMaps.bundle/bubble_right@3x.png ... 
2026-03-02 07:42:06 +0000  2374 bytes for ./GoogleMaps.bundle/bubble_right@3x.png
2026-03-02 07:42:06 +0000  copying file ./GoogleMaps.bundle/ic_error.png ... 
2026-03-02 07:42:06 +0000  236 bytes for ./GoogleMaps.bundle/ic_error.png
2026-03-02 07:42:06 +0000  copying file ./GoogleMaps.bundle/bubble_right@2x.png ... 
2026-03-02 07:42:06 +0000  1051 bytes for ./GoogleMaps.bundle/bubble_right@2x.png
2026-03-02 07:42:06 +0000  copying file ./GoogleMaps.bundle/GMSCoreResources.bundle/de.lproj/GMSCore.strings ... 
2026-03-02 07:42:06 +0000  4308 bytes for ./GoogleMaps.bundle/GMSCoreResources.bundle/de.lproj/GMSCore.strings
2026-03-02 07:42:06 +0000  copying file ./GoogleMaps.bundle/GMSCoreResources.bundle/he.lproj/GMSCore.strings ... 
2026-03-02 07:42:06 +0000  4436 bytes for ./GoogleMaps.bundle/GMSCoreResources.bundle/he.lproj/GMSCore.strings
2026-03-02 07:42:06 +0000  copying file ./GoogleMaps.bundle/GMSCoreResources.bundle/en_AU.lproj/GMSCore.strings ... 
2026-03-02 07:42:06 +0000  4078 bytes for ./GoogleMaps.bundle/GMSCoreResources.bundle/en_AU.lproj/GMSCore.strings
2026-03-02 07:42:06 +0000  copying file ./GoogleMaps.bundle/GMSCoreResources.bundle/ic_covid_medical_waypoint_alert_32pt@2x.png ... 
2026-03-02 07:42:06 +0000  943 bytes for ./GoogleMaps.bundle/GMSCoreResources.bundle/ic_covid_medical_waypoint_alert_32pt@2x.png
2026-03-02 07:42:06 +0000  copying file ./GoogleMaps.bundle/GMSCoreResources.bundle/ar.lproj/GMSCore.strings ... 
2026-03-02 07:42:06 +0000  5230 bytes for ./GoogleMaps.bundle/GMSCoreResources.bundle/ar.lproj/GMSCore.strings
2026-03-02 07:42:06 +0000  copying file ./GoogleMaps.bundle/GMSCoreResources.bundle/el.lproj/GMSCore.strings ... 
2026-03-02 07:42:06 +0000  4694 bytes for ./GoogleMaps.bundle/GMSCoreResources.bundle/el.lproj/GMSCore.strings
2026-03-02 07:42:06 +0000  copying file ./GoogleMaps.bundle/GMSCoreResources.bundle/ja.lproj/GMSCore.strings ... 
2026-03-02 07:42:06 +0000  3880 bytes for ./GoogleMaps.bundle/GMSCoreResources.bundle/ja.lproj/GMSCore.strings
2026-03-02 07:42:06 +0000  copying file ./GoogleMaps.bundle/GMSCoreResources.bundle/ic_covid_checkpoint_waypoint_alert_night_32pt.png ... 
2026-03-02 07:42:06 +0000  602 bytes for ./GoogleMaps.bundle/GMSCoreResources.bundle/ic_covid_checkpoint_waypoint_alert_night_32pt.png
2026-03-02 07:42:06 +0000  copying file ./GoogleMaps.bundle/GMSCoreResources.bundle/sq.lproj/GMSCore.strings ... 
2026-03-02 07:42:06 +0000  4410 bytes for ./GoogleMaps.bundle/GMSCoreResources.bundle/sq.lproj/GMSCore.strings
2026-03-02 07:42:06 +0000  copying file ./GoogleMaps.bundle/GMSCoreResources.bundle/ic_qu_direction_mylocation@2x.png ... 
2026-03-02 07:42:06 +0000  663 bytes for ./GoogleMaps.bundle/GMSCoreResources.bundle/ic_qu_direction_mylocation@2x.png
2026-03-02 07:42:06 +0000  copying file ./GoogleMaps.bundle/GMSCoreResources.bundle/en.lproj/GMSCore.strings ... 
2026-03-02 07:42:06 +0000  4061 bytes for ./GoogleMaps.bundle/GMSCoreResources.bundle/en.lproj/GMSCore.strings
2026-03-02 07:42:06 +0000  copying file ./GoogleMaps.bundle/GMSCoreResources.bundle/ic_covid_border_waypoint_alert_32pt.png ... 
2026-03-02 07:42:06 +0000  422 bytes for ./GoogleMaps.bundle/GMSCoreResources.bundle/ic_covid_border_waypoint_alert_32pt.png
2026-03-02 07:42:06 +0000  copying file ./GoogleMaps.bundle/GMSCoreResources.bundle/uk.lproj/GMSCore.strings ... 
2026-03-02 07:42:06 +0000  4963 bytes for ./GoogleMaps.bundle/GMSCoreResources.bundle/uk.lproj/GMSCore.strings
2026-03-02 07:42:06 +0000  copying file ./GoogleMaps.bundle/GMSCoreResources.bundle/ic_qu_direction_mylocation.png ... 
2026-03-02 07:42:06 +0000  362 bytes for ./GoogleMaps.bundle/GMSCoreResources.bundle/ic_qu_direction_mylocation.png
2026-03-02 07:42:06 +0000  copying file ./GoogleMaps.bundle/GMSCoreResources.bundle/es_419.lproj/GMSCore.strings ... 
2026-03-02 07:42:06 +0000  4376 bytes for ./GoogleMaps.bundle/GMSCoreResources.bundle/es_419.lproj/GMSCore.strings
2026-03-02 07:42:06 +0000  copying file ./GoogleMaps.bundle/GMSCoreResources.bundle/GMSSprites-0-1x.png ... 
2026-03-02 07:42:06 +0000  13906 bytes for ./GoogleMaps.bundle/GMSCoreResources.bundle/GMSSprites-0-1x.png
2026-03-02 07:42:06 +0000  copying file ./GoogleMaps.bundle/GMSCoreResources.bundle/ic_compass_needle_large@2x.png ... 
2026-03-02 07:42:06 +0000  2446 bytes for ./GoogleMaps.bundle/GMSCoreResources.bundle/ic_compass_needle_large@2x.png
2026-03-02 07:42:06 +0000  copying file ./GoogleMaps.bundle/GMSCoreResources.bundle/ic_compass_needle_large@3x.png ... 
2026-03-02 07:42:06 +0000  3304 bytes for ./GoogleMaps.bundle/GMSCoreResources.bundle/ic_compass_needle_large@3x.png
2026-03-02 07:42:06 +0000  copying file ./GoogleMaps.bundle/GMSCoreResources.bundle/es_MX.lproj/GMSCore.strings ... 
2026-03-02 07:42:06 +0000  4376 bytes for ./GoogleMaps.bundle/GMSCoreResources.bundle/es_MX.lproj/GMSCore.strings
2026-03-02 07:42:06 +0000  copying file ./GoogleMaps.bundle/GMSCoreResources.bundle/ic_compass_needle_large.png ... 
2026-03-02 07:42:06 +0000  1114 bytes for ./GoogleMaps.bundle/GMSCoreResources.bundle/ic_compass_needle_large.png
2026-03-02 07:42:06 +0000  copying file ./GoogleMaps.bundle/GMSCoreResources.bundle/zh_CN.lproj/GMSCore.strings ... 
2026-03-02 07:42:06 +0000  3871 bytes for ./GoogleMaps.bundle/GMSCoreResources.bundle/zh_CN.lproj/GMSCore.strings
2026-03-02 07:42:06 +0000  copying file ./GoogleMaps.bundle/GMSCoreResources.bundle/ic_qu_direction_mylocation@3x.png ... 
2026-03-02 07:42:06 +0000  1240 bytes for ./GoogleMaps.bundle/GMSCoreResources.bundle/ic_qu_direction_mylocation@3x.png
2026-03-02 07:42:06 +0000  copying file ./GoogleMaps.bundle/GMSCoreResources.bundle/DroidSansMerged-Regular.ttf ... 
2026-03-02 07:42:06 +0000  392092 bytes for ./GoogleMaps.bundle/GMSCoreResources.bundle/DroidSansMerged-Regular.ttf
2026-03-02 07:42:06 +0000  copying file ./GoogleMaps.bundle/GMSCoreResources.bundle/nb.lproj/GMSCore.strings ... 
2026-03-02 07:42:06 +0000  4211 bytes for ./GoogleMaps.bundle/GMSCoreResources.bundle/nb.lproj/GMSCore.strings
2026-03-02 07:42:06 +0000  copying file ./GoogleMaps.bundle/GMSCoreResources.bundle/es.lproj/GMSCore.strings ... 
2026-03-02 07:42:06 +0000  4377 bytes for ./GoogleMaps.bundle/GMSCoreResources.bundle/es.lproj/GMSCore.strings
2026-03-02 07:42:06 +0000  copying file ./GoogleMaps.bundle/GMSCoreResources.bundle/sw.lproj/GMSCore.strings ... 
2026-03-02 07:42:06 +0000  4171 bytes for ./GoogleMaps.bundle/GMSCoreResources.bundle/sw.lproj/GMSCore.strings
2026-03-02 07:42:06 +0000  copying file ./GoogleMaps.bundle/GMSCoreResources.bundle/ic_covid_medical_waypoint_alert_32pt@3x.png ... 
2026-03-02 07:42:06 +0000  1203 bytes for ./GoogleMaps.bundle/GMSCoreResources.bundle/ic_covid_medical_waypoint_alert_32pt@3x.png
2026-03-02 07:42:06 +0000  copying file ./GoogleMaps.bundle/GMSCoreResources.bundle/pt_BR.lproj/GMSCore.strings ... 
2026-03-02 07:42:06 +0000  4388 bytes for ./GoogleMaps.bundle/GMSCoreResources.bundle/pt_BR.lproj/GMSCore.strings
2026-03-02 07:42:06 +0000  copying file ./GoogleMaps.bundle/GMSCoreResources.bundle/da.lproj/GMSCore.strings ... 
2026-03-02 07:42:06 +0000  4321 bytes for ./GoogleMaps.bundle/GMSCoreResources.bundle/da.lproj/GMSCore.strings
2026-03-02 07:42:06 +0000  copying file ./GoogleMaps.bundle/GMSCoreResources.bundle/ic_location_off@3x.png ... 
2026-03-02 07:42:06 +0000  1577 bytes for ./GoogleMaps.bundle/GMSCoreResources.bundle/ic_location_off@3x.png
2026-03-02 07:42:06 +0000  copying file ./GoogleMaps.bundle/GMSCoreResources.bundle/it.lproj/GMSCore.strings ... 
2026-03-02 07:42:06 +0000  4115 bytes for ./GoogleMaps.bundle/GMSCoreResources.bundle/it.lproj/GMSCore.strings
2026-03-02 07:42:06 +0000  copying file ./GoogleMaps.bundle/GMSCoreResources.bundle/sk.lproj/GMSCore.strings ... 
2026-03-02 07:42:06 +0000  4441 bytes for ./GoogleMaps.bundle/GMSCoreResources.bundle/sk.lproj/GMSCore.strings
2026-03-02 07:42:06 +0000  copying file ./GoogleMaps.bundle/GMSCoreResources.bundle/GMSNavSprites-0-3x.png ... 
2026-03-02 07:42:06 +0000  20924 bytes for ./GoogleMaps.bundle/GMSCoreResources.bundle/GMSNavSprites-0-3x.png
2026-03-02 07:42:06 +0000  copying file ./GoogleMaps.bundle/GMSCoreResources.bundle/pt_PT.lproj/GMSCore.strings ... 
2026-03-02 07:42:06 +0000  4389 bytes for ./GoogleMaps.bundle/GMSCoreResources.bundle/pt_PT.lproj/GMSCore.strings
2026-03-02 07:42:06 +0000  copying file ./GoogleMaps.bundle/GMSCoreResources.bundle/button_compass_night.png ... 
2026-03-02 07:42:06 +0000  720 bytes for ./GoogleMaps.bundle/GMSCoreResources.bundle/button_compass_night.png
2026-03-02 07:42:06 +0000  copying file ./GoogleMaps.bundle/GMSCoreResources.bundle/button_my_location.png ... 
2026-03-02 07:42:06 +0000  492 bytes for ./GoogleMaps.bundle/GMSCoreResources.bundle/button_my_location.png
2026-03-02 07:42:06 +0000  copying file ./GoogleMaps.bundle/GMSCoreResources.bundle/road_16-4.png ... 
2026-03-02 07:42:06 +0000  127 bytes for ./GoogleMaps.bundle/GMSCoreResources.bundle/road_16-4.png
2026-03-02 07:42:06 +0000  copying file ./GoogleMaps.bundle/GMSCoreResources.bundle/sr.lproj/GMSCore.strings ... 
2026-03-02 07:42:06 +0000  4754 bytes for ./GoogleMaps.bundle/GMSCoreResources.bundle/sr.lproj/GMSCore.strings
2026-03-02 07:42:06 +0000  copying file ./GoogleMaps.bundle/GMSCoreResources.bundle/ms.lproj/GMSCore.strings ... 
2026-03-02 07:42:06 +0000  4033 bytes for ./GoogleMaps.bundle/GMSCoreResources.bundle/ms.lproj/GMSCore.strings
2026-03-02 07:42:06 +0000  copying file ./GoogleMaps.bundle/GMSCoreResources.bundle/road_256-64.png ... 
2026-03-02 07:42:06 +0000  1934 bytes for ./GoogleMaps.bundle/GMSCoreResources.bundle/road_256-64.png
2026-03-02 07:42:06 +0000  copying file ./GoogleMaps.bundle/GMSCoreResources.bundle/button_compass.png ... 
2026-03-02 07:42:06 +0000  631 bytes for ./GoogleMaps.bundle/GMSCoreResources.bundle/button_compass.png
2026-03-02 07:42:06 +0000  copying file ./GoogleMaps.bundle/GMSCoreResources.bundle/sv.lproj/GMSCore.strings ... 
2026-03-02 07:42:06 +0000  4451 bytes for ./GoogleMaps.bundle/GMSCoreResources.bundle/sv.lproj/GMSCore.strings
2026-03-02 07:42:06 +0000  copying file ./GoogleMaps.bundle/GMSCoreResources.bundle/road_8-2.png ... 
2026-03-02 07:42:06 +0000  93 bytes for ./GoogleMaps.bundle/GMSCoreResources.bundle/road_8-2.png
2026-03-02 07:42:06 +0000  copying file ./GoogleMaps.bundle/GMSCoreResources.bundle/ic_closed_place_waypoint_alert_32pt.png ... 
2026-03-02 07:42:06 +0000  494 bytes for ./GoogleMaps.bundle/GMSCoreResources.bundle/ic_closed_place_waypoint_alert_32pt.png
2026-03-02 07:42:06 +0000  copying file ./GoogleMaps.bundle/GMSCoreResources.bundle/cs.lproj/GMSCore.strings ... 
2026-03-02 07:42:06 +0000  4667 bytes for ./GoogleMaps.bundle/GMSCoreResources.bundle/cs.lproj/GMSCore.strings
2026-03-02 07:42:06 +0000  copying file ./GoogleMaps.bundle/GMSCoreResources.bundle/button_background.png ... 
2026-03-02 07:42:06 +0000  334 bytes for ./GoogleMaps.bundle/GMSCoreResources.bundle/button_background.png
2026-03-02 07:42:06 +0000  copying file ./GoogleMaps.bundle/GMSCoreResources.bundle/GMSNavNightModeSprites-0-1x.png ... 
2026-03-02 07:42:06 +0000  3393 bytes for ./GoogleMaps.bundle/GMSCoreResources.bundle/GMSNavNightModeSprites-0-1x.png
2026-03-02 07:42:06 +0000  copying file ./GoogleMaps.bundle/GMSCoreResources.bundle/button_my_location@2x.png ... 
2026-03-02 07:42:06 +0000  1229 bytes for ./GoogleMaps.bundle/GMSCoreResources.bundle/button_my_location@2x.png
2026-03-02 07:42:06 +0000  copying file ./GoogleMaps.bundle/GMSCoreResources.bundle/en_IN.lproj/GMSCore.strings ... 
2026-03-02 07:42:06 +0000  4078 bytes for ./GoogleMaps.bundle/GMSCoreResources.bundle/en_IN.lproj/GMSCore.strings
2026-03-02 07:42:06 +0000  copying file ./GoogleMaps.bundle/GMSCoreResources.bundle/ko.lproj/GMSCore.strings ... 
2026-03-02 07:42:06 +0000  3904 bytes for ./GoogleMaps.bundle/GMSCoreResources.bundle/ko.lproj/GMSCore.strings
2026-03-02 07:42:06 +0000  copying file ./GoogleMaps.bundle/GMSCoreResources.bundle/GMSNavSprites-0-2x.png ... 
2026-03-02 07:42:06 +0000  13321 bytes for ./GoogleMaps.bundle/GMSCoreResources.bundle/GMSNavSprites-0-2x.png
2026-03-02 07:42:06 +0000  copying file ./GoogleMaps.bundle/GMSCoreResources.bundle/ic_location_off@2x.png ... 
2026-03-02 07:42:06 +0000  860 bytes for ./GoogleMaps.bundle/GMSCoreResources.bundle/ic_location_off@2x.png
2026-03-02 07:42:06 +0000  copying file ./GoogleMaps.bundle/GMSCoreResources.bundle/my.lproj/GMSCore.strings ... 
2026-03-02 07:42:06 +0000  4524 bytes for ./GoogleMaps.bundle/GMSCoreResources.bundle/my.lproj/GMSCore.strings
2026-03-02 07:42:06 +0000  copying file ./GoogleMaps.bundle/GMSCoreResources.bundle/ic_covid_checkpoint_waypoint_alert_32pt@2x.png ... 
2026-03-02 07:42:06 +0000  1373 bytes for ./GoogleMaps.bundle/GMSCoreResources.bundle/ic_covid_checkpoint_waypoint_alert_32pt@2x.png
2026-03-02 07:42:06 +0000  copying file ./GoogleMaps.bundle/GMSCoreResources.bundle/GMSNavSprites-0-1x.png ... 
2026-03-02 07:42:06 +0000  5684 bytes for ./GoogleMaps.bundle/GMSCoreResources.bundle/GMSNavSprites-0-1x.png
2026-03-02 07:42:06 +0000  copying file ./GoogleMaps.bundle/GMSCoreResources.bundle/Tharlon-Regular.ttf ... 
2026-03-02 07:42:06 +0000  353228 bytes for ./GoogleMaps.bundle/GMSCoreResources.bundle/Tharlon-Regular.ttf
2026-03-02 07:42:06 +0000  copying file ./GoogleMaps.bundle/GMSCoreResources.bundle/hu.lproj/GMSCore.strings ... 
2026-03-02 07:42:06 +0000  4195 bytes for ./GoogleMaps.bundle/GMSCoreResources.bundle/hu.lproj/GMSCore.strings
2026-03-02 07:42:06 +0000  copying file ./GoogleMaps.bundle/GMSCoreResources.bundle/zh_HK.lproj/GMSCore.strings ... 
2026-03-02 07:42:06 +0000  3832 bytes for ./GoogleMaps.bundle/GMSCoreResources.bundle/zh_HK.lproj/GMSCore.strings
2026-03-02 07:42:06 +0000  copying file ./GoogleMaps.bundle/GMSCoreResources.bundle/road_4-1.png ... 
2026-03-02 07:42:06 +0000  74 bytes for ./GoogleMaps.bundle/GMSCoreResources.bundle/road_4-1.png
2026-03-02 07:42:06 +0000  copying file ./GoogleMaps.bundle/GMSCoreResources.bundle/ka.lproj/GMSCore.strings ... 
2026-03-02 07:42:06 +0000  4322 bytes for ./GoogleMaps.bundle/GMSCoreResources.bundle/ka.lproj/GMSCore.strings
2026-03-02 07:42:06 +0000  copying file ./GoogleMaps.bundle/GMSCoreResources.bundle/button_background@2x.png ... 
2026-03-02 07:42:06 +0000  433 bytes for ./GoogleMaps.bundle/GMSCoreResources.bundle/button_background@2x.png
2026-03-02 07:42:06 +0000  copying file ./GoogleMaps.bundle/GMSCoreResources.bundle/ic_compass_needle_32pt.png ... 
2026-03-02 07:42:06 +0000  742 bytes for ./GoogleMaps.bundle/GMSCoreResources.bundle/ic_compass_needle_32pt.png
2026-03-02 07:42:06 +0000  copying file ./GoogleMaps.bundle/GMSCoreResources.bundle/ic_compass_needle@2x.png ... 
2026-03-02 07:42:06 +0000  992 bytes for ./GoogleMaps.bundle/GMSCoreResources.bundle/ic_compass_needle@2x.png
2026-03-02 07:42:06 +0000  copying file ./GoogleMaps.bundle/GMSCoreResources.bundle/Assets.car ... 
2026-03-02 07:42:06 +0000  48575 bytes for ./GoogleMaps.bundle/GMSCoreResources.bundle/Assets.car
2026-03-02 07:42:06 +0000  copying file ./GoogleMaps.bundle/GMSCoreResources.bundle/tr.lproj/GMSCore.strings ... 
2026-03-02 07:42:06 +0000  4175 bytes for ./GoogleMaps.bundle/GMSCoreResources.bundle/tr.lproj/GMSCore.strings
2026-03-02 07:42:06 +0000  copying file ./GoogleMaps.bundle/GMSCoreResources.bundle/pl.lproj/GMSCore.strings ... 
2026-03-02 07:42:06 +0000  4491 bytes for ./GoogleMaps.bundle/GMSCoreResources.bundle/pl.lproj/GMSCore.strings
2026-03-02 07:42:06 +0000  copying file ./GoogleMaps.bundle/GMSCoreResources.bundle/zh_TW.lproj/GMSCore.strings ... 
2026-03-02 07:42:06 +0000  3857 bytes for ./GoogleMaps.bundle/GMSCoreResources.bundle/zh_TW.lproj/GMSCore.strings
2026-03-02 07:42:06 +0000  copying file ./GoogleMaps.bundle/GMSCoreResources.bundle/ic_closed_place_waypoint_alert_32pt@3x.png ... 
2026-03-02 07:42:06 +0000  1643 bytes for ./GoogleMaps.bundle/GMSCoreResources.bundle/ic_closed_place_waypoint_alert_32pt@3x.png
2026-03-02 07:42:06 +0000  copying file ./GoogleMaps.bundle/GMSCoreResources.bundle/GMSNavNightModeSprites-0-2x.png ... 
2026-03-02 07:42:06 +0000  7660 bytes for ./GoogleMaps.bundle/GMSCoreResources.bundle/GMSNavNightModeSprites-0-2x.png
2026-03-02 07:42:06 +0000  copying file ./GoogleMaps.bundle/GMSCoreResources.bundle/GMSNavNightModeSprites-0-3x.png ... 
2026-03-02 07:42:06 +0000  12519 bytes for ./GoogleMaps.bundle/GMSCoreResources.bundle/GMSNavNightModeSprites-0-3x.png
2026-03-02 07:42:06 +0000  copying file ./GoogleMaps.bundle/GMSCoreResources.bundle/ic_closed_place_waypoint_alert_32pt@2x.png ... 
2026-03-02 07:42:06 +0000  1210 bytes for ./GoogleMaps.bundle/GMSCoreResources.bundle/ic_closed_place_waypoint_alert_32pt@2x.png
2026-03-02 07:42:06 +0000  copying file ./GoogleMaps.bundle/GMSCoreResources.bundle/en_GB.lproj/GMSCore.strings ... 
2026-03-02 07:42:06 +0000  4078 bytes for ./GoogleMaps.bundle/GMSCoreResources.bundle/en_GB.lproj/GMSCore.strings
2026-03-02 07:42:06 +0000  copying file ./GoogleMaps.bundle/GMSCoreResources.bundle/dav_one_way_16_256.png ... 
2026-03-02 07:42:06 +0000  315 bytes for ./GoogleMaps.bundle/GMSCoreResources.bundle/dav_one_way_16_256.png
2026-03-02 07:42:06 +0000  copying file ./GoogleMaps.bundle/GMSCoreResources.bundle/road_2-1.png ... 
2026-03-02 07:42:06 +0000  84 bytes for ./GoogleMaps.bundle/GMSCoreResources.bundle/road_2-1.png
2026-03-02 07:42:06 +0000  copying file ./GoogleMaps.bundle/GMSCoreResources.bundle/vi.lproj/GMSCore.strings ... 
2026-03-02 07:42:06 +0000  4232 bytes for ./GoogleMaps.bundle/GMSCoreResources.bundle/vi.lproj/GMSCore.strings
2026-03-02 07:42:06 +0000  copying file ./GoogleMaps.bundle/GMSCoreResources.bundle/button_background@3x.png ... 
2026-03-02 07:42:06 +0000  515 bytes for ./GoogleMaps.bundle/GMSCoreResources.bundle/button_background@3x.png
2026-03-02 07:42:06 +0000  copying file ./GoogleMaps.bundle/GMSCoreResources.bundle/road_32-8.png ... 
2026-03-02 07:42:06 +0000  223 bytes for ./GoogleMaps.bundle/GMSCoreResources.bundle/road_32-8.png
2026-03-02 07:42:06 +0000  copying file ./GoogleMaps.bundle/GMSCoreResources.bundle/lv.lproj/GMSCore.strings ... 
2026-03-02 07:42:06 +0000  4617 bytes for ./GoogleMaps.bundle/GMSCoreResources.bundle/lv.lproj/GMSCore.strings
2026-03-02 07:42:06 +0000  copying file ./GoogleMaps.bundle/GMSCoreResources.bundle/lt.lproj/GMSCore.strings ... 
2026-03-02 07:42:06 +0000  4321 bytes for ./GoogleMaps.bundle/GMSCoreResources.bundle/lt.lproj/GMSCore.strings
2026-03-02 07:42:06 +0000  copying file ./GoogleMaps.bundle/GMSCoreResources.bundle/ru.lproj/GMSCore.strings ... 
2026-03-02 07:42:06 +0000  4771 bytes for ./GoogleMaps.bundle/GMSCoreResources.bundle/ru.lproj/GMSCore.strings
2026-03-02 07:42:06 +0000  copying file ./GoogleMaps.bundle/GMSCoreResources.bundle/GMSShaders.metallib ... 
2026-03-02 07:42:06 +0000  208068 bytes for ./GoogleMaps.bundle/GMSCoreResources.bundle/GMSShaders.metallib
2026-03-02 07:42:06 +0000  copying file ./GoogleMaps.bundle/GMSCoreResources.bundle/polyline_colors_texture_dim.png ... 
2026-03-02 07:42:06 +0000  7485 bytes for ./GoogleMaps.bundle/GMSCoreResources.bundle/polyline_colors_texture_dim.png
2026-03-02 07:42:06 +0000  copying file ./GoogleMaps.bundle/GMSCoreResources.bundle/ic_covid_checkpoint_waypoint_alert_32pt@3x.png ... 
2026-03-02 07:42:06 +0000  1826 bytes for ./GoogleMaps.bundle/GMSCoreResources.bundle/ic_covid_checkpoint_waypoint_alert_32pt@3x.png
2026-03-02 07:42:06 +0000  copying file ./GoogleMaps.bundle/GMSCoreResources.bundle/ic_closed_place_waypoint_alert_night_32pt.png ... 
2026-03-02 07:42:06 +0000  435 bytes for ./GoogleMaps.bundle/GMSCoreResources.bundle/ic_closed_place_waypoint_alert_night_32pt.png
2026-03-02 07:42:06 +0000  copying file ./GoogleMaps.bundle/GMSCoreResources.bundle/fr_CA.lproj/GMSCore.strings ... 
2026-03-02 07:42:06 +0000  4335 bytes for ./GoogleMaps.bundle/GMSCoreResources.bundle/fr_CA.lproj/GMSCore.strings
2026-03-02 07:42:06 +0000  copying file ./GoogleMaps.bundle/GMSCoreResources.bundle/ic_covid_checkpoint_waypoint_alert_night_32pt@3x.png ... 
2026-03-02 07:42:06 +0000  1841 bytes for ./GoogleMaps.bundle/GMSCoreResources.bundle/ic_covid_checkpoint_waypoint_alert_night_32pt@3x.png
2026-03-02 07:42:06 +0000  copying file ./GoogleMaps.bundle/GMSCoreResources.bundle/ic_compass_needle_32pt@2x.png ... 
2026-03-02 07:42:06 +0000  1360 bytes for ./GoogleMaps.bundle/GMSCoreResources.bundle/ic_compass_needle_32pt@2x.png
2026-03-02 07:42:06 +0000  copying file ./GoogleMaps.bundle/GMSCoreResources.bundle/road_128-32.png ... 
2026-03-02 07:42:06 +0000  1029 bytes for ./GoogleMaps.bundle/GMSCoreResources.bundle/road_128-32.png
2026-03-02 07:42:06 +0000  copying file ./GoogleMaps.bundle/GMSCoreResources.bundle/ic_covid_medical_waypoint_alert_32pt.png ... 
2026-03-02 07:42:06 +0000  441 bytes for ./GoogleMaps.bundle/GMSCoreResources.bundle/ic_covid_medical_waypoint_alert_32pt.png
2026-03-02 07:42:06 +0000  copying file ./GoogleMaps.bundle/GMSCoreResources.bundle/fr.lproj/GMSCore.strings ... 
2026-03-02 07:42:06 +0000  4633 bytes for ./GoogleMaps.bundle/GMSCoreResources.bundle/fr.lproj/GMSCore.strings
2026-03-02 07:42:06 +0000  copying file ./GoogleMaps.bundle/GMSCoreResources.bundle/fi.lproj/GMSCore.strings ... 
2026-03-02 07:42:06 +0000  4286 bytes for ./GoogleMaps.bundle/GMSCoreResources.bundle/fi.lproj/GMSCore.strings
2026-03-02 07:42:06 +0000  copying file ./GoogleMaps.bundle/GMSCoreResources.bundle/id.lproj/GMSCore.strings ... 
2026-03-02 07:42:06 +0000  3954 bytes for ./GoogleMaps.bundle/GMSCoreResources.bundle/id.lproj/GMSCore.strings
2026-03-02 07:42:06 +0000  copying file ./GoogleMaps.bundle/GMSCoreResources.bundle/nl.lproj/GMSCore.strings ... 
2026-03-02 07:42:06 +0000  4144 bytes for ./GoogleMaps.bundle/GMSCoreResources.bundle/nl.lproj/GMSCore.strings
2026-03-02 07:42:06 +0000  copying file ./GoogleMaps.bundle/GMSCoreResources.bundle/th.lproj/GMSCore.strings ... 
2026-03-02 07:42:06 +0000  4157 bytes for ./GoogleMaps.bundle/GMSCoreResources.bundle/th.lproj/GMSCore.strings
2026-03-02 07:42:06 +0000  copying file ./GoogleMaps.bundle/GMSCoreResources.bundle/ic_covid_medical_waypoint_alert_night_32pt@3x.png ... 
2026-03-02 07:42:06 +0000  1066 bytes for ./GoogleMaps.bundle/GMSCoreResources.bundle/ic_covid_medical_waypoint_alert_night_32pt@3x.png
2026-03-02 07:42:06 +0000  copying file ./GoogleMaps.bundle/GMSCoreResources.bundle/road_64-16.png ... 
2026-03-02 07:42:06 +0000  425 bytes for ./GoogleMaps.bundle/GMSCoreResources.bundle/road_64-16.png
2026-03-02 07:42:06 +0000  copying file ./GoogleMaps.bundle/GMSCoreResources.bundle/GMSSprites-0-3x.png ... 
2026-03-02 07:42:06 +0000  61437 bytes for ./GoogleMaps.bundle/GMSCoreResources.bundle/GMSSprites-0-3x.png
2026-03-02 07:42:06 +0000  copying file ./GoogleMaps.bundle/GMSCoreResources.bundle/polyline_colors_texture.png ... 
2026-03-02 07:42:06 +0000  7433 bytes for ./GoogleMaps.bundle/GMSCoreResources.bundle/polyline_colors_texture.png
2026-03-02 07:42:06 +0000  copying file ./GoogleMaps.bundle/GMSCoreResources.bundle/ic_compass_needle.png ... 
2026-03-02 07:42:06 +0000  483 bytes for ./GoogleMaps.bundle/GMSCoreResources.bundle/ic_compass_needle.png
2026-03-02 07:42:06 +0000  copying file ./GoogleMaps.bundle/GMSCoreResources.bundle/pt.lproj/GMSCore.strings ... 
2026-03-02 07:42:06 +0000  4388 bytes for ./GoogleMaps.bundle/GMSCoreResources.bundle/pt.lproj/GMSCore.strings
2026-03-02 07:42:06 +0000  copying file ./GoogleMaps.bundle/GMSCoreResources.bundle/GMSShadersSim.metallib ... 
2026-03-02 07:42:06 +0000  209124 bytes for ./GoogleMaps.bundle/GMSCoreResources.bundle/GMSShadersSim.metallib
2026-03-02 07:42:06 +0000  copying file ./GoogleMaps.bundle/GMSCoreResources.bundle/ic_covid_border_waypoint_alert_32pt@2x.png ... 
2026-03-02 07:42:06 +0000  1012 bytes for ./GoogleMaps.bundle/GMSCoreResources.bundle/ic_covid_border_waypoint_alert_32pt@2x.png
2026-03-02 07:42:06 +0000  copying file ./GoogleMaps.bundle/GMSCoreResources.bundle/ic_closed_place_waypoint_alert_night_32pt@2x.png ... 
2026-03-02 07:42:06 +0000  1069 bytes for ./GoogleMaps.bundle/GMSCoreResources.bundle/ic_closed_place_waypoint_alert_night_32pt@2x.png
2026-03-02 07:42:06 +0000  copying file ./GoogleMaps.bundle/GMSCoreResources.bundle/road_1-1.png ... 
2026-03-02 07:42:06 +0000  95 bytes for ./GoogleMaps.bundle/GMSCoreResources.bundle/road_1-1.png
2026-03-02 07:42:06 +0000  copying file ./GoogleMaps.bundle/GMSCoreResources.bundle/ic_location_off.png ... 
2026-03-02 07:42:06 +0000  498 bytes for ./GoogleMaps.bundle/GMSCoreResources.bundle/ic_location_off.png
2026-03-02 07:42:06 +0000  copying file ./GoogleMaps.bundle/GMSCoreResources.bundle/ic_covid_border_waypoint_alert_32pt@3x.png ... 
2026-03-02 07:42:06 +0000  1353 bytes for ./GoogleMaps.bundle/GMSCoreResources.bundle/ic_covid_border_waypoint_alert_32pt@3x.png
2026-03-02 07:42:06 +0000  copying file ./GoogleMaps.bundle/GMSCoreResources.bundle/ic_closed_place_waypoint_alert_night_32pt@3x.png ... 
2026-03-02 07:42:06 +0000  1472 bytes for ./GoogleMaps.bundle/GMSCoreResources.bundle/ic_closed_place_waypoint_alert_night_32pt@3x.png
2026-03-02 07:42:06 +0000  copying file ./GoogleMaps.bundle/GMSCoreResources.bundle/ro.lproj/GMSCore.strings ... 
2026-03-02 07:42:06 +0000  4491 bytes for ./GoogleMaps.bundle/GMSCoreResources.bundle/ro.lproj/GMSCore.strings
2026-03-02 07:42:06 +0000  copying file ./GoogleMaps.bundle/GMSCoreResources.bundle/Info.plist ... 
2026-03-02 07:42:06 +0000  364 bytes for ./GoogleMaps.bundle/GMSCoreResources.bundle/Info.plist
2026-03-02 07:42:06 +0000  copying file ./GoogleMaps.bundle/GMSCoreResources.bundle/GMSSprites-0-2x.png ... 
2026-03-02 07:42:06 +0000  40485 bytes for ./GoogleMaps.bundle/GMSCoreResources.bundle/GMSSprites-0-2x.png
2026-03-02 07:42:06 +0000  copying file ./GoogleMaps.bundle/GMSCoreResources.bundle/ic_covid_medical_waypoint_alert_night_32pt.png ... 
2026-03-02 07:42:06 +0000  382 bytes for ./GoogleMaps.bundle/GMSCoreResources.bundle/ic_covid_medical_waypoint_alert_night_32pt.png
2026-03-02 07:42:06 +0000  copying file ./GoogleMaps.bundle/GMSCoreResources.bundle/ic_covid_checkpoint_waypoint_alert_32pt.png ... 
2026-03-02 07:42:06 +0000  601 bytes for ./GoogleMaps.bundle/GMSCoreResources.bundle/ic_covid_checkpoint_waypoint_alert_32pt.png
2026-03-02 07:42:06 +0000  copying file ./GoogleMaps.bundle/GMSCoreResources.bundle/ic_covid_medical_waypoint_alert_night_32pt@2x.png ... 
2026-03-02 07:42:06 +0000  825 bytes for ./GoogleMaps.bundle/GMSCoreResources.bundle/ic_covid_medical_waypoint_alert_night_32pt@2x.png
2026-03-02 07:42:06 +0000  copying file ./GoogleMaps.bundle/GMSCoreResources.bundle/button_compass_night@2x.png ... 
2026-03-02 07:42:06 +0000  2221 bytes for ./GoogleMaps.bundle/GMSCoreResources.bundle/button_compass_night@2x.png
2026-03-02 07:42:06 +0000  copying file ./GoogleMaps.bundle/GMSCoreResources.bundle/button_compass@2x.png ... 
2026-03-02 07:42:06 +0000  2560 bytes for ./GoogleMaps.bundle/GMSCoreResources.bundle/button_compass@2x.png
2026-03-02 07:42:06 +0000  copying file ./GoogleMaps.bundle/GMSCoreResources.bundle/hr.lproj/GMSCore.strings ... 
2026-03-02 07:42:06 +0000  4264 bytes for ./GoogleMaps.bundle/GMSCoreResources.bundle/hr.lproj/GMSCore.strings
2026-03-02 07:42:06 +0000  copying file ./GoogleMaps.bundle/GMSCoreResources.bundle/hi.lproj/GMSCore.strings ... 
2026-03-02 07:42:06 +0000  4242 bytes for ./GoogleMaps.bundle/GMSCoreResources.bundle/hi.lproj/GMSCore.strings
2026-03-02 07:42:06 +0000  copying file ./GoogleMaps.bundle/GMSCoreResources.bundle/ca.lproj/GMSCore.strings ... 
2026-03-02 07:42:06 +0000  4274 bytes for ./GoogleMaps.bundle/GMSCoreResources.bundle/ca.lproj/GMSCore.strings
2026-03-02 07:42:06 +0000  copying file ./GoogleMaps.bundle/GMSCoreResources.bundle/ic_compass_needle_32pt@3x.png ... 
2026-03-02 07:42:06 +0000  1962 bytes for ./GoogleMaps.bundle/GMSCoreResources.bundle/ic_compass_needle_32pt@3x.png
2026-03-02 07:42:06 +0000  copying file ./GoogleMaps.bundle/GMSCoreResources.bundle/ic_covid_checkpoint_waypoint_alert_night_32pt@2x.png ... 
2026-03-02 07:42:06 +0000  1380 bytes for ./GoogleMaps.bundle/GMSCoreResources.bundle/ic_covid_checkpoint_waypoint_alert_night_32pt@2x.png
2026-03-02 07:42:06 +0000  copying file ./GoogleMaps.bundle/ic_error@3x.png ... 
2026-03-02 07:42:06 +0000  743 bytes for ./GoogleMaps.bundle/ic_error@3x.png
2026-03-02 07:42:06 +0000  copying file ./GoogleMaps.bundle/oss_licenses_maps.txt.gz ... 
2026-03-02 07:42:06 +0000  194333 bytes for ./GoogleMaps.bundle/oss_licenses_maps.txt.gz
2026-03-02 07:42:06 +0000  copying file ./GoogleMaps.bundle/Assets.car ... 
2026-03-02 07:42:06 +0000  43823 bytes for ./GoogleMaps.bundle/Assets.car
2026-03-02 07:42:06 +0000  copying file ./GoogleMaps.bundle/bubble_right.png ... 
2026-03-02 07:42:06 +0000  455 bytes for ./GoogleMaps.bundle/bubble_right.png
2026-03-02 07:42:06 +0000  copying file ./GoogleMaps.bundle/ic_error@2x.png ... 
2026-03-02 07:42:06 +0000  454 bytes for ./GoogleMaps.bundle/ic_error@2x.png
2026-03-02 07:42:06 +0000  copying file ./GoogleMaps.bundle/GMSCacheStorage.momd/Storage.mom ... 
2026-03-02 07:42:06 +0000  4696 bytes for ./GoogleMaps.bundle/GMSCacheStorage.momd/Storage.mom
2026-03-02 07:42:06 +0000  copying file ./GoogleMaps.bundle/GMSCacheStorage.momd/VersionInfo.plist ... 
2026-03-02 07:42:06 +0000  1197 bytes for ./GoogleMaps.bundle/GMSCacheStorage.momd/VersionInfo.plist
2026-03-02 07:42:06 +0000  copying file ./GoogleMaps.bundle/GMSCacheStorage.momd/StorageWithTileProto.mom ... 
2026-03-02 07:42:06 +0000  5292 bytes for ./GoogleMaps.bundle/GMSCacheStorage.momd/StorageWithTileProto.mom
2026-03-02 07:42:06 +0000  copying file ./GoogleMaps.bundle/GMSCacheStorage.momd/StorageWithTileVersionID.mom ... 
2026-03-02 07:42:06 +0000  4802 bytes for ./GoogleMaps.bundle/GMSCacheStorage.momd/StorageWithTileVersionID.mom
2026-03-02 07:42:06 +0000  copying file ./GoogleMaps.bundle/Info.plist ... 
2026-03-02 07:42:06 +0000  367 bytes for ./GoogleMaps.bundle/Info.plist
2026-03-02 07:42:06 +0000  copying file ./SF-Pro-Display-Regular.otf ... 
2026-03-02 07:42:06 +0000  298944 bytes for ./SF-Pro-Display-Regular.otf
2026-03-02 07:42:06 +0000  copying file ./SF-Pro-Text-MediumItalic.otf ... 
2026-03-02 07:42:06 +0000  180124 bytes for ./SF-Pro-Text-MediumItalic.otf
2026-03-02 07:42:06 +0000  copying file ./CheckListTableViewCell.nib ... 
2026-03-02 07:42:06 +0000  5626 bytes for ./CheckListTableViewCell.nib
2026-03-02 07:42:06 +0000  copying file ./SF-Pro-Display-Bold.otf ... 
2026-03-02 07:42:06 +0000  334728 bytes for ./SF-Pro-Display-Bold.otf
2026-03-02 07:42:06 +0000  copying file ./DiscountTableViewCell.nib ... 
2026-03-02 07:42:06 +0000  8150 bytes for ./DiscountTableViewCell.nib
2026-03-02 07:42:06 +0000  copying file ./DownPaymentFromCheckCollectionViewCell.nib ... 
2026-03-02 07:42:06 +0000  10662 bytes for ./DownPaymentFromCheckCollectionViewCell.nib
2026-03-02 07:42:06 +0000  copying file ./Inter-UI-BlackItalic.ttf ... 
2026-03-02 07:42:06 +0000  689772 bytes for ./Inter-UI-BlackItalic.ttf
2026-03-02 07:42:06 +0000  copying file ./TotalPriceTableViewCell.nib ... 
2026-03-02 07:42:06 +0000  7715 bytes for ./TotalPriceTableViewCell.nib
2026-03-02 07:42:06 +0000  copying file ./SF-Pro-Display-Medium.otf ... 
2026-03-02 07:42:06 +0000  335512 bytes for ./SF-Pro-Display-Medium.otf
2026-03-02 07:42:06 +0000  copying file ./L_Shape_CustomView_ToolBoxView.nib ... 
2026-03-02 07:42:06 +0000  37843 bytes for ./L_Shape_CustomView_ToolBoxView.nib
2026-03-02 07:42:06 +0000  copying file ./JobCompleationCollectionViewCell.nib ... 
2026-03-02 07:42:06 +0000  7099 bytes for ./JobCompleationCollectionViewCell.nib
2026-03-02 07:42:06 +0000  copying file ./SF-Pro-Display-Heavy.otf ... 
2026-03-02 07:42:06 +0000  335840 bytes for ./SF-Pro-Display-Heavy.otf
2026-03-02 07:42:06 +0000  copying file ./CAXSVProgressHUD.nib ... 
2026-03-02 07:42:06 +0000  5311 bytes for ./CAXSVProgressHUD.nib
2026-03-02 07:42:06 +0000  copying file ./SFUIText-Heavy.otf ... 
2026-03-02 07:42:06 +0000  224140 bytes for ./SFUIText-Heavy.otf
2026-03-02 07:42:06 +0000  copying file ./SFUIText-Regular.otf ... 
2026-03-02 07:42:06 +0000  215624 bytes for ./SFUIText-Regular.otf
2026-03-02 07:42:06 +0000  copying file ./AppointmentSummaryFirstRowTableViewCell.nib ... 
2026-03-02 07:42:06 +0000  6208 bytes for ./AppointmentSummaryFirstRowTableViewCell.nib
2026-03-02 07:42:06 +0000  copying file ./Inter-UI-BoldItalic.otf ... 
2026-03-02 07:42:06 +0000  261492 bytes for ./Inter-UI-BoldItalic.otf
2026-03-02 07:42:06 +0000  copying file ./Inter-UI-Regular.ttf ... 
2026-03-02 07:42:06 +0000  546388 bytes for ./Inter-UI-Regular.ttf
2026-03-02 07:42:06 +0000  copying file ./loading.gif ... 
2026-03-02 07:42:06 +0000  8363 bytes for ./loading.gif
2026-03-02 07:42:06 +0000  copying file ./GoogleService-Info.plist ... 
2026-03-02 07:42:06 +0000  661 bytes for ./GoogleService-Info.plist
2026-03-02 07:42:06 +0000  copying file ./SFUIText-Medium.otf ... 
2026-03-02 07:42:06 +0000  153804 bytes for ./SFUIText-Medium.otf
2026-03-02 07:42:06 +0000  copying file ./Inter-UI-Bold.otf ... 
2026-03-02 07:42:06 +0000  222924 bytes for ./Inter-UI-Bold.otf
2026-03-02 07:42:06 +0000  copying file ./Base.lproj/Main.storyboardc/eCW-6w-O7E-view-x0e-t4-JDY.nib ... 
2026-03-02 07:42:06 +0000  50377 bytes for ./Base.lproj/Main.storyboardc/eCW-6w-O7E-view-x0e-t4-JDY.nib
2026-03-02 07:42:06 +0000  copying file ./Base.lproj/Main.storyboardc/J1D-kt-Kl0-view-B9j-a6-fLM.nib ... 
2026-03-02 07:42:06 +0000  10268 bytes for ./Base.lproj/Main.storyboardc/J1D-kt-Kl0-view-B9j-a6-fLM.nib
2026-03-02 07:42:06 +0000  copying file ./Base.lproj/Main.storyboardc/P3C-z5-aQV-view-ff5-hq-ocw.nib ... 
2026-03-02 07:42:06 +0000  15471 bytes for ./Base.lproj/Main.storyboardc/P3C-z5-aQV-view-ff5-hq-ocw.nib
2026-03-02 07:42:06 +0000  copying file ./Base.lproj/Main.storyboardc/InstallerSuccessViewController.nib ... 
2026-03-02 07:42:06 +0000  1078 bytes for ./Base.lproj/Main.storyboardc/InstallerSuccessViewController.nib
2026-03-02 07:42:06 +0000  copying file ./Base.lproj/Main.storyboardc/ojv-5a-6Dj-view-QiO-rP-Bef.nib ... 
2026-03-02 07:42:06 +0000  12807 bytes for ./Base.lproj/Main.storyboardc/ojv-5a-6Dj-view-QiO-rP-Bef.nib
2026-03-02 07:42:06 +0000  copying file ./Base.lproj/Main.storyboardc/ImageViewAndRemoveViewController.nib ... 
2026-03-02 07:42:06 +0000  1183 bytes for ./Base.lproj/Main.storyboardc/ImageViewAndRemoveViewController.nib
2026-03-02 07:42:06 +0000  copying file ./Base.lproj/Main.storyboardc/yq8-e1-Wse-view-czw-PR-eCE.nib ... 
2026-03-02 07:42:06 +0000  15361 bytes for ./Base.lproj/Main.storyboardc/yq8-e1-Wse-view-czw-PR-eCE.nib
2026-03-02 07:42:06 +0000  copying file ./Base.lproj/Main.storyboardc/CancellationPolicyViewController.nib ... 
2026-03-02 07:42:06 +0000  1082 bytes for ./Base.lproj/Main.storyboardc/CancellationPolicyViewController.nib
2026-03-02 07:42:06 +0000  copying file ./Base.lproj/Main.storyboardc/AboutRoomViewController.nib ... 
2026-03-02 07:42:06 +0000  1111 bytes for ./Base.lproj/Main.storyboardc/AboutRoomViewController.nib
2026-03-02 07:42:06 +0000  copying file ./Base.lproj/Main.storyboardc/wCe-RM-6Uv-view-PcX-OZ-20t.nib ... 
2026-03-02 07:42:06 +0000  11645 bytes for ./Base.lproj/Main.storyboardc/wCe-RM-6Uv-view-PcX-OZ-20t.nib
2026-03-02 07:42:06 +0000  copying file ./Base.lproj/Main.storyboardc/SelectRoomCommentPopUpViewController.nib ... 
2026-03-02 07:42:06 +0000  1144 bytes for ./Base.lproj/Main.storyboardc/SelectRoomCommentPopUpViewController.nib
2026-03-02 07:42:06 +0000  copying file ./Base.lproj/Main.storyboardc/CustomeShapeViewController.nib ... 
2026-03-02 07:42:06 +0000  1072 bytes for ./Base.lproj/Main.storyboardc/CustomeShapeViewController.nib
2026-03-02 07:42:06 +0000  copying file ./Base.lproj/Main.storyboardc/PaymentDetailsViewController.nib ... 
2026-03-02 07:42:06 +0000  1076 bytes for ./Base.lproj/Main.storyboardc/PaymentDetailsViewController.nib
2026-03-02 07:42:06 +0000  copying file ./Base.lproj/Main.storyboardc/eCP-gM-t50-view-FUx-sC-PLk.nib ... 
2026-03-02 07:42:06 +0000  4176 bytes for ./Base.lproj/Main.storyboardc/eCP-gM-t50-view-FUx-sC-PLk.nib
2026-03-02 07:42:06 +0000  copying file ./Base.lproj/Main.storyboardc/CustomerDetailsTowViewController.nib ... 
2026-03-02 07:42:06 +0000  1084 bytes for ./Base.lproj/Main.storyboardc/CustomerDetailsTowViewController.nib
2026-03-02 07:42:06 +0000  copying file ./Base.lproj/Main.storyboardc/SelectAFloorViewController.nib ... 
2026-03-02 07:42:06 +0000  1072 bytes for ./Base.lproj/Main.storyboardc/SelectAFloorViewController.nib
2026-03-02 07:42:06 +0000  copying file ./Base.lproj/Main.storyboardc/FinanceViewController.nib ... 
2026-03-02 07:42:06 +0000  1060 bytes for ./Base.lproj/Main.storyboardc/FinanceViewController.nib
2026-03-02 07:42:06 +0000  copying file ./Base.lproj/Main.storyboardc/EGC-Hq-0fO-view-kgA-22-4fy.nib ... 
2026-03-02 07:42:06 +0000  6308 bytes for ./Base.lproj/Main.storyboardc/EGC-Hq-0fO-view-kgA-22-4fy.nib
2026-03-02 07:42:06 +0000  copying file ./Base.lproj/Main.storyboardc/S1d-GU-090-view-JLK-kY-zzt.nib ... 
2026-03-02 07:42:06 +0000  22517 bytes for ./Base.lproj/Main.storyboardc/S1d-GU-090-view-JLK-kY-zzt.nib
2026-03-02 07:42:06 +0000  copying file ./Base.lproj/Main.storyboardc/UpdateCustomerDetailsTowViewController.nib ... 
2026-03-02 07:42:06 +0000  1096 bytes for ./Base.lproj/Main.storyboardc/UpdateCustomerDetailsTowViewController.nib
2026-03-02 07:42:06 +0000  copying file ./Base.lproj/Main.storyboardc/RecognizerViewController.nib ... 
2026-03-02 07:42:06 +0000  1171 bytes for ./Base.lproj/Main.storyboardc/RecognizerViewController.nib
2026-03-02 07:42:06 +0000  copying file ./Base.lproj/Main.storyboardc/Tg2-pI-ran-view-eMw-uU-Ljn.nib ... 
2026-03-02 07:42:06 +0000  16649 bytes for ./Base.lproj/Main.storyboardc/Tg2-pI-ran-view-eMw-uU-Ljn.nib
2026-03-02 07:42:06 +0000  copying file ./Base.lproj/Main.storyboardc/RiX-oC-Il9-view-vgY-is-uD4.nib ... 
2026-03-02 07:42:06 +0000  7150 bytes for ./Base.lproj/Main.storyboardc/RiX-oC-Il9-view-vgY-is-uD4.nib
2026-03-02 07:42:06 +0000  copying file ./Base.lproj/Main.storyboardc/sB5-rd-ZYU-view-Kcp-v4-Eg2.nib ... 
2026-03-02 07:42:06 +0000  9969 bytes for ./Base.lproj/Main.storyboardc/sB5-rd-ZYU-view-Kcp-v4-Eg2.nib
2026-03-02 07:42:06 +0000  copying file ./Base.lproj/Main.storyboardc/gVT-CI-E9S-view-tgV-RJ-xvq.nib ... 
2026-03-02 07:42:06 +0000  9444 bytes for ./Base.lproj/Main.storyboardc/gVT-CI-E9S-view-tgV-RJ-xvq.nib
2026-03-02 07:42:06 +0000  copying file ./Base.lproj/Main.storyboardc/hpy-NO-eOZ-view-cGX-co-eC1.nib ... 
2026-03-02 07:42:06 +0000  5405 bytes for ./Base.lproj/Main.storyboardc/hpy-NO-eOZ-view-cGX-co-eC1.nib
2026-03-02 07:42:06 +0000  copying file ./Base.lproj/Main.storyboardc/CustomerListViewController.nib ... 
2026-03-02 07:42:06 +0000  1072 bytes for ./Base.lproj/Main.storyboardc/CustomerListViewController.nib
2026-03-02 07:42:06 +0000  copying file ./Base.lproj/Main.storyboardc/PJE-eJ-MNy-view-ASJ-wg-Fg7.nib ... 
2026-03-02 07:42:06 +0000  5386 bytes for ./Base.lproj/Main.storyboardc/PJE-eJ-MNy-view-ASJ-wg-Fg7.nib
2026-03-02 07:42:06 +0000  copying file ./Base.lproj/Main.storyboardc/mlb-Rk-2gw-view-pQe-hN-uX4.nib ... 
2026-03-02 07:42:06 +0000  27066 bytes for ./Base.lproj/Main.storyboardc/mlb-Rk-2gw-view-pQe-hN-uX4.nib
2026-03-02 07:42:06 +0000  copying file ./Base.lproj/Main.storyboardc/Q3y-rd-Ccd-view-P3w-sL-ptj.nib ... 
2026-03-02 07:42:06 +0000  41286 bytes for ./Base.lproj/Main.storyboardc/Q3y-rd-Ccd-view-P3w-sL-ptj.nib
2026-03-02 07:42:06 +0000  copying file ./Base.lproj/Main.storyboardc/afO-53-um5-view-ol7-Wz-DKz.nib ... 
2026-03-02 07:42:06 +0000  37497 bytes for ./Base.lproj/Main.storyboardc/afO-53-um5-view-ol7-Wz-DKz.nib
2026-03-02 07:42:06 +0000  copying file ./Base.lproj/Main.storyboardc/ContactCommentPopUpViewController.nib ... 
2026-03-02 07:42:06 +0000  1140 bytes for ./Base.lproj/Main.storyboardc/ContactCommentPopUpViewController.nib
2026-03-02 07:42:06 +0000  copying file ./Base.lproj/Main.storyboardc/DynamicContractViewController.nib ... 
2026-03-02 07:42:06 +0000  1076 bytes for ./Base.lproj/Main.storyboardc/DynamicContractViewController.nib
2026-03-02 07:42:06 +0000  copying file ./Base.lproj/Main.storyboardc/bME-NP-Wty-view-Rlg-sm-mqp.nib ... 
2026-03-02 07:42:06 +0000  13554 bytes for ./Base.lproj/Main.storyboardc/bME-NP-Wty-view-Rlg-sm-mqp.nib
2026-03-02 07:42:06 +0000  copying file ./Base.lproj/Main.storyboardc/UED-rM-1WK-view-Yb4-Uc-2Zt.nib ... 
2026-03-02 07:42:06 +0000  14634 bytes for ./Base.lproj/Main.storyboardc/UED-rM-1WK-view-Yb4-Uc-2Zt.nib
2026-03-02 07:42:06 +0000  copying file ./Base.lproj/Main.storyboardc/SignViewController.nib ... 
2026-03-02 07:42:06 +0000  1110 bytes for ./Base.lproj/Main.storyboardc/SignViewController.nib
2026-03-02 07:42:06 +0000  copying file ./Base.lproj/Main.storyboardc/VersatileViewController.nib ... 
2026-03-02 07:42:06 +0000  1064 bytes for ./Base.lproj/Main.storyboardc/VersatileViewController.nib
2026-03-02 07:42:06 +0000  copying file ./Base.lproj/Main.storyboardc/DownFinalPaymentViewController.nib ... 
2026-03-02 07:42:06 +0000  1080 bytes for ./Base.lproj/Main.storyboardc/DownFinalPaymentViewController.nib
2026-03-02 07:42:06 +0000  copying file ./Base.lproj/Main.storyboardc/RejectViewControllerViewController.nib ... 
2026-03-02 07:42:06 +0000  1088 bytes for ./Base.lproj/Main.storyboardc/RejectViewControllerViewController.nib
2026-03-02 07:42:06 +0000  copying file ./Base.lproj/Main.storyboardc/WebViewViewController.nib ... 
2026-03-02 07:42:06 +0000  1062 bytes for ./Base.lproj/Main.storyboardc/WebViewViewController.nib
2026-03-02 07:42:06 +0000  copying file ./Base.lproj/Main.storyboardc/CustomerDetailsOneViewController.nib ... 
2026-03-02 07:42:06 +0000  1084 bytes for ./Base.lproj/Main.storyboardc/CustomerDetailsOneViewController.nib
2026-03-02 07:42:06 +0000  copying file ./Base.lproj/Main.storyboardc/IaL-wI-Xnz-view-NGA-ae-GTw.nib ... 
2026-03-02 07:42:06 +0000  4969 bytes for ./Base.lproj/Main.storyboardc/IaL-wI-Xnz-view-NGA-ae-GTw.nib
2026-03-02 07:42:06 +0000  copying file ./Base.lproj/Main.storyboardc/SuccessFullPaymentViewController.nib ... 
2026-03-02 07:42:06 +0000  1084 bytes for ./Base.lproj/Main.storyboardc/SuccessFullPaymentViewController.nib
2026-03-02 07:42:06 +0000  copying file ./Base.lproj/Main.storyboardc/Cq4-oa-e8R-view-tTm-Jl-BwQ.nib ... 
2026-03-02 07:42:06 +0000  22596 bytes for ./Base.lproj/Main.storyboardc/Cq4-oa-e8R-view-tTm-Jl-BwQ.nib
2026-03-02 07:42:06 +0000  copying file ./Base.lproj/Main.storyboardc/JrJ-vr-3Tv-view-Vbi-9Q-Re1.nib ... 
2026-03-02 07:42:06 +0000  11503 bytes for ./Base.lproj/Main.storyboardc/JrJ-vr-3Tv-view-Vbi-9Q-Re1.nib
2026-03-02 07:42:06 +0000  copying file ./Base.lproj/Main.storyboardc/VS0-x5-fcr-view-QiR-EF-R8B.nib ... 
2026-03-02 07:42:06 +0000  8054 bytes for ./Base.lproj/Main.storyboardc/VS0-x5-fcr-view-QiR-EF-R8B.nib
2026-03-02 07:42:06 +0000  copying file ./Base.lproj/Main.storyboardc/AddressEntryViewController.nib ... 
2026-03-02 07:42:06 +0000  1126 bytes for ./Base.lproj/Main.storyboardc/AddressEntryViewController.nib
2026-03-02 07:42:06 +0000  copying file ./Base.lproj/Main.storyboardc/ApplicantFormViewController.nib ... 
2026-03-02 07:42:06 +0000  1076 bytes for ./Base.lproj/Main.storyboardc/ApplicantFormViewController.nib
2026-03-02 07:42:06 +0000  copying file ./Base.lproj/Main.storyboardc/SelectionViewController.nib ... 
2026-03-02 07:42:06 +0000  1066 bytes for ./Base.lproj/Main.storyboardc/SelectionViewController.nib
2026-03-02 07:42:06 +0000  copying file ./Base.lproj/Main.storyboardc/Dhy-ec-63V-view-3nm-Am-Zt4.nib ... 
2026-03-02 07:42:06 +0000  18261 bytes for ./Base.lproj/Main.storyboardc/Dhy-ec-63V-view-3nm-Am-Zt4.nib
2026-03-02 07:42:06 +0000  copying file ./Base.lproj/Main.storyboardc/zyx-d4-Ery-view-bLs-C1-6ud.nib ... 
2026-03-02 07:42:06 +0000  22437 bytes for ./Base.lproj/Main.storyboardc/zyx-d4-Ery-view-bLs-C1-6ud.nib
2026-03-02 07:42:06 +0000  copying file ./Base.lproj/Main.storyboardc/D1e-6O-qjC-view-6Jg-4t-etV.nib ... 
2026-03-02 07:42:06 +0000  8423 bytes for ./Base.lproj/Main.storyboardc/D1e-6O-qjC-view-6Jg-4t-etV.nib
2026-03-02 07:42:06 +0000  copying file ./Base.lproj/Main.storyboardc/OtherIncomeViewControllerForm.nib ... 
2026-03-02 07:42:06 +0000  1078 bytes for ./Base.lproj/Main.storyboardc/OtherIncomeViewControllerForm.nib
2026-03-02 07:42:06 +0000  copying file ./Base.lproj/Main.storyboardc/TeK-fB-O8N-view-2rR-XM-crp.nib ... 
2026-03-02 07:42:06 +0000  3126 bytes for ./Base.lproj/Main.storyboardc/TeK-fB-O8N-view-2rR-XM-crp.nib
2026-03-02 07:42:06 +0000  copying file ./Base.lproj/Main.storyboardc/SelectARoomViewController.nib ... 
2026-03-02 07:42:06 +0000  1070 bytes for ./Base.lproj/Main.storyboardc/SelectARoomViewController.nib
2026-03-02 07:42:06 +0000  copying file ./Base.lproj/Main.storyboardc/UpdateCustomerDetailsOneViewController.nib ... 
2026-03-02 07:42:06 +0000  1096 bytes for ./Base.lproj/Main.storyboardc/UpdateCustomerDetailsOneViewController.nib
2026-03-02 07:42:06 +0000  copying file ./Base.lproj/Main.storyboardc/InstallerShedulerViewController.nib ... 
2026-03-02 07:42:06 +0000  1080 bytes for ./Base.lproj/Main.storyboardc/InstallerShedulerViewController.nib
2026-03-02 07:42:06 +0000  copying file ./Base.lproj/Main.storyboardc/SpalshScreenViewController.nib ... 
2026-03-02 07:42:06 +0000  1175 bytes for ./Base.lproj/Main.storyboardc/SpalshScreenViewController.nib
2026-03-02 07:42:06 +0000  copying file ./Base.lproj/Main.storyboardc/PromoPopUpViewControllerNew.nib ... 
2026-03-02 07:42:06 +0000  1128 bytes for ./Base.lproj/Main.storyboardc/PromoPopUpViewControllerNew.nib
2026-03-02 07:42:06 +0000  copying file ./Base.lproj/Main.storyboardc/af7-wB-hwd-view-cZV-ZY-cQ6.nib ... 
2026-03-02 07:42:06 +0000  59437 bytes for ./Base.lproj/Main.storyboardc/af7-wB-hwd-view-cZV-ZY-cQ6.nib
2026-03-02 07:42:06 +0000  copying file ./Base.lproj/Main.storyboardc/PaymentOptionsNewViewController.nib ... 
2026-03-02 07:42:06 +0000  1082 bytes for ./Base.lproj/Main.storyboardc/PaymentOptionsNewViewController.nib
2026-03-02 07:42:06 +0000  copying file ./Base.lproj/Main.storyboardc/PromoPopUpViewController.nib ... 
2026-03-02 07:42:06 +0000  1122 bytes for ./Base.lproj/Main.storyboardc/PromoPopUpViewController.nib
2026-03-02 07:42:06 +0000  copying file ./Base.lproj/Main.storyboardc/hwE-7Q-Lwi-view-byi-ox-JKG.nib ... 
2026-03-02 07:42:06 +0000  18103 bytes for ./Base.lproj/Main.storyboardc/hwE-7Q-Lwi-view-byi-ox-JKG.nib
2026-03-02 07:42:06 +0000  copying file ./Base.lproj/Main.storyboardc/831-V5-lGe-view-hYd-c0-d1X.nib ... 
2026-03-02 07:42:06 +0000  4828 bytes for ./Base.lproj/Main.storyboardc/831-V5-lGe-view-hYd-c0-d1X.nib
2026-03-02 07:42:06 +0000  copying file ./Base.lproj/Main.storyboardc/L_Shape_ViewController.nib ... 
2026-03-02 07:42:06 +0000  1064 bytes for ./Base.lproj/Main.storyboardc/L_Shape_ViewController.nib
2026-03-02 07:42:06 +0000  copying file ./Base.lproj/Main.storyboardc/lWK-UB-l4U-view-e8K-xd-MwH.nib ... 
2026-03-02 07:42:06 +0000  79889 bytes for ./Base.lproj/Main.storyboardc/lWK-UB-l4U-view-e8K-xd-MwH.nib
2026-03-02 07:42:06 +0000  copying file ./Base.lproj/Main.storyboardc/miL-Ug-c99-view-XpM-5C-jR1.nib ... 
2026-03-02 07:42:06 +0000  15364 bytes for ./Base.lproj/Main.storyboardc/miL-Ug-c99-view-XpM-5C-jR1.nib
2026-03-02 07:42:06 +0000  copying file ./Base.lproj/Main.storyboardc/L_Shape_Value_Collection_ViewController.nib ... 
2026-03-02 07:42:06 +0000  1098 bytes for ./Base.lproj/Main.storyboardc/L_Shape_Value_Collection_ViewController.nib
2026-03-02 07:42:06 +0000  copying file ./Base.lproj/Main.storyboardc/nYP-qW-C6z-view-ANC-RU-RFO.nib ... 
2026-03-02 07:42:06 +0000  61447 bytes for ./Base.lproj/Main.storyboardc/nYP-qW-C6z-view-ANC-RU-RFO.nib
2026-03-02 07:42:06 +0000  copying file ./Base.lproj/Main.storyboardc/OrderStatusViewController.nib ... 
2026-03-02 07:42:06 +0000  1124 bytes for ./Base.lproj/Main.storyboardc/OrderStatusViewController.nib
2026-03-02 07:42:06 +0000  copying file ./Base.lproj/Main.storyboardc/CoApplicantFormViewController.nib ... 
2026-03-02 07:42:06 +0000  1078 bytes for ./Base.lproj/Main.storyboardc/CoApplicantFormViewController.nib
2026-03-02 07:42:06 +0000  copying file ./Base.lproj/Main.storyboardc/ViewLodDetailsViewController.nib ... 
2026-03-02 07:42:06 +0000  1121 bytes for ./Base.lproj/Main.storyboardc/ViewLodDetailsViewController.nib
2026-03-02 07:42:06 +0000  copying file ./Base.lproj/Main.storyboardc/SummeryListViewController.nib ... 
2026-03-02 07:42:06 +0000  1101 bytes for ./Base.lproj/Main.storyboardc/SummeryListViewController.nib
2026-03-02 07:42:06 +0000  copying file ./Base.lproj/Main.storyboardc/SignatureSubmitViewController.nib ... 
2026-03-02 07:42:06 +0000  1078 bytes for ./Base.lproj/Main.storyboardc/SignatureSubmitViewController.nib
2026-03-02 07:42:06 +0000  copying file ./Base.lproj/Main.storyboardc/OtherIncomeViewController.nib ... 
2026-03-02 07:42:06 +0000  1070 bytes for ./Base.lproj/Main.storyboardc/OtherIncomeViewController.nib
2026-03-02 07:42:06 +0000  copying file ./Base.lproj/Main.storyboardc/QRCodeScannerViewController.nib ... 
2026-03-02 07:42:06 +0000  1072 bytes for ./Base.lproj/Main.storyboardc/QRCodeScannerViewController.nib
2026-03-02 07:42:06 +0000  copying file ./Base.lproj/Main.storyboardc/SelectTilesViewController.nib ... 
2026-03-02 07:42:06 +0000  1070 bytes for ./Base.lproj/Main.storyboardc/SelectTilesViewController.nib
2026-03-02 07:42:06 +0000  copying file ./Base.lproj/Main.storyboardc/Re2-dO-RiW-view-uxq-Ht-vmV.nib ... 
2026-03-02 07:42:06 +0000  4167 bytes for ./Base.lproj/Main.storyboardc/Re2-dO-RiW-view-uxq-Ht-vmV.nib
2026-03-02 07:42:06 +0000  copying file ./Base.lproj/Main.storyboardc/kbo-Pn-CLB-view-MOQ-RQ-rKP.nib ... 
2026-03-02 07:42:06 +0000  10486 bytes for ./Base.lproj/Main.storyboardc/kbo-Pn-CLB-view-MOQ-RQ-rKP.nib
2026-03-02 07:42:06 +0000  copying file ./Base.lproj/Main.storyboardc/DestinationMotivationViewController.nib ... 
2026-03-02 07:42:06 +0000  1088 bytes for ./Base.lproj/Main.storyboardc/DestinationMotivationViewController.nib
2026-03-02 07:42:06 +0000  copying file ./Base.lproj/Main.storyboardc/E8K-4w-fLw-view-n4h-ca-27G.nib ... 
2026-03-02 07:42:06 +0000  40138 bytes for ./Base.lproj/Main.storyboardc/E8K-4w-fLw-view-n4h-ca-27G.nib
2026-03-02 07:42:06 +0000  copying file ./Base.lproj/Main.storyboardc/9sh-IN-UTi-view-gqA-qp-No3.nib ... 
2026-03-02 07:42:06 +0000  28373 bytes for ./Base.lproj/Main.storyboardc/9sh-IN-UTi-view-gqA-qp-No3.nib
2026-03-02 07:42:06 +0000  copying file ./Base.lproj/Main.storyboardc/LoginViewController.nib ... 
2026-03-02 07:42:06 +0000  1058 bytes for ./Base.lproj/Main.storyboardc/LoginViewController.nib
2026-03-02 07:42:06 +0000  copying file ./Base.lproj/Main.storyboardc/tZQ-7Z-gvM-view-uWi-2m-SfO.nib ... 
2026-03-02 07:42:06 +0000  6631 bytes for ./Base.lproj/Main.storyboardc/tZQ-7Z-gvM-view-uWi-2m-SfO.nib
2026-03-02 07:42:06 +0000  copying file ./Base.lproj/Main.storyboardc/DownPaymentViewController.nib ... 
2026-03-02 07:42:06 +0000  1070 bytes for ./Base.lproj/Main.storyboardc/DownPaymentViewController.nib
2026-03-02 07:42:06 +0000  copying file ./Base.lproj/Main.storyboardc/2ZD-JK-XJk-view-Pvd-PG-9I8.nib ... 
2026-03-02 07:42:06 +0000  22578 bytes for ./Base.lproj/Main.storyboardc/2ZD-JK-XJk-view-Pvd-PG-9I8.nib
2026-03-02 07:42:06 +0000  copying file ./Base.lproj/Main.storyboardc/ImportentAgreementViewController.nib ... 
2026-03-02 07:42:06 +0000  1138 bytes for ./Base.lproj/Main.storyboardc/ImportentAgreementViewController.nib
2026-03-02 07:42:06 +0000  copying file ./Base.lproj/Main.storyboardc/Vpt-Kb-nJi-view-7ZE-CD-n2D.nib ... 
2026-03-02 07:42:06 +0000  22666 bytes for ./Base.lproj/Main.storyboardc/Vpt-Kb-nJi-view-7ZE-CD-n2D.nib
2026-03-02 07:42:06 +0000  copying file ./Base.lproj/Main.storyboardc/TT0-xu-yQb-view-CKQ-Le-lAm.nib ... 
2026-03-02 07:42:06 +0000  2950 bytes for ./Base.lproj/Main.storyboardc/TT0-xu-yQb-view-CKQ-Le-lAm.nib
2026-03-02 07:42:06 +0000  copying file ./Base.lproj/Main.storyboardc/BdE-Su-oRH-view-Nju-VJ-dmx.nib ... 
2026-03-02 07:42:06 +0000  21658 bytes for ./Base.lproj/Main.storyboardc/BdE-Su-oRH-view-Nju-VJ-dmx.nib
2026-03-02 07:42:06 +0000  copying file ./Base.lproj/Main.storyboardc/AppointmentPaymentSummaryViewController.nib ... 
2026-03-02 07:42:06 +0000  1150 bytes for ./Base.lproj/Main.storyboardc/AppointmentPaymentSummaryViewController.nib
2026-03-02 07:42:06 +0000  copying file ./Base.lproj/Main.storyboardc/BYZ-38-t0r-view-8bC-Xf-vdC.nib ... 
2026-03-02 07:42:06 +0000  8232 bytes for ./Base.lproj/Main.storyboardc/BYZ-38-t0r-view-8bC-Xf-vdC.nib
2026-03-02 07:42:06 +0000  copying file ./Base.lproj/Main.storyboardc/FinanceOrderCheckListViewController.nib ... 
2026-03-02 07:42:06 +0000  1088 bytes for ./Base.lproj/Main.storyboardc/FinanceOrderCheckListViewController.nib
2026-03-02 07:42:06 +0000  copying file ./Base.lproj/Main.storyboardc/PaymentOptionsViewController.nib ... 
2026-03-02 07:42:06 +0000  1076 bytes for ./Base.lproj/Main.storyboardc/PaymentOptionsViewController.nib
2026-03-02 07:42:06 +0000  copying file ./Base.lproj/Main.storyboardc/wl2-p5-7wX-view-hh5-Dp-Mld.nib ... 
2026-03-02 07:42:06 +0000  12357 bytes for ./Base.lproj/Main.storyboardc/wl2-p5-7wX-view-hh5-Dp-Mld.nib
2026-03-02 07:42:06 +0000  copying file ./Base.lproj/Main.storyboardc/SpalashScreenNewViewController.nib ... 
2026-03-02 07:42:06 +0000  1144 bytes for ./Base.lproj/Main.storyboardc/SpalashScreenNewViewController.nib
2026-03-02 07:42:06 +0000  copying file ./Base.lproj/Main.storyboardc/Jhm-eL-UOs-view-4zM-BN-GIX.nib ... 
2026-03-02 07:42:06 +0000  9125 bytes for ./Base.lproj/Main.storyboardc/Jhm-eL-UOs-view-4zM-BN-GIX.nib
2026-03-02 07:42:06 +0000  copying file ./Base.lproj/Main.storyboardc/CustomerDetailsViewController.nib ... 
2026-03-02 07:42:06 +0000  1078 bytes for ./Base.lproj/Main.storyboardc/CustomerDetailsViewController.nib
2026-03-02 07:42:06 +0000  copying file ./Base.lproj/Main.storyboardc/X76-RT-l4Q-view-1WV-19-tJ2.nib ... 
2026-03-02 07:42:06 +0000  5204 bytes for ./Base.lproj/Main.storyboardc/X76-RT-l4Q-view-1WV-19-tJ2.nib
2026-03-02 07:42:06 +0000  copying file ./Base.lproj/Main.storyboardc/RoomVOWebViewViewController.nib ... 
2026-03-02 07:42:06 +0000  1074 bytes for ./Base.lproj/Main.storyboardc/RoomVOWebViewViewController.nib
2026-03-02 07:42:06 +0000  copying file ./Base.lproj/Main.storyboardc/PRT-i3-yKX-view-qaN-Rc-sqQ.nib ... 
2026-03-02 07:42:06 +0000  16699 bytes for ./Base.lproj/Main.storyboardc/PRT-i3-yKX-view-qaN-Rc-sqQ.nib
2026-03-02 07:42:06 +0000  copying file ./Base.lproj/Main.storyboardc/AppointmentSummaryViewController.nib ... 
2026-03-02 07:42:06 +0000  1082 bytes for ./Base.lproj/Main.storyboardc/AppointmentSummaryViewController.nib
2026-03-02 07:42:06 +0000  copying file ./Base.lproj/Main.storyboardc/AOh-cd-4Xy-view-oJV-Ax-3Wq.nib ... 
2026-03-02 07:42:06 +0000  9741 bytes for ./Base.lproj/Main.storyboardc/AOh-cd-4Xy-view-oJV-Ax-3Wq.nib
2026-03-02 07:42:06 +0000  copying file ./Base.lproj/Main.storyboardc/Foc-bL-OmX-view-2gG-EL-Wgb.nib ... 
2026-03-02 07:42:06 +0000  12925 bytes for ./Base.lproj/Main.storyboardc/Foc-bL-OmX-view-2gG-EL-Wgb.nib
2026-03-02 07:42:06 +0000  copying file ./Base.lproj/Main.storyboardc/FurnitureQustionsViewController.nib ... 
2026-03-02 07:42:06 +0000  1082 bytes for ./Base.lproj/Main.storyboardc/FurnitureQustionsViewController.nib
2026-03-02 07:42:06 +0000  copying file ./Base.lproj/Main.storyboardc/HEb-W5-8Jk-view-hZg-14-QRl.nib ... 
2026-03-02 07:42:06 +0000  24783 bytes for ./Base.lproj/Main.storyboardc/HEb-W5-8Jk-view-hZg-14-QRl.nib
2026-03-02 07:42:06 +0000  copying file ./Base.lproj/Main.storyboardc/PromoDropDownViewController.nib ... 
2026-03-02 07:42:06 +0000  1128 bytes for ./Base.lproj/Main.storyboardc/PromoDropDownViewController.nib
2026-03-02 07:42:06 +0000  copying file ./Base.lproj/Main.storyboardc/UpdateDownFinalPaymentViewController.nib ... 
2026-03-02 07:42:06 +0000  1092 bytes for ./Base.lproj/Main.storyboardc/UpdateDownFinalPaymentViewController.nib
2026-03-02 07:42:06 +0000  copying file ./Base.lproj/Main.storyboardc/SelectAShapeViewController.nib ... 
2026-03-02 07:42:06 +0000  1072 bytes for ./Base.lproj/Main.storyboardc/SelectAShapeViewController.nib
2026-03-02 07:42:06 +0000  copying file ./Base.lproj/Main.storyboardc/ViewLogListViewController.nib ... 
2026-03-02 07:42:06 +0000  1070 bytes for ./Base.lproj/Main.storyboardc/ViewLogListViewController.nib
2026-03-02 07:42:06 +0000  copying file ./Base.lproj/Main.storyboardc/p01-kO-6A3-view-JcJ-wo-IrP.nib ... 
2026-03-02 07:42:06 +0000  23196 bytes for ./Base.lproj/Main.storyboardc/p01-kO-6A3-view-JcJ-wo-IrP.nib
2026-03-02 07:42:06 +0000  copying file ./Base.lproj/Main.storyboardc/d5H-aD-0Dh-view-zWm-5K-FCG.nib ... 
2026-03-02 07:42:06 +0000  63525 bytes for ./Base.lproj/Main.storyboardc/d5H-aD-0Dh-view-zWm-5K-FCG.nib
2026-03-02 07:42:06 +0000  copying file ./Base.lproj/Main.storyboardc/Mzb-V8-3gI-view-1Gt-oA-2dM.nib ... 
2026-03-02 07:42:06 +0000  49393 bytes for ./Base.lproj/Main.storyboardc/Mzb-V8-3gI-view-1Gt-oA-2dM.nib
2026-03-02 07:42:06 +0000  copying file ./Base.lproj/Main.storyboardc/5Ak-nc-vF7-view-ZW3-hj-ITz.nib ... 
2026-03-02 07:42:06 +0000  16747 bytes for ./Base.lproj/Main.storyboardc/5Ak-nc-vF7-view-ZW3-hj-ITz.nib
2026-03-02 07:42:06 +0000  copying file ./Base.lproj/Main.storyboardc/VIy-Jy-Ofi-view-e9T-Xl-esq.nib ... 
2026-03-02 07:42:06 +0000  11821 bytes for ./Base.lproj/Main.storyboardc/VIy-Jy-Ofi-view-e9T-Xl-esq.nib
2026-03-02 07:42:06 +0000  copying file ./Base.lproj/Main.storyboardc/ApplicantFormViewControllerForm.nib ... 
2026-03-02 07:42:06 +0000  1082 bytes for ./Base.lproj/Main.storyboardc/ApplicantFormViewControllerForm.nib
2026-03-02 07:42:06 +0000  copying file ./Base.lproj/Main.storyboardc/CoApplicantFormViewControllerForm.nib ... 
2026-03-02 07:42:06 +0000  1086 bytes for ./Base.lproj/Main.storyboardc/CoApplicantFormViewControllerForm.nib
2026-03-02 07:42:06 +0000  copying file ./Base.lproj/Main.storyboardc/1bH-DE-q4l-view-RnW-uM-cR0.nib ... 
2026-03-02 07:42:06 +0000  18590 bytes for ./Base.lproj/Main.storyboardc/1bH-DE-q4l-view-RnW-uM-cR0.nib
2026-03-02 07:42:06 +0000  copying file ./Base.lproj/Main.storyboardc/CustomShapeLineViewController.nib ... 
2026-03-02 07:42:06 +0000  1078 bytes for ./Base.lproj/Main.storyboardc/CustomShapeLineViewController.nib
2026-03-02 07:42:06 +0000  copying file ./Base.lproj/Main.storyboardc/InstallerPopUpViewController.nib ... 
2026-03-02 07:42:06 +0000  1128 bytes for ./Base.lproj/Main.storyboardc/InstallerPopUpViewController.nib
2026-03-02 07:42:06 +0000  copying file ./Base.lproj/Main.storyboardc/6cW-oF-zHM-view-WfB-Iq-FVe.nib ... 
2026-03-02 07:42:06 +0000  16078 bytes for ./Base.lproj/Main.storyboardc/6cW-oF-zHM-view-WfB-Iq-FVe.nib
2026-03-02 07:42:06 +0000  copying file ./Base.lproj/Main.storyboardc/SummeryDetailsViewController.nib ... 
2026-03-02 07:42:06 +0000  1076 bytes for ./Base.lproj/Main.storyboardc/SummeryDetailsViewController.nib
2026-03-02 07:42:06 +0000  copying file ./Base.lproj/Main.storyboardc/NavigationController.nib ... 
2026-03-02 07:42:06 +0000  2041 bytes for ./Base.lproj/Main.storyboardc/NavigationController.nib
2026-03-02 07:42:06 +0000  copying file ./Base.lproj/Main.storyboardc/nZi-I5-0xe-view-o2t-hN-TOI.nib ... 
2026-03-02 07:42:06 +0000  54244 bytes for ./Base.lproj/Main.storyboardc/nZi-I5-0xe-view-o2t-hN-TOI.nib
2026-03-02 07:42:06 +0000  copying file ./Base.lproj/Main.storyboardc/ForgotPasswordViewController.nib ... 
2026-03-02 07:42:06 +0000  1076 bytes for ./Base.lproj/Main.storyboardc/ForgotPasswordViewController.nib
2026-03-02 07:42:06 +0000  copying file ./Base.lproj/Main.storyboardc/Info.plist ... 
2026-03-02 07:42:06 +0000  4785 bytes for ./Base.lproj/Main.storyboardc/Info.plist
2026-03-02 07:42:06 +0000  copying file ./Base.lproj/Main.storyboardc/oxp-6o-gdj-view-Hf2-mI-dwZ.nib ... 
2026-03-02 07:42:06 +0000  35491 bytes for ./Base.lproj/Main.storyboardc/oxp-6o-gdj-view-Hf2-mI-dwZ.nib
2026-03-02 07:42:06 +0000  copying file ./Base.lproj/Main.storyboardc/dfL-hI-Q0e-view-Py1-IZ-b68.nib ... 
2026-03-02 07:42:06 +0000  24704 bytes for ./Base.lproj/Main.storyboardc/dfL-hI-Q0e-view-Py1-IZ-b68.nib
2026-03-02 07:42:06 +0000  copying file ./Base.lproj/Main.storyboardc/2EJ-Z4-41G-view-ZAh-ve-6LI.nib ... 
2026-03-02 07:42:06 +0000  41290 bytes for ./Base.lproj/Main.storyboardc/2EJ-Z4-41G-view-ZAh-ve-6LI.nib
2026-03-02 07:42:06 +0000  copying file ./Base.lproj/Main.storyboardc/FU3-jd-2IS-view-uUq-mf-BMu.nib ... 
2026-03-02 07:42:06 +0000  211539 bytes for ./Base.lproj/Main.storyboardc/FU3-jd-2IS-view-uUq-mf-BMu.nib
2026-03-02 07:42:06 +0000  copying file ./Base.lproj/Main.storyboardc/8Fv-ty-RgD-view-EhY-gV-bm1.nib ... 
2026-03-02 07:42:06 +0000  2592 bytes for ./Base.lproj/Main.storyboardc/8Fv-ty-RgD-view-EhY-gV-bm1.nib
2026-03-02 07:42:06 +0000  copying file ./Base.lproj/Main.storyboardc/nTY-lk-bVb-view-Z14-Yb-6F4.nib ... 
2026-03-02 07:42:06 +0000  9865 bytes for ./Base.lproj/Main.storyboardc/nTY-lk-bVb-view-Z14-Yb-6F4.nib
2026-03-02 07:42:06 +0000  copying file ./Base.lproj/Main.storyboardc/8z4-7V-9Vu-view-k0y-PC-gD8.nib ... 
2026-03-02 07:42:06 +0000  19458 bytes for ./Base.lproj/Main.storyboardc/8z4-7V-9Vu-view-k0y-PC-gD8.nib
2026-03-02 07:42:06 +0000  copying file ./Base.lproj/Main.storyboardc/TransactionViewController.nib ... 
2026-03-02 07:42:06 +0000  1115 bytes for ./Base.lproj/Main.storyboardc/TransactionViewController.nib
2026-03-02 07:42:06 +0000  copying file ./Base.lproj/LaunchScreen.storyboardc/01J-lp-oVM-view-Ze5-6b-2t3.nib ... 
2026-03-02 07:42:06 +0000  2950 bytes for ./Base.lproj/LaunchScreen.storyboardc/01J-lp-oVM-view-Ze5-6b-2t3.nib
2026-03-02 07:42:06 +0000  copying file ./Base.lproj/LaunchScreen.storyboardc/UIViewController-01J-lp-oVM.nib ... 
2026-03-02 07:42:06 +0000  924 bytes for ./Base.lproj/LaunchScreen.storyboardc/UIViewController-01J-lp-oVM.nib
2026-03-02 07:42:06 +0000  copying file ./Base.lproj/LaunchScreen.storyboardc/Info.plist ... 
2026-03-02 07:42:06 +0000  258 bytes for ./Base.lproj/LaunchScreen.storyboardc/Info.plist
2026-03-02 07:42:06 +0000  copying file ./SF-Pro-Text-Light.otf ... 
2026-03-02 07:42:06 +0000  329540 bytes for ./SF-Pro-Text-Light.otf
2026-03-02 07:42:06 +0000  copying file ./Inter-UI-Medium.otf ... 
2026-03-02 07:42:06 +0000  223740 bytes for ./Inter-UI-Medium.otf
2026-03-02 07:42:06 +0000  copying file ./ACHCheckCollectionViewCell.nib ... 
2026-03-02 07:42:06 +0000  9459 bytes for ./ACHCheckCollectionViewCell.nib
2026-03-02 07:42:06 +0000  copying file ./SF-Pro-Display-Semibold.otf ... 
2026-03-02 07:42:06 +0000  335964 bytes for ./SF-Pro-Display-Semibold.otf
2026-03-02 07:42:06 +0000  copying file ./PromoCollectionViewCell.nib ... 
2026-03-02 07:42:06 +0000  5341 bytes for ./PromoCollectionViewCell.nib
2026-03-02 07:42:06 +0000  copying file ./GooglePlaces.bundle/de.lproj/GooglePlaces.strings ... 
2026-03-02 07:42:06 +0000  4417 bytes for ./GooglePlaces.bundle/de.lproj/GooglePlaces.strings
2026-03-02 07:42:06 +0000  copying file ./GooglePlaces.bundle/he.lproj/GooglePlaces.strings ... 
2026-03-02 07:42:06 +0000  5000 bytes for ./GooglePlaces.bundle/he.lproj/GooglePlaces.strings
2026-03-02 07:42:06 +0000  copying file ./GooglePlaces.bundle/en_AU.lproj/GooglePlaces.strings ... 
2026-03-02 07:42:06 +0000  4101 bytes for ./GooglePlaces.bundle/en_AU.lproj/GooglePlaces.strings
2026-03-02 07:42:06 +0000  copying file ./GooglePlaces.bundle/ar.lproj/GooglePlaces.strings ... 
2026-03-02 07:42:06 +0000  5106 bytes for ./GooglePlaces.bundle/ar.lproj/GooglePlaces.strings
2026-03-02 07:42:06 +0000  copying file ./GooglePlaces.bundle/el.lproj/GooglePlaces.strings ... 
2026-03-02 07:42:06 +0000  5898 bytes for ./GooglePlaces.bundle/el.lproj/GooglePlaces.strings
2026-03-02 07:42:06 +0000  copying file ./GooglePlaces.bundle/ja.lproj/GooglePlaces.strings ... 
2026-03-02 07:42:06 +0000  3949 bytes for ./GooglePlaces.bundle/ja.lproj/GooglePlaces.strings
2026-03-02 07:42:06 +0000  copying file ./GooglePlaces.bundle/sq.lproj/GooglePlaces.strings ... 
2026-03-02 07:42:06 +0000  4848 bytes for ./GooglePlaces.bundle/sq.lproj/GooglePlaces.strings
2026-03-02 07:42:06 +0000  copying file ./GooglePlaces.bundle/en.lproj/GooglePlaces.strings ... 
2026-03-02 07:42:06 +0000  4114 bytes for ./GooglePlaces.bundle/en.lproj/GooglePlaces.strings
2026-03-02 07:42:06 +0000  copying file ./GooglePlaces.bundle/uk.lproj/GooglePlaces.strings ... 
2026-03-02 07:42:06 +0000  5569 bytes for ./GooglePlaces.bundle/uk.lproj/GooglePlaces.strings
2026-03-02 07:42:06 +0000  copying file ./GooglePlaces.bundle/es_419.lproj/GooglePlaces.strings ... 
2026-03-02 07:42:06 +0000  5076 bytes for ./GooglePlaces.bundle/es_419.lproj/GooglePlaces.strings
2026-03-02 07:42:06 +0000  copying file ./GooglePlaces.bundle/es_MX.lproj/GooglePlaces.strings ... 
2026-03-02 07:42:06 +0000  5076 bytes for ./GooglePlaces.bundle/es_MX.lproj/GooglePlaces.strings
2026-03-02 07:42:06 +0000  copying file ./GooglePlaces.bundle/zh_CN.lproj/GooglePlaces.strings ... 
2026-03-02 07:42:06 +0000  3634 bytes for ./GooglePlaces.bundle/zh_CN.lproj/GooglePlaces.strings
2026-03-02 07:42:06 +0000  copying file ./GooglePlaces.bundle/nb.lproj/GooglePlaces.strings ... 
2026-03-02 07:42:06 +0000  4273 bytes for ./GooglePlaces.bundle/nb.lproj/GooglePlaces.strings
2026-03-02 07:42:06 +0000  copying file ./GooglePlaces.bundle/es.lproj/GooglePlaces.strings ... 
2026-03-02 07:42:06 +0000  5170 bytes for ./GooglePlaces.bundle/es.lproj/GooglePlaces.strings
2026-03-02 07:42:06 +0000  copying file ./GooglePlaces.bundle/sw.lproj/GooglePlaces.strings ... 
2026-03-02 07:42:06 +0000  4554 bytes for ./GooglePlaces.bundle/sw.lproj/GooglePlaces.strings
2026-03-02 07:42:06 +0000  copying file ./GooglePlaces.bundle/pt_BR.lproj/GooglePlaces.strings ... 
2026-03-02 07:42:06 +0000  4963 bytes for ./GooglePlaces.bundle/pt_BR.lproj/GooglePlaces.strings
2026-03-02 07:42:06 +0000  copying file ./GooglePlaces.bundle/da.lproj/GooglePlaces.strings ... 
2026-03-02 07:42:06 +0000  4364 bytes for ./GooglePlaces.bundle/da.lproj/GooglePlaces.strings
2026-03-02 07:42:06 +0000  copying file ./GooglePlaces.bundle/it.lproj/GooglePlaces.strings ... 
2026-03-02 07:42:06 +0000  4506 bytes for ./GooglePlaces.bundle/it.lproj/GooglePlaces.strings
2026-03-02 07:42:06 +0000  copying file ./GooglePlaces.bundle/oss_licenses_places.txt.gz ... 
2026-03-02 07:42:06 +0000  6607 bytes for ./GooglePlaces.bundle/oss_licenses_places.txt.gz
2026-03-02 07:42:06 +0000  copying file ./GooglePlaces.bundle/sad_cloud@2x.png ... 
2026-03-02 07:42:06 +0000  1654 bytes for ./GooglePlaces.bundle/sad_cloud@2x.png
2026-03-02 07:42:06 +0000  copying file ./GooglePlaces.bundle/sk.lproj/GooglePlaces.strings ... 
2026-03-02 07:42:06 +0000  5419 bytes for ./GooglePlaces.bundle/sk.lproj/GooglePlaces.strings
2026-03-02 07:42:06 +0000  copying file ./GooglePlaces.bundle/build-with-google-black@3x.png ... 
2026-03-02 07:42:06 +0000  3701 bytes for ./GooglePlaces.bundle/build-with-google-black@3x.png
2026-03-02 07:42:06 +0000  copying file ./GooglePlaces.bundle/pt_PT.lproj/GooglePlaces.strings ... 
2026-03-02 07:42:06 +0000  5255 bytes for ./GooglePlaces.bundle/pt_PT.lproj/GooglePlaces.strings
2026-03-02 07:42:06 +0000  copying file ./GooglePlaces.bundle/sr.lproj/GooglePlaces.strings ... 
2026-03-02 07:42:06 +0000  5722 bytes for ./GooglePlaces.bundle/sr.lproj/GooglePlaces.strings
2026-03-02 07:42:06 +0000  copying file ./GooglePlaces.bundle/ms.lproj/GooglePlaces.strings ... 
2026-03-02 07:42:06 +0000  4371 bytes for ./GooglePlaces.bundle/ms.lproj/GooglePlaces.strings
2026-03-02 07:42:06 +0000  copying file ./GooglePlaces.bundle/sv.lproj/GooglePlaces.strings ... 
2026-03-02 07:42:06 +0000  4496 bytes for ./GooglePlaces.bundle/sv.lproj/GooglePlaces.strings
2026-03-02 07:42:06 +0000  copying file ./GooglePlaces.bundle/cs.lproj/GooglePlaces.strings ... 
2026-03-02 07:42:06 +0000  5251 bytes for ./GooglePlaces.bundle/cs.lproj/GooglePlaces.strings
2026-03-02 07:42:06 +0000  copying file ./GooglePlaces.bundle/en_IN.lproj/GooglePlaces.strings ... 
2026-03-02 07:42:06 +0000  4103 bytes for ./GooglePlaces.bundle/en_IN.lproj/GooglePlaces.strings
2026-03-02 07:42:06 +0000  copying file ./GooglePlaces.bundle/ko.lproj/GooglePlaces.strings ... 
2026-03-02 07:42:06 +0000  3809 bytes for ./GooglePlaces.bundle/ko.lproj/GooglePlaces.strings
2026-03-02 07:42:06 +0000  copying file ./GooglePlaces.bundle/build-with-google-black@2x.png ... 
2026-03-02 07:42:06 +0000  2419 bytes for ./GooglePlaces.bundle/build-with-google-black@2x.png
2026-03-02 07:42:06 +0000  copying file ./GooglePlaces.bundle/sad_cloud@3x.png ... 
2026-03-02 07:42:06 +0000  2428 bytes for ./GooglePlaces.bundle/sad_cloud@3x.png
2026-03-02 07:42:06 +0000  copying file ./GooglePlaces.bundle/my.lproj/GooglePlaces.strings ... 
2026-03-02 07:42:06 +0000  6449 bytes for ./GooglePlaces.bundle/my.lproj/GooglePlaces.strings
2026-03-02 07:42:06 +0000  copying file ./GooglePlaces.bundle/hu.lproj/GooglePlaces.strings ... 
2026-03-02 07:42:06 +0000  5096 bytes for ./GooglePlaces.bundle/hu.lproj/GooglePlaces.strings
2026-03-02 07:42:06 +0000  copying file ./GooglePlaces.bundle/zh_HK.lproj/GooglePlaces.strings ... 
2026-03-02 07:42:06 +0000  3667 bytes for ./GooglePlaces.bundle/zh_HK.lproj/GooglePlaces.strings
2026-03-02 07:42:06 +0000  copying file ./GooglePlaces.bundle/ka.lproj/GooglePlaces.strings ... 
2026-03-02 07:42:06 +0000  5849 bytes for ./GooglePlaces.bundle/ka.lproj/GooglePlaces.strings
2026-03-02 07:42:06 +0000  copying file ./GooglePlaces.bundle/sad_cloud_dark@2x.png ... 
2026-03-02 07:42:06 +0000  1859 bytes for ./GooglePlaces.bundle/sad_cloud_dark@2x.png
2026-03-02 07:42:06 +0000  copying file ./GooglePlaces.bundle/tr.lproj/GooglePlaces.strings ... 
2026-03-02 07:42:06 +0000  4839 bytes for ./GooglePlaces.bundle/tr.lproj/GooglePlaces.strings
2026-03-02 07:42:06 +0000  copying file ./GooglePlaces.bundle/pl.lproj/GooglePlaces.strings ... 
2026-03-02 07:42:06 +0000  4885 bytes for ./GooglePlaces.bundle/pl.lproj/GooglePlaces.strings
2026-03-02 07:42:06 +0000  copying file ./GooglePlaces.bundle/zh_TW.lproj/GooglePlaces.strings ... 
2026-03-02 07:42:06 +0000  3671 bytes for ./GooglePlaces.bundle/zh_TW.lproj/GooglePlaces.strings
2026-03-02 07:42:06 +0000  copying file ./GooglePlaces.bundle/en_GB.lproj/GooglePlaces.strings ... 
2026-03-02 07:42:06 +0000  4101 bytes for ./GooglePlaces.bundle/en_GB.lproj/GooglePlaces.strings
2026-03-02 07:42:06 +0000  copying file ./GooglePlaces.bundle/sad_cloud_dark@3x.png ... 
2026-03-02 07:42:06 +0000  2738 bytes for ./GooglePlaces.bundle/sad_cloud_dark@3x.png
2026-03-02 07:42:06 +0000  copying file ./GooglePlaces.bundle/vi.lproj/GooglePlaces.strings ... 
2026-03-02 07:42:06 +0000  5789 bytes for ./GooglePlaces.bundle/vi.lproj/GooglePlaces.strings
2026-03-02 07:42:06 +0000  copying file ./GooglePlaces.bundle/lv.lproj/GooglePlaces.strings ... 
2026-03-02 07:42:06 +0000  5605 bytes for ./GooglePlaces.bundle/lv.lproj/GooglePlaces.strings
2026-03-02 07:42:06 +0000  copying file ./GooglePlaces.bundle/lt.lproj/GooglePlaces.strings ... 
2026-03-02 07:42:06 +0000  5587 bytes for ./GooglePlaces.bundle/lt.lproj/GooglePlaces.strings
2026-03-02 07:42:06 +0000  copying file ./GooglePlaces.bundle/ru.lproj/GooglePlaces.strings ... 
2026-03-02 07:42:06 +0000  5723 bytes for ./GooglePlaces.bundle/ru.lproj/GooglePlaces.strings
2026-03-02 07:42:06 +0000  copying file ./GooglePlaces.bundle/fr_CA.lproj/GooglePlaces.strings ... 
2026-03-02 07:42:06 +0000  5082 bytes for ./GooglePlaces.bundle/fr_CA.lproj/GooglePlaces.strings
2026-03-02 07:42:06 +0000  copying file ./GooglePlaces.bundle/fr.lproj/GooglePlaces.strings ... 
2026-03-02 07:42:06 +0000  5119 bytes for ./GooglePlaces.bundle/fr.lproj/GooglePlaces.strings
2026-03-02 07:42:06 +0000  copying file ./GooglePlaces.bundle/fi.lproj/GooglePlaces.strings ... 
2026-03-02 07:42:06 +0000  4545 bytes for ./GooglePlaces.bundle/fi.lproj/GooglePlaces.strings
2026-03-02 07:42:06 +0000  copying file ./GooglePlaces.bundle/id.lproj/GooglePlaces.strings ... 
2026-03-02 07:42:06 +0000  4265 bytes for ./GooglePlaces.bundle/id.lproj/GooglePlaces.strings
2026-03-02 07:42:06 +0000  copying file ./GooglePlaces.bundle/nl.lproj/GooglePlaces.strings ... 
2026-03-02 07:42:06 +0000  4122 bytes for ./GooglePlaces.bundle/nl.lproj/GooglePlaces.strings
2026-03-02 07:42:06 +0000  copying file ./GooglePlaces.bundle/th.lproj/GooglePlaces.strings ... 
2026-03-02 07:42:06 +0000  5514 bytes for ./GooglePlaces.bundle/th.lproj/GooglePlaces.strings
2026-03-02 07:42:06 +0000  copying file ./GooglePlaces.bundle/pt.lproj/GooglePlaces.strings ... 
2026-03-02 07:42:06 +0000  4963 bytes for ./GooglePlaces.bundle/pt.lproj/GooglePlaces.strings
2026-03-02 07:42:06 +0000  copying file ./GooglePlaces.bundle/build-with-google-white@3x.png ... 
2026-03-02 07:42:06 +0000  4372 bytes for ./GooglePlaces.bundle/build-with-google-white@3x.png
2026-03-02 07:42:06 +0000  copying file ./GooglePlaces.bundle/build-with-google-white@2x.png ... 
2026-03-02 07:42:06 +0000  2861 bytes for ./GooglePlaces.bundle/build-with-google-white@2x.png
2026-03-02 07:42:06 +0000  copying file ./GooglePlaces.bundle/ro.lproj/GooglePlaces.strings ... 
2026-03-02 07:42:06 +0000  5210 bytes for ./GooglePlaces.bundle/ro.lproj/GooglePlaces.strings
2026-03-02 07:42:06 +0000  copying file ./GooglePlaces.bundle/Info.plist ... 
2026-03-02 07:42:06 +0000  343 bytes for ./GooglePlaces.bundle/Info.plist
2026-03-02 07:42:06 +0000  copying file ./GooglePlaces.bundle/hr.lproj/GooglePlaces.strings ... 
2026-03-02 07:42:06 +0000  5025 bytes for ./GooglePlaces.bundle/hr.lproj/GooglePlaces.strings
2026-03-02 07:42:06 +0000  copying file ./GooglePlaces.bundle/hi.lproj/GooglePlaces.strings ... 
2026-03-02 07:42:06 +0000  5731 bytes for ./GooglePlaces.bundle/hi.lproj/GooglePlaces.strings
2026-03-02 07:42:06 +0000  copying file ./GooglePlaces.bundle/ca.lproj/GooglePlaces.strings ... 
2026-03-02 07:42:06 +0000  4942 bytes for ./GooglePlaces.bundle/ca.lproj/GooglePlaces.strings
2026-03-02 07:42:06 +0000  copying file ./test.xml ... 
2026-03-02 07:42:06 +0000  2409 bytes for ./test.xml
2026-03-02 07:42:06 +0000  copying file ./Inter-UI-MediumItalic.otf ... 
2026-03-02 07:42:06 +0000  261004 bytes for ./Inter-UI-MediumItalic.otf
2026-03-02 07:42:06 +0000  copying file ./Assets.car ... 
2026-03-02 07:42:06 +0000  5620808 bytes for ./Assets.car
2026-03-02 07:42:06 +0000  copying file ./Inter-UI-Black.otf ... 
2026-03-02 07:42:06 +0000  223444 bytes for ./Inter-UI-Black.otf
2026-03-02 07:42:06 +0000  copying file ./SF-Pro-Text-Regular.otf ... 
2026-03-02 07:42:06 +0000  310148 bytes for ./SF-Pro-Text-Regular.otf
2026-03-02 07:42:06 +0000  copying file ./SF-Pro-Text-Bold.otf ... 
2026-03-02 07:42:06 +0000  341844 bytes for ./SF-Pro-Text-Bold.otf
2026-03-02 07:42:06 +0000  copying file ./AppIcon76x76@2x~ipad.png ... 
2026-03-02 07:42:06 +0000  4187 bytes for ./AppIcon76x76@2x~ipad.png
2026-03-02 07:42:06 +0000  copying file ./Refloor.momd/VersionInfo.plist ... 
2026-03-02 07:42:06 +0000  255 bytes for ./Refloor.momd/VersionInfo.plist
2026-03-02 07:42:06 +0000  copying file ./Refloor.momd/Refloor.omo ... 
2026-03-02 07:42:06 +0000  704 bytes for ./Refloor.momd/Refloor.omo
2026-03-02 07:42:06 +0000  copying file ./Refloor.momd/Refloor.mom ... 
2026-03-02 07:42:06 +0000  566 bytes for ./Refloor.momd/Refloor.mom
2026-03-02 07:42:06 +0000  copying file ./SF-Pro-Display-MediumItalic.otf ... 
2026-03-02 07:42:06 +0000  160004 bytes for ./SF-Pro-Display-MediumItalic.otf
2026-03-02 07:42:06 +0000  copying file ./Inter-UI-Italic.otf ... 
2026-03-02 07:42:06 +0000  250376 bytes for ./Inter-UI-Italic.otf
2026-03-02 07:42:06 +0000  copying file ./SF-Pro-Display-HeavyItalic.otf ... 
2026-03-02 07:42:06 +0000  159628 bytes for ./SF-Pro-Display-HeavyItalic.otf
2026-03-02 07:42:06 +0000  copying file ./SF-Pro-Display-Ultralight.otf ... 
2026-03-02 07:42:06 +0000  316624 bytes for ./SF-Pro-Display-Ultralight.otf
2026-03-02 07:42:06 +0000  copying file ./SF-Pro-Display-UltralightItalic.otf ... 
2026-03-02 07:42:06 +0000  156760 bytes for ./SF-Pro-Display-UltralightItalic.otf
2026-03-02 07:42:06 +0000  copying file ./SF-Pro-Display-LightItalic.otf ... 
2026-03-02 07:42:06 +0000  158892 bytes for ./SF-Pro-Display-LightItalic.otf
2026-03-02 07:42:06 +0000  copying file ./RoomsTableViewCell.nib ... 
2026-03-02 07:42:06 +0000  9849 bytes for ./RoomsTableViewCell.nib
2026-03-02 07:42:06 +0000  copying file ./Inter-UI-Italic.ttf ... 
2026-03-02 07:42:06 +0000  643792 bytes for ./Inter-UI-Italic.ttf
2026-03-02 07:42:06 +0000  copying file ./PaymentTypeTableViewCell.nib ... 
2026-03-02 07:42:06 +0000  3850 bytes for ./PaymentTypeTableViewCell.nib
2026-03-02 07:42:06 +0000  copying file ./TitleSummaryTableViewCell.nib ... 
2026-03-02 07:42:06 +0000  3430 bytes for ./TitleSummaryTableViewCell.nib
2026-03-02 07:42:06 +0000  copying file ./DiscountTitleTableViewCell.nib ... 
2026-03-02 07:42:06 +0000  6593 bytes for ./DiscountTitleTableViewCell.nib
2026-03-02 07:42:06 +0000  copying file ./Refloor ... 
2026-03-02 07:42:06 +0000  14825840 bytes for ./Refloor
2026-03-02 07:42:06 +0000  copying file ./Frameworks/grpcpp.framework/_CodeSignature/CodeResources ... 
2818 bytes for ./Frameworks/grpcpp.framework/_CodeSignature/CodeResources
copying file ./Frameworks/grpcpp.framework/grpcpp ... 
2026-03-02 07:42:06 +0000  890384 bytes for ./Frameworks/grpcpp.framework/grpcpp
2026-03-02 07:42:06 +0000  copying file ./Frameworks/grpcpp.framework/gRPCCertificates-Cpp.bundle/roots.pem ... 
2026-03-02 07:42:06 +0000  264440 bytes for ./Frameworks/grpcpp.framework/gRPCCertificates-Cpp.bundle/roots.pem
2026-03-02 07:42:06 +0000  copying file ./Frameworks/grpcpp.framework/gRPCCertificates-Cpp.bundle/Info.plist ... 
2026-03-02 07:42:06 +0000  789 bytes for ./Frameworks/grpcpp.framework/gRPCCertificates-Cpp.bundle/Info.plist
2026-03-02 07:42:06 +0000  copying file ./Frameworks/grpcpp.framework/grpcpp.bundle/PrivacyInfo.xcprivacy ... 
2026-03-02 07:42:06 +0000  599 bytes for ./Frameworks/grpcpp.framework/grpcpp.bundle/PrivacyInfo.xcprivacy
2026-03-02 07:42:06 +0000  copying file ./Frameworks/grpcpp.framework/grpcpp.bundle/Info.plist ... 
2026-03-02 07:42:06 +0000  759 bytes for ./Frameworks/grpcpp.framework/grpcpp.bundle/Info.plist
2026-03-02 07:42:06 +0000  copying file ./Frameworks/grpcpp.framework/Info.plist ... 
2026-03-02 07:42:06 +0000  784 bytes for ./Frameworks/grpcpp.framework/Info.plist
2026-03-02 07:42:06 +0000  copying file ./Frameworks/PayCardsRecognizer.framework/NameLocalizationX.caffemodel ... 
2026-03-02 07:42:06 +0000  563025 bytes for ./Frameworks/PayCardsRecognizer.framework/NameLocalizationX.caffemodel
2026-03-02 07:42:06 +0000  copying file ./Frameworks/PayCardsRecognizer.framework/_CodeSignature/CodeResources ... 
2026-03-02 07:42:06 +0000  8754 bytes for ./Frameworks/PayCardsRecognizer.framework/_CodeSignature/CodeResources
2026-03-02 07:42:06 +0000  copying file ./Frameworks/PayCardsRecognizer.framework/DateLocalizationL1.caffemodel ... 
2026-03-02 07:42:06 +0000  758624 bytes for ./Frameworks/PayCardsRecognizer.framework/DateLocalizationL1.caffemodel
2026-03-02 07:42:06 +0000  copying file ./Frameworks/PayCardsRecognizer.framework/names.txt ... 
2026-03-02 07:42:06 +0000  4979 bytes for ./Frameworks/PayCardsRecognizer.framework/names.txt
2026-03-02 07:42:06 +0000  copying file ./Frameworks/PayCardsRecognizer.framework/NumberRecognition.prototxt ... 
2026-03-02 07:42:06 +0000  2333 bytes for ./Frameworks/PayCardsRecognizer.framework/NumberRecognition.prototxt
2026-03-02 07:42:06 +0000  copying file ./Frameworks/PayCardsRecognizer.framework/DateRecognition.caffemodel ... 
2026-03-02 07:42:06 +0000  592008 bytes for ./Frameworks/PayCardsRecognizer.framework/DateRecognition.caffemodel
2026-03-02 07:42:06 +0000  copying file ./Frameworks/PayCardsRecognizer.framework/loc_x.caffemodel ... 
2026-03-02 07:42:06 +0000  743807 bytes for ./Frameworks/PayCardsRecognizer.framework/loc_x.caffemodel
2026-03-02 07:42:06 +0000  copying file ./Frameworks/PayCardsRecognizer.framework/PayCardsRecognizer ... 
2026-03-02 07:42:06 +0000  5862992 bytes for ./Frameworks/PayCardsRecognizer.framework/PayCardsRecognizer
2026-03-02 07:42:06 +0000  copying file ./Frameworks/PayCardsRecognizer.framework/NameSpaceCharRecognition.caffemodel ... 
2026-03-02 07:42:06 +0000  2629426 bytes for ./Frameworks/PayCardsRecognizer.framework/NameSpaceCharRecognition.caffemodel
2026-03-02 07:42:06 +0000  copying file ./Frameworks/PayCardsRecognizer.framework/DateRecognition.prototxt ... 
4194 bytes for ./Frameworks/PayCardsRecognizer.framework/DateRecognition.prototxt
copying file ./Frameworks/PayCardsRecognizer.framework/NameSpaceCharRecognition.prototxt ... 
2026-03-02 07:42:06 +0000  3972 bytes for ./Frameworks/PayCardsRecognizer.framework/NameSpaceCharRecognition.prototxt
2026-03-02 07:42:06 +0000  copying file ./Frameworks/PayCardsRecognizer.framework/PortraitFrame.png ... 
2026-03-02 07:42:06 +0000  1109 bytes for ./Frameworks/PayCardsRecognizer.framework/PortraitFrame.png
2026-03-02 07:42:06 +0000  copying file ./Frameworks/PayCardsRecognizer.framework/NameLocalizationX.prototxt ... 
2026-03-02 07:42:06 +0000  2255 bytes for ./Frameworks/PayCardsRecognizer.framework/NameLocalizationX.prototxt
2026-03-02 07:42:06 +0000  copying file ./Frameworks/PayCardsRecognizer.framework/DateLocalizationL0.caffemodel ... 
2026-03-02 07:42:06 +0000  856898 bytes for ./Frameworks/PayCardsRecognizer.framework/DateLocalizationL0.caffemodel
2026-03-02 07:42:06 +0000  copying file ./Frameworks/PayCardsRecognizer.framework/cascade_date.xml ... 
2026-03-02 07:42:06 +0000  18811 bytes for ./Frameworks/PayCardsRecognizer.framework/cascade_date.xml
2026-03-02 07:42:06 +0000  copying file ./Frameworks/PayCardsRecognizer.framework/loc_y.prototxt ... 
2026-03-02 07:42:06 +0000  1904 bytes for ./Frameworks/PayCardsRecognizer.framework/loc_y.prototxt
2026-03-02 07:42:06 +0000  copying file ./Frameworks/PayCardsRecognizer.framework/loc_x.prototxt ... 
2026-03-02 07:42:06 +0000  1934 bytes for ./Frameworks/PayCardsRecognizer.framework/loc_x.prototxt
2026-03-02 07:42:06 +0000  copying file ./Frameworks/PayCardsRecognizer.framework/DateLocalizationL0.prototxt ... 
2026-03-02 07:42:06 +0000  2157 bytes for ./Frameworks/PayCardsRecognizer.framework/DateLocalizationL0.prototxt
2026-03-02 07:42:06 +0000  copying file ./Frameworks/PayCardsRecognizer.framework/DateLocalizationL1.prototxt ... 
2026-03-02 07:42:06 +0000  4312 bytes for ./Frameworks/PayCardsRecognizer.framework/DateLocalizationL1.prototxt
2026-03-02 07:42:06 +0000  copying file ./Frameworks/PayCardsRecognizer.framework/PortraitFrame@3x.png ... 
2026-03-02 07:42:06 +0000  4934 bytes for ./Frameworks/PayCardsRecognizer.framework/PortraitFrame@3x.png
2026-03-02 07:42:06 +0000  copying file ./Frameworks/PayCardsRecognizer.framework/PortraitFrame@2x.png ... 
2026-03-02 07:42:06 +0000  2636 bytes for ./Frameworks/PayCardsRecognizer.framework/PortraitFrame@2x.png
2026-03-02 07:42:06 +0000  copying file ./Frameworks/PayCardsRecognizer.framework/loc_y.caffemodel ... 
2026-03-02 07:42:06 +0000  601400 bytes for ./Frameworks/PayCardsRecognizer.framework/loc_y.caffemodel
2026-03-02 07:42:06 +0000  copying file ./Frameworks/PayCardsRecognizer.framework/Info.plist ... 
2026-03-02 07:42:06 +0000  731 bytes for ./Frameworks/PayCardsRecognizer.framework/Info.plist
2026-03-02 07:42:06 +0000  copying file ./Frameworks/PayCardsRecognizer.framework/caffe.proto ... 
2026-03-02 07:42:06 +0000  37208 bytes for ./Frameworks/PayCardsRecognizer.framework/caffe.proto
2026-03-02 07:42:06 +0000  copying file ./Frameworks/PayCardsRecognizer.framework/NumberRecognition.caffemodel ... 
2026-03-02 07:42:06 +0000  1165181 bytes for ./Frameworks/PayCardsRecognizer.framework/NumberRecognition.caffemodel
2026-03-02 07:42:06 +0000  copying file ./Frameworks/PayCardsRecognizer.framework/cascade_name.xml ... 
2026-03-02 07:42:06 +0000  300351 bytes for ./Frameworks/PayCardsRecognizer.framework/cascade_name.xml
2026-03-02 07:42:06 +0000  copying file ./Frameworks/RecaptchaInterop.framework/_CodeSignature/CodeResources ... 
2026-03-02 07:42:06 +0000  1798 bytes for ./Frameworks/RecaptchaInterop.framework/_CodeSignature/CodeResources
2026-03-02 07:42:06 +0000  copying file ./Frameworks/RecaptchaInterop.framework/RecaptchaInterop ... 
2026-03-02 07:42:06 +0000  86240 bytes for ./Frameworks/RecaptchaInterop.framework/RecaptchaInterop
2026-03-02 07:42:06 +0000  copying file ./Frameworks/RecaptchaInterop.framework/Info.plist ... 
2026-03-02 07:42:06 +0000  807 bytes for ./Frameworks/RecaptchaInterop.framework/Info.plist
2026-03-02 07:42:06 +0000  copying file ./Frameworks/LoggerAPI.framework/_CodeSignature/CodeResources ... 
2026-03-02 07:42:06 +0000  1798 bytes for ./Frameworks/LoggerAPI.framework/_CodeSignature/CodeResources
2026-03-02 07:42:06 +0000  copying file ./Frameworks/LoggerAPI.framework/LoggerAPI ... 
2026-03-02 07:42:06 +0000  134256 bytes for ./Frameworks/LoggerAPI.framework/LoggerAPI
2026-03-02 07:42:06 +0000  copying file ./Frameworks/LoggerAPI.framework/Info.plist ... 
2026-03-02 07:42:06 +0000  791 bytes for ./Frameworks/LoggerAPI.framework/Info.plist
2026-03-02 07:42:06 +0000  copying file ./Frameworks/Cryptor.framework/_CodeSignature/CodeResources ... 
2026-03-02 07:42:06 +0000  1798 bytes for ./Frameworks/Cryptor.framework/_CodeSignature/CodeResources
2026-03-02 07:42:06 +0000  copying file ./Frameworks/Cryptor.framework/Cryptor ... 
2026-03-02 07:42:06 +0000  260960 bytes for ./Frameworks/Cryptor.framework/Cryptor
2026-03-02 07:42:06 +0000  copying file ./Frameworks/Cryptor.framework/Info.plist ... 
2026-03-02 07:42:06 +0000  786 bytes for ./Frameworks/Cryptor.framework/Info.plist
2026-03-02 07:42:06 +0000  copying file ./Frameworks/RealmSwift.framework/_CodeSignature/CodeResources ... 
2026-03-02 07:42:06 +0000  2348 bytes for ./Frameworks/RealmSwift.framework/_CodeSignature/CodeResources
2026-03-02 07:42:06 +0000  copying file ./Frameworks/RealmSwift.framework/realm_swift_privacy.bundle/PrivacyInfo.xcprivacy ... 
2026-03-02 07:42:06 +0000  373 bytes for ./Frameworks/RealmSwift.framework/realm_swift_privacy.bundle/PrivacyInfo.xcprivacy
2026-03-02 07:42:06 +0000  copying file ./Frameworks/RealmSwift.framework/realm_swift_privacy.bundle/Info.plist ... 
2026-03-02 07:42:06 +0000  788 bytes for ./Frameworks/RealmSwift.framework/realm_swift_privacy.bundle/Info.plist
2026-03-02 07:42:06 +0000  copying file ./Frameworks/RealmSwift.framework/RealmSwift ... 
2026-03-02 07:42:06 +0000  2789808 bytes for ./Frameworks/RealmSwift.framework/RealmSwift
2026-03-02 07:42:06 +0000  copying file ./Frameworks/RealmSwift.framework/Info.plist ... 
793 bytes for ./Frameworks/RealmSwift.framework/Info.plist
copying file ./Frameworks/GoogleDataTransport.framework/_CodeSignature/CodeResources ... 
2026-03-02 07:42:06 +0000  2380 bytes for ./Frameworks/GoogleDataTransport.framework/_CodeSignature/CodeResources
2026-03-02 07:42:06 +0000  copying file ./Frameworks/GoogleDataTransport.framework/GoogleDataTransport ... 
2026-03-02 07:42:06 +0000  393056 bytes for ./Frameworks/GoogleDataTransport.framework/GoogleDataTransport
2026-03-02 07:42:06 +0000  copying file ./Frameworks/GoogleDataTransport.framework/GoogleDataTransport_Privacy.bundle/PrivacyInfo.xcprivacy ... 
2026-03-02 07:42:06 +0000  1105 bytes for ./Frameworks/GoogleDataTransport.framework/GoogleDataTransport_Privacy.bundle/PrivacyInfo.xcprivacy
2026-03-02 07:42:06 +0000  copying file ./Frameworks/GoogleDataTransport.framework/GoogleDataTransport_Privacy.bundle/Info.plist ... 
2026-03-02 07:42:06 +0000  803 bytes for ./Frameworks/GoogleDataTransport.framework/GoogleDataTransport_Privacy.bundle/Info.plist
2026-03-02 07:42:06 +0000  copying file ./Frameworks/GoogleDataTransport.framework/Info.plist ... 
2026-03-02 07:42:06 +0000  812 bytes for ./Frameworks/GoogleDataTransport.framework/Info.plist
2026-03-02 07:42:06 +0000  copying file ./Frameworks/FirebaseAuthInterop.framework/_CodeSignature/CodeResources ... 
2026-03-02 07:42:06 +0000  1798 bytes for ./Frameworks/FirebaseAuthInterop.framework/_CodeSignature/CodeResources
2026-03-02 07:42:06 +0000  copying file ./Frameworks/FirebaseAuthInterop.framework/FirebaseAuthInterop ... 
2026-03-02 07:42:06 +0000  86288 bytes for ./Frameworks/FirebaseAuthInterop.framework/FirebaseAuthInterop
2026-03-02 07:42:06 +0000  copying file ./Frameworks/FirebaseAuthInterop.framework/Info.plist ... 
2026-03-02 07:42:06 +0000  812 bytes for ./Frameworks/FirebaseAuthInterop.framework/Info.plist
2026-03-02 07:42:06 +0000  copying file ./Frameworks/FirebaseFirestore.framework/_CodeSignature/CodeResources ... 
2026-03-02 07:42:06 +0000  2372 bytes for ./Frameworks/FirebaseFirestore.framework/_CodeSignature/CodeResources
2026-03-02 07:42:06 +0000  copying file ./Frameworks/FirebaseFirestore.framework/FirebaseFirestore_Privacy.bundle/PrivacyInfo.xcprivacy ... 
2026-03-02 07:42:06 +0000  1105 bytes for ./Frameworks/FirebaseFirestore.framework/FirebaseFirestore_Privacy.bundle/PrivacyInfo.xcprivacy
2026-03-02 07:42:06 +0000  copying file ./Frameworks/FirebaseFirestore.framework/FirebaseFirestore_Privacy.bundle/Info.plist ... 
2026-03-02 07:42:06 +0000  799 bytes for ./Frameworks/FirebaseFirestore.framework/FirebaseFirestore_Privacy.bundle/Info.plist
2026-03-02 07:42:06 +0000  copying file ./Frameworks/FirebaseFirestore.framework/FirebaseFirestore ... 
2026-03-02 07:42:06 +0000  390400 bytes for ./Frameworks/FirebaseFirestore.framework/FirebaseFirestore
2026-03-02 07:42:06 +0000  copying file ./Frameworks/FirebaseFirestore.framework/Info.plist ... 
2026-03-02 07:42:06 +0000  808 bytes for ./Frameworks/FirebaseFirestore.framework/Info.plist
2026-03-02 07:42:06 +0000  copying file ./Frameworks/FirebaseCrashlytics.framework/_CodeSignature/CodeResources ... 
2026-03-02 07:42:06 +0000  2380 bytes for ./Frameworks/FirebaseCrashlytics.framework/_CodeSignature/CodeResources
2026-03-02 07:42:06 +0000  copying file ./Frameworks/FirebaseCrashlytics.framework/FirebaseCrashlytics ... 
2026-03-02 07:42:06 +0000  824624 bytes for ./Frameworks/FirebaseCrashlytics.framework/FirebaseCrashlytics
2026-03-02 07:42:06 +0000  copying file ./Frameworks/FirebaseCrashlytics.framework/FirebaseCrashlytics_Privacy.bundle/PrivacyInfo.xcprivacy ... 
2026-03-02 07:42:06 +0000  1383 bytes for ./Frameworks/FirebaseCrashlytics.framework/FirebaseCrashlytics_Privacy.bundle/PrivacyInfo.xcprivacy
2026-03-02 07:42:06 +0000  copying file ./Frameworks/FirebaseCrashlytics.framework/FirebaseCrashlytics_Privacy.bundle/Info.plist ... 
2026-03-02 07:42:06 +0000  803 bytes for ./Frameworks/FirebaseCrashlytics.framework/FirebaseCrashlytics_Privacy.bundle/Info.plist
2026-03-02 07:42:06 +0000  copying file ./Frameworks/FirebaseCrashlytics.framework/Info.plist ... 
2026-03-02 07:42:06 +0000  812 bytes for ./Frameworks/FirebaseCrashlytics.framework/Info.plist
2026-03-02 07:42:06 +0000  copying file ./Frameworks/GTMSessionFetcher.framework/_CodeSignature/CodeResources ... 
2026-03-02 07:42:06 +0000  2392 bytes for ./Frameworks/GTMSessionFetcher.framework/_CodeSignature/CodeResources
2026-03-02 07:42:06 +0000  copying file ./Frameworks/GTMSessionFetcher.framework/GTMSessionFetcher ... 
2026-03-02 07:42:06 +0000  412320 bytes for ./Frameworks/GTMSessionFetcher.framework/GTMSessionFetcher
2026-03-02 07:42:06 +0000  copying file ./Frameworks/GTMSessionFetcher.framework/GTMSessionFetcher_Core_Privacy.bundle/PrivacyInfo.xcprivacy ... 
2026-03-02 07:42:06 +0000  598 bytes for ./Frameworks/GTMSessionFetcher.framework/GTMSessionFetcher_Core_Privacy.bundle/PrivacyInfo.xcprivacy
2026-03-02 07:42:06 +0000  copying file ./Frameworks/GTMSessionFetcher.framework/GTMSessionFetcher_Core_Privacy.bundle/Info.plist ... 
2026-03-02 07:42:06 +0000  808 bytes for ./Frameworks/GTMSessionFetcher.framework/GTMSessionFetcher_Core_Privacy.bundle/Info.plist
2026-03-02 07:42:06 +0000  copying file ./Frameworks/GTMSessionFetcher.framework/Info.plist ... 
2026-03-02 07:42:06 +0000  807 bytes for ./Frameworks/GTMSessionFetcher.framework/Info.plist
2026-03-02 07:42:06 +0000  copying file ./Frameworks/FBLPromises.framework/_CodeSignature/CodeResources ... 
2026-03-02 07:42:06 +0000  2348 bytes for ./Frameworks/FBLPromises.framework/_CodeSignature/CodeResources
2026-03-02 07:42:06 +0000  copying file ./Frameworks/FBLPromises.framework/FBLPromises_Privacy.bundle/PrivacyInfo.xcprivacy ... 
2026-03-02 07:42:06 +0000  373 bytes for ./Frameworks/FBLPromises.framework/FBLPromises_Privacy.bundle/PrivacyInfo.xcprivacy
2026-03-02 07:42:06 +0000  copying file ./Frameworks/FBLPromises.framework/FBLPromises_Privacy.bundle/Info.plist ... 
2026-03-02 07:42:06 +0000  786 bytes for ./Frameworks/FBLPromises.framework/FBLPromises_Privacy.bundle/Info.plist
2026-03-02 07:42:06 +0000  copying file ./Frameworks/FBLPromises.framework/FBLPromises ... 
2026-03-02 07:42:06 +0000  188272 bytes for ./Frameworks/FBLPromises.framework/FBLPromises
2026-03-02 07:42:06 +0000  copying file ./Frameworks/FBLPromises.framework/Info.plist ... 
2026-03-02 07:42:06 +0000  793 bytes for ./Frameworks/FBLPromises.framework/Info.plist
2026-03-02 07:42:06 +0000  copying file ./Frameworks/KituraContracts.framework/_CodeSignature/CodeResources ... 
2026-03-02 07:42:06 +0000  1798 bytes for ./Frameworks/KituraContracts.framework/_CodeSignature/CodeResources
2026-03-02 07:42:06 +0000  copying file ./Frameworks/KituraContracts.framework/KituraContracts ... 
2026-03-02 07:42:06 +0000  742720 bytes for ./Frameworks/KituraContracts.framework/KituraContracts
2026-03-02 07:42:06 +0000  copying file ./Frameworks/KituraContracts.framework/Info.plist ... 
2026-03-02 07:42:06 +0000  803 bytes for ./Frameworks/KituraContracts.framework/Info.plist
2026-03-02 07:42:06 +0000  copying file ./Frameworks/SVProgressHUD.framework/_CodeSignature/CodeResources ... 
2026-03-02 07:42:06 +0000  5070 bytes for ./Frameworks/SVProgressHUD.framework/_CodeSignature/CodeResources
2026-03-02 07:42:06 +0000  copying file ./Frameworks/SVProgressHUD.framework/SVProgressHUD ... 
2026-03-02 07:42:06 +0000  194016 bytes for ./Frameworks/SVProgressHUD.framework/SVProgressHUD
2026-03-02 07:42:06 +0000  copying file ./Frameworks/SVProgressHUD.framework/PrivacyInfo.xcprivacy ... 
2026-03-02 07:42:06 +0000  373 bytes for ./Frameworks/SVProgressHUD.framework/PrivacyInfo.xcprivacy
2026-03-02 07:42:06 +0000  copying file ./Frameworks/SVProgressHUD.framework/SVProgressHUD.bundle/info.png ... 
2026-03-02 07:42:06 +0000  365 bytes for ./Frameworks/SVProgressHUD.framework/SVProgressHUD.bundle/info.png
2026-03-02 07:42:06 +0000  copying file ./Frameworks/SVProgressHUD.framework/SVProgressHUD.bundle/error@3x.png ... 
2026-03-02 07:42:06 +0000  398 bytes for ./Frameworks/SVProgressHUD.framework/SVProgressHUD.bundle/error@3x.png
2026-03-02 07:42:06 +0000  copying file ./Frameworks/SVProgressHUD.framework/SVProgressHUD.bundle/angle-mask@3x.png ... 
2026-03-02 07:42:06 +0000  8319 bytes for ./Frameworks/SVProgressHUD.framework/SVProgressHUD.bundle/angle-mask@3x.png
2026-03-02 07:42:06 +0000  copying file ./Frameworks/SVProgressHUD.framework/SVProgressHUD.bundle/angle-mask@2x.png ... 
2026-03-02 07:42:06 +0000  4893 bytes for ./Frameworks/SVProgressHUD.framework/SVProgressHUD.bundle/angle-mask@2x.png
2026-03-02 07:42:06 +0000  copying file ./Frameworks/SVProgressHUD.framework/SVProgressHUD.bundle/error@2x.png ... 
2026-03-02 07:42:06 +0000  306 bytes for ./Frameworks/SVProgressHUD.framework/SVProgressHUD.bundle/error@2x.png
2026-03-02 07:42:06 +0000  copying file ./Frameworks/SVProgressHUD.framework/SVProgressHUD.bundle/info@3x.png ... 
2026-03-02 07:42:06 +0000  1200 bytes for ./Frameworks/SVProgressHUD.framework/SVProgressHUD.bundle/info@3x.png
2026-03-02 07:42:06 +0000  copying file ./Frameworks/SVProgressHUD.framework/SVProgressHUD.bundle/success@2x.png ... 
2026-03-02 07:42:06 +0000  462 bytes for ./Frameworks/SVProgressHUD.framework/SVProgressHUD.bundle/success@2x.png
2026-03-02 07:42:06 +0000  copying file ./Frameworks/SVProgressHUD.framework/SVProgressHUD.bundle/success@3x.png ... 
2026-03-02 07:42:06 +0000  714 bytes for ./Frameworks/SVProgressHUD.framework/SVProgressHUD.bundle/success@3x.png
2026-03-02 07:42:06 +0000  copying file ./Frameworks/SVProgressHUD.framework/SVProgressHUD.bundle/info@2x.png ... 
2026-03-02 07:42:06 +0000  816 bytes for ./Frameworks/SVProgressHUD.framework/SVProgressHUD.bundle/info@2x.png
2026-03-02 07:42:06 +0000  copying file ./Frameworks/SVProgressHUD.framework/SVProgressHUD.bundle/error.png ... 
2026-03-02 07:42:06 +0000  184 bytes for ./Frameworks/SVProgressHUD.framework/SVProgressHUD.bundle/error.png
2026-03-02 07:42:06 +0000  copying file ./Frameworks/SVProgressHUD.framework/SVProgressHUD.bundle/success.png ... 
2026-03-02 07:42:06 +0000  262 bytes for ./Frameworks/SVProgressHUD.framework/SVProgressHUD.bundle/success.png
2026-03-02 07:42:06 +0000  copying file ./Frameworks/SVProgressHUD.framework/SVProgressHUD.bundle/angle-mask.png ... 
2026-03-02 07:42:06 +0000  1845 bytes for ./Frameworks/SVProgressHUD.framework/SVProgressHUD.bundle/angle-mask.png
2026-03-02 07:42:06 +0000  copying file ./Frameworks/SVProgressHUD.framework/Info.plist ... 
2026-03-02 07:42:06 +0000  797 bytes for ./Frameworks/SVProgressHUD.framework/Info.plist
2026-03-02 07:42:06 +0000  copying file ./Frameworks/CryptorRSA.framework/_CodeSignature/CodeResources ... 
2026-03-02 07:42:06 +0000  1798 bytes for ./Frameworks/CryptorRSA.framework/_CodeSignature/CodeResources
2026-03-02 07:42:06 +0000  copying file ./Frameworks/CryptorRSA.framework/CryptorRSA ... 
2026-03-02 07:42:06 +0000  241824 bytes for ./Frameworks/CryptorRSA.framework/CryptorRSA
2026-03-02 07:42:06 +0000  copying file ./Frameworks/CryptorRSA.framework/Info.plist ... 
2026-03-02 07:42:06 +0000  793 bytes for ./Frameworks/CryptorRSA.framework/Info.plist
2026-03-02 07:42:06 +0000  copying file ./Frameworks/FirebaseCoreInternal.framework/_CodeSignature/CodeResources ... 
2026-03-02 07:42:06 +0000  2384 bytes for ./Frameworks/FirebaseCoreInternal.framework/_CodeSignature/CodeResources
2026-03-02 07:42:06 +0000  copying file ./Frameworks/FirebaseCoreInternal.framework/FirebaseCoreInternal_Privacy.bundle/PrivacyInfo.xcprivacy ... 
2026-03-02 07:42:06 +0000  855 bytes for ./Frameworks/FirebaseCoreInternal.framework/FirebaseCoreInternal_Privacy.bundle/PrivacyInfo.xcprivacy
2026-03-02 07:42:06 +0000  copying file ./Frameworks/FirebaseCoreInternal.framework/FirebaseCoreInternal_Privacy.bundle/Info.plist ... 
2026-03-02 07:42:06 +0000  805 bytes for ./Frameworks/FirebaseCoreInternal.framework/FirebaseCoreInternal_Privacy.bundle/Info.plist
2026-03-02 07:42:06 +0000  copying file ./Frameworks/FirebaseCoreInternal.framework/FirebaseCoreInternal ... 
2026-03-02 07:42:06 +0000  330528 bytes for ./Frameworks/FirebaseCoreInternal.framework/FirebaseCoreInternal
2026-03-02 07:42:06 +0000  copying file ./Frameworks/FirebaseCoreInternal.framework/Info.plist ... 
2026-03-02 07:42:06 +0000  814 bytes for ./Frameworks/FirebaseCoreInternal.framework/Info.plist
2026-03-02 07:42:06 +0000  copying file ./Frameworks/FirebaseSharedSwift.framework/_CodeSignature/CodeResources ... 
2026-03-02 07:42:06 +0000  1798 bytes for ./Frameworks/FirebaseSharedSwift.framework/_CodeSignature/CodeResources
2026-03-02 07:42:06 +0000  copying file ./Frameworks/FirebaseSharedSwift.framework/FirebaseSharedSwift ... 
2026-03-02 07:42:06 +0000  522464 bytes for ./Frameworks/FirebaseSharedSwift.framework/FirebaseSharedSwift
2026-03-02 07:42:06 +0000  copying file ./Frameworks/FirebaseSharedSwift.framework/Info.plist ... 
2026-03-02 07:42:06 +0000  812 bytes for ./Frameworks/FirebaseSharedSwift.framework/Info.plist
2026-03-02 07:42:06 +0000  copying file ./Frameworks/FirebaseCore.framework/_CodeSignature/CodeResources ... 
2026-03-02 07:42:06 +0000  2352 bytes for ./Frameworks/FirebaseCore.framework/_CodeSignature/CodeResources
2026-03-02 07:42:06 +0000  copying file ./Frameworks/FirebaseCore.framework/FirebaseCore_Privacy.bundle/PrivacyInfo.xcprivacy ... 
2026-03-02 07:42:06 +0000  855 bytes for ./Frameworks/FirebaseCore.framework/FirebaseCore_Privacy.bundle/PrivacyInfo.xcprivacy
2026-03-02 07:42:06 +0000  copying file ./Frameworks/FirebaseCore.framework/FirebaseCore_Privacy.bundle/Info.plist ... 
2026-03-02 07:42:06 +0000  789 bytes for ./Frameworks/FirebaseCore.framework/FirebaseCore_Privacy.bundle/Info.plist
2026-03-02 07:42:06 +0000  copying file ./Frameworks/FirebaseCore.framework/FirebaseCore ... 
2026-03-02 07:42:06 +0000  201184 bytes for ./Frameworks/FirebaseCore.framework/FirebaseCore
2026-03-02 07:42:06 +0000  copying file ./Frameworks/FirebaseCore.framework/Info.plist ... 
2026-03-02 07:42:06 +0000  796 bytes for ./Frameworks/FirebaseCore.framework/Info.plist
2026-03-02 07:42:06 +0000  copying file ./Frameworks/FirebaseSessions.framework/_CodeSignature/CodeResources ... 
2026-03-02 07:42:06 +0000  1798 bytes for ./Frameworks/FirebaseSessions.framework/_CodeSignature/CodeResources
2026-03-02 07:42:06 +0000  copying file ./Frameworks/FirebaseSessions.framework/FirebaseSessions ... 
2026-03-02 07:42:06 +0000  349168 bytes for ./Frameworks/FirebaseSessions.framework/FirebaseSessions
2026-03-02 07:42:06 +0000  copying file ./Frameworks/FirebaseSessions.framework/Info.plist ... 
2026-03-02 07:42:06 +0000  806 bytes for ./Frameworks/FirebaseSessions.framework/Info.plist
2026-03-02 07:42:06 +0000  copying file ./Frameworks/GoogleUtilities.framework/_CodeSignature/CodeResources ... 
2026-03-02 07:42:06 +0000  2364 bytes for ./Frameworks/GoogleUtilities.framework/_CodeSignature/CodeResources
2026-03-02 07:42:06 +0000  copying file ./Frameworks/GoogleUtilities.framework/GoogleUtilities_Privacy.bundle/PrivacyInfo.xcprivacy ... 
2026-03-02 07:42:06 +0000  1233 bytes for ./Frameworks/GoogleUtilities.framework/GoogleUtilities_Privacy.bundle/PrivacyInfo.xcprivacy
2026-03-02 07:42:06 +0000  copying file ./Frameworks/GoogleUtilities.framework/GoogleUtilities_Privacy.bundle/Info.plist ... 
2026-03-02 07:42:06 +0000  794 bytes for ./Frameworks/GoogleUtilities.framework/GoogleUtilities_Privacy.bundle/Info.plist
2026-03-02 07:42:06 +0000  copying file ./Frameworks/GoogleUtilities.framework/GoogleUtilities ... 
2026-03-02 07:42:06 +0000  283696 bytes for ./Frameworks/GoogleUtilities.framework/GoogleUtilities
2026-03-02 07:42:06 +0000  copying file ./Frameworks/GoogleUtilities.framework/Info.plist ... 
2026-03-02 07:42:06 +0000  803 bytes for ./Frameworks/GoogleUtilities.framework/Info.plist
2026-03-02 07:42:06 +0000  copying file ./Frameworks/Realm.framework/_CodeSignature/CodeResources ... 
2026-03-02 07:42:06 +0000  2344 bytes for ./Frameworks/Realm.framework/_CodeSignature/CodeResources
2026-03-02 07:42:06 +0000  copying file ./Frameworks/Realm.framework/realm_objc_privacy.bundle/PrivacyInfo.xcprivacy ... 
2026-03-02 07:42:06 +0000  599 bytes for ./Frameworks/Realm.framework/realm_objc_privacy.bundle/PrivacyInfo.xcprivacy
2026-03-02 07:42:06 +0000  copying file ./Frameworks/Realm.framework/realm_objc_privacy.bundle/Info.plist ... 
2026-03-02 07:42:06 +0000  786 bytes for ./Frameworks/Realm.framework/realm_objc_privacy.bundle/Info.plist
2026-03-02 07:42:06 +0000  copying file ./Frameworks/Realm.framework/Info.plist ... 
2026-03-02 07:42:06 +0000  783 bytes for ./Frameworks/Realm.framework/Info.plist
2026-03-02 07:42:06 +0000  copying file ./Frameworks/Realm.framework/Realm ... 
2026-03-02 07:42:06 +0000  8734496 bytes for ./Frameworks/Realm.framework/Realm
2026-03-02 07:42:06 +0000  copying file ./Frameworks/FirebaseAuth.framework/FirebaseAuth_Privacy.bundle/PrivacyInfo.xcprivacy ... 
2102 bytes for ./Frameworks/FirebaseAuth.framework/FirebaseAuth_Privacy.bundle/PrivacyInfo.xcprivacy
copying file ./Frameworks/FirebaseAuth.framework/FirebaseAuth_Privacy.bundle/Info.plist ... 
789 bytes for ./Frameworks/FirebaseAuth.framework/FirebaseAuth_Privacy.bundle/Info.plist
copying file ./Frameworks/FirebaseAuth.framework/_CodeSignature/CodeResources ... 
2352 bytes for ./Frameworks/FirebaseAuth.framework/_CodeSignature/CodeResources
copying file ./Frameworks/FirebaseAuth.framework/FirebaseAuth ... 
2026-03-02 07:42:06 +0000  2573072 bytes for ./Frameworks/FirebaseAuth.framework/FirebaseAuth
2026-03-02 07:42:06 +0000  copying file ./Frameworks/FirebaseAuth.framework/Info.plist ... 
796 bytes for ./Frameworks/FirebaseAuth.framework/Info.plist
2026-03-02 07:42:06 +0000  copying file ./Frameworks/FirebaseMessaging.framework/_CodeSignature/CodeResources ... 
2026-03-02 07:42:06 +0000  2372 bytes for ./Frameworks/FirebaseMessaging.framework/_CodeSignature/CodeResources
2026-03-02 07:42:06 +0000  copying file ./Frameworks/FirebaseMessaging.framework/FirebaseMessaging_Privacy.bundle/PrivacyInfo.xcprivacy ... 
2026-03-02 07:42:06 +0000  2357 bytes for ./Frameworks/FirebaseMessaging.framework/FirebaseMessaging_Privacy.bundle/PrivacyInfo.xcprivacy
2026-03-02 07:42:06 +0000  copying file ./Frameworks/FirebaseMessaging.framework/FirebaseMessaging_Privacy.bundle/Info.plist ... 
2026-03-02 07:42:06 +0000  799 bytes for ./Frameworks/FirebaseMessaging.framework/FirebaseMessaging_Privacy.bundle/Info.plist
2026-03-02 07:42:06 +0000  copying file ./Frameworks/FirebaseMessaging.framework/FirebaseMessaging ... 
2026-03-02 07:42:06 +0000  501056 bytes for ./Frameworks/FirebaseMessaging.framework/FirebaseMessaging
2026-03-02 07:42:06 +0000  copying file ./Frameworks/FirebaseMessaging.framework/Info.plist ... 
2026-03-02 07:42:06 +0000  808 bytes for ./Frameworks/FirebaseMessaging.framework/Info.plist
2026-03-02 07:42:06 +0000  copying file ./Frameworks/FirebaseAppCheckInterop.framework/_CodeSignature/CodeResources ... 
2026-03-02 07:42:06 +0000  1798 bytes for ./Frameworks/FirebaseAppCheckInterop.framework/_CodeSignature/CodeResources
2026-03-02 07:42:06 +0000  copying file ./Frameworks/FirebaseAppCheckInterop.framework/FirebaseAppCheckInterop ... 
2026-03-02 07:42:06 +0000  86368 bytes for ./Frameworks/FirebaseAppCheckInterop.framework/FirebaseAppCheckInterop
2026-03-02 07:42:06 +0000  copying file ./Frameworks/FirebaseAppCheckInterop.framework/Info.plist ... 
2026-03-02 07:42:06 +0000  820 bytes for ./Frameworks/FirebaseAppCheckInterop.framework/Info.plist
2026-03-02 07:42:06 +0000  copying file ./Frameworks/FirebaseCoreExtension.framework/_CodeSignature/CodeResources ... 
2026-03-02 07:42:06 +0000  2388 bytes for ./Frameworks/FirebaseCoreExtension.framework/_CodeSignature/CodeResources
2026-03-02 07:42:06 +0000  copying file ./Frameworks/FirebaseCoreExtension.framework/FirebaseCoreExtension ... 
2026-03-02 07:42:06 +0000  86320 bytes for ./Frameworks/FirebaseCoreExtension.framework/FirebaseCoreExtension
2026-03-02 07:42:06 +0000  copying file ./Frameworks/FirebaseCoreExtension.framework/FirebaseCoreExtension_Privacy.bundle/PrivacyInfo.xcprivacy ... 
2026-03-02 07:42:06 +0000  478 bytes for ./Frameworks/FirebaseCoreExtension.framework/FirebaseCoreExtension_Privacy.bundle/PrivacyInfo.xcprivacy
2026-03-02 07:42:06 +0000  copying file ./Frameworks/FirebaseCoreExtension.framework/FirebaseCoreExtension_Privacy.bundle/Info.plist ... 
2026-03-02 07:42:06 +0000  807 bytes for ./Frameworks/FirebaseCoreExtension.framework/FirebaseCoreExtension_Privacy.bundle/Info.plist
2026-03-02 07:42:06 +0000  copying file ./Frameworks/FirebaseCoreExtension.framework/Info.plist ... 
2026-03-02 07:42:06 +0000  816 bytes for ./Frameworks/FirebaseCoreExtension.framework/Info.plist
2026-03-02 07:42:06 +0000  copying file ./Frameworks/SwiftJWT.framework/_CodeSignature/CodeResources ... 
2026-03-02 07:42:06 +0000  1798 bytes for ./Frameworks/SwiftJWT.framework/_CodeSignature/CodeResources
2026-03-02 07:42:06 +0000  copying file ./Frameworks/SwiftJWT.framework/SwiftJWT ... 
2026-03-02 07:42:06 +0000  556336 bytes for ./Frameworks/SwiftJWT.framework/SwiftJWT
2026-03-02 07:42:06 +0000  copying file ./Frameworks/SwiftJWT.framework/Info.plist ... 
2026-03-02 07:42:06 +0000  789 bytes for ./Frameworks/SwiftJWT.framework/Info.plist
2026-03-02 07:42:06 +0000  copying file ./Frameworks/DropDown.framework/_CodeSignature/CodeResources ... 
2026-03-02 07:42:06 +0000  2024 bytes for ./Frameworks/DropDown.framework/_CodeSignature/CodeResources
2026-03-02 07:42:06 +0000  copying file ./Frameworks/DropDown.framework/DropDown ... 
2026-03-02 07:42:06 +0000  300864 bytes for ./Frameworks/DropDown.framework/DropDown
2026-03-02 07:42:06 +0000  copying file ./Frameworks/DropDown.framework/DropDownCell.nib ... 
2026-03-02 07:42:06 +0000  2547 bytes for ./Frameworks/DropDown.framework/DropDownCell.nib
2026-03-02 07:42:06 +0000  copying file ./Frameworks/DropDown.framework/Info.plist ... 
2026-03-02 07:42:06 +0000  787 bytes for ./Frameworks/DropDown.framework/Info.plist
2026-03-02 07:42:06 +0000  copying file ./Frameworks/FirebaseFirestoreInternal.framework/_CodeSignature/CodeResources ... 
2026-03-02 07:42:06 +0000  2404 bytes for ./Frameworks/FirebaseFirestoreInternal.framework/_CodeSignature/CodeResources
2026-03-02 07:42:06 +0000  copying file ./Frameworks/FirebaseFirestoreInternal.framework/FirebaseFirestoreInternal ... 
2026-03-02 07:42:06 +0000  4902576 bytes for ./Frameworks/FirebaseFirestoreInternal.framework/FirebaseFirestoreInternal
2026-03-02 07:42:06 +0000  copying file ./Frameworks/FirebaseFirestoreInternal.framework/FirebaseFirestoreInternal_Privacy.bundle/PrivacyInfo.xcprivacy ... 
1105 bytes for ./Frameworks/FirebaseFirestoreInternal.framework/FirebaseFirestoreInternal_Privacy.bundle/PrivacyInfo.xcprivacy
copying file ./Frameworks/FirebaseFirestoreInternal.framework/FirebaseFirestoreInternal_Privacy.bundle/Info.plist ... 
815 bytes for ./Frameworks/FirebaseFirestoreInternal.framework/FirebaseFirestoreInternal_Privacy.bundle/Info.plist
copying file ./Frameworks/FirebaseFirestoreInternal.framework/Info.plist ... 
824 bytes for ./Frameworks/FirebaseFirestoreInternal.framework/Info.plist
2026-03-02 07:42:06 +0000  copying file ./Frameworks/JWTCodable.framework/_CodeSignature/CodeResources ... 
2026-03-02 07:42:06 +0000  1798 bytes for ./Frameworks/JWTCodable.framework/_CodeSignature/CodeResources
2026-03-02 07:42:06 +0000  copying file ./Frameworks/JWTCodable.framework/JWTCodable ... 
2026-03-02 07:42:06 +0000  202048 bytes for ./Frameworks/JWTCodable.framework/JWTCodable
2026-03-02 07:42:06 +0000  copying file ./Frameworks/JWTCodable.framework/Info.plist ... 
2026-03-02 07:42:06 +0000  791 bytes for ./Frameworks/JWTCodable.framework/Info.plist
2026-03-02 07:42:06 +0000  copying file ./Frameworks/nanopb.framework/_CodeSignature/CodeResources ... 
2026-03-02 07:42:06 +0000  2328 bytes for ./Frameworks/nanopb.framework/_CodeSignature/CodeResources
2026-03-02 07:42:06 +0000  copying file ./Frameworks/nanopb.framework/nanopb_Privacy.bundle/PrivacyInfo.xcprivacy ... 
2026-03-02 07:42:06 +0000  374 bytes for ./Frameworks/nanopb.framework/nanopb_Privacy.bundle/PrivacyInfo.xcprivacy
2026-03-02 07:42:06 +0000  copying file ./Frameworks/nanopb.framework/nanopb_Privacy.bundle/Info.plist ... 
2026-03-02 07:42:06 +0000  778 bytes for ./Frameworks/nanopb.framework/nanopb_Privacy.bundle/Info.plist
2026-03-02 07:42:06 +0000  copying file ./Frameworks/nanopb.framework/nanopb ... 
2026-03-02 07:42:06 +0000  95056 bytes for ./Frameworks/nanopb.framework/nanopb
2026-03-02 07:42:06 +0000  copying file ./Frameworks/nanopb.framework/Info.plist ... 
2026-03-02 07:42:06 +0000  787 bytes for ./Frameworks/nanopb.framework/Info.plist
2026-03-02 07:42:06 +0000  copying file ./Frameworks/FirebaseRemoteConfigInterop.framework/_CodeSignature/CodeResources ... 
2026-03-02 07:42:06 +0000  1798 bytes for ./Frameworks/FirebaseRemoteConfigInterop.framework/_CodeSignature/CodeResources
2026-03-02 07:42:06 +0000  copying file ./Frameworks/FirebaseRemoteConfigInterop.framework/FirebaseRemoteConfigInterop ... 
2026-03-02 07:42:06 +0000  128928 bytes for ./Frameworks/FirebaseRemoteConfigInterop.framework/FirebaseRemoteConfigInterop
2026-03-02 07:42:06 +0000  copying file ./Frameworks/FirebaseRemoteConfigInterop.framework/Info.plist ... 
2026-03-02 07:42:06 +0000  828 bytes for ./Frameworks/FirebaseRemoteConfigInterop.framework/Info.plist
2026-03-02 07:42:06 +0000  copying file ./Frameworks/Promises.framework/_CodeSignature/CodeResources ... 
2026-03-02 07:42:06 +0000  2336 bytes for ./Frameworks/Promises.framework/_CodeSignature/CodeResources
2026-03-02 07:42:06 +0000  copying file ./Frameworks/Promises.framework/Promises ... 
2026-03-02 07:42:06 +0000  219040 bytes for ./Frameworks/Promises.framework/Promises
2026-03-02 07:42:06 +0000  copying file ./Frameworks/Promises.framework/Info.plist ... 
2026-03-02 07:42:06 +0000  787 bytes for ./Frameworks/Promises.framework/Info.plist
2026-03-02 07:42:06 +0000  copying file ./Frameworks/Promises.framework/Promises_Privacy.bundle/PrivacyInfo.xcprivacy ... 
2026-03-02 07:42:06 +0000  373 bytes for ./Frameworks/Promises.framework/Promises_Privacy.bundle/PrivacyInfo.xcprivacy
2026-03-02 07:42:06 +0000  copying file ./Frameworks/Promises.framework/Promises_Privacy.bundle/Info.plist ... 
2026-03-02 07:42:06 +0000  780 bytes for ./Frameworks/Promises.framework/Promises_Privacy.bundle/Info.plist
2026-03-02 07:42:06 +0000  copying file ./Frameworks/CHRTextFieldFormatter.framework/_CodeSignature/CodeResources ... 
2026-03-02 07:42:06 +0000  1798 bytes for ./Frameworks/CHRTextFieldFormatter.framework/_CodeSignature/CodeResources
2026-03-02 07:42:06 +0000  copying file ./Frameworks/CHRTextFieldFormatter.framework/CHRTextFieldFormatter ... 
2026-03-02 07:42:06 +0000  97648 bytes for ./Frameworks/CHRTextFieldFormatter.framework/CHRTextFieldFormatter
2026-03-02 07:42:06 +0000  copying file ./Frameworks/CHRTextFieldFormatter.framework/Info.plist ... 
2026-03-02 07:42:06 +0000  815 bytes for ./Frameworks/CHRTextFieldFormatter.framework/Info.plist
2026-03-02 07:42:06 +0000  copying file ./Frameworks/Zip.framework/_CodeSignature/CodeResources ... 
2026-03-02 07:42:06 +0000  1798 bytes for ./Frameworks/Zip.framework/_CodeSignature/CodeResources
2026-03-02 07:42:06 +0000  copying file ./Frameworks/Zip.framework/Zip ... 
2026-03-02 07:42:06 +0000  209872 bytes for ./Frameworks/Zip.framework/Zip
2026-03-02 07:42:06 +0000  copying file ./Frameworks/Zip.framework/Info.plist ... 
2026-03-02 07:42:06 +0000  777 bytes for ./Frameworks/Zip.framework/Info.plist
2026-03-02 07:42:06 +0000  copying file ./Frameworks/IQKeyboardManagerSwift.framework/_CodeSignature/CodeResources ... 
2026-03-02 07:42:06 +0000  4122 bytes for ./Frameworks/IQKeyboardManagerSwift.framework/_CodeSignature/CodeResources
2026-03-02 07:42:06 +0000  copying file ./Frameworks/IQKeyboardManagerSwift.framework/IQKeyboardManager.bundle/IQButtonBarArrowRight@2x.png ... 
2026-03-02 07:42:06 +0000  1786 bytes for ./Frameworks/IQKeyboardManagerSwift.framework/IQKeyboardManager.bundle/IQButtonBarArrowRight@2x.png
2026-03-02 07:42:06 +0000  copying file ./Frameworks/IQKeyboardManagerSwift.framework/IQKeyboardManager.bundle/IQButtonBarArrowUp@3x.png ... 
2026-03-02 07:42:06 +0000  2164 bytes for ./Frameworks/IQKeyboardManagerSwift.framework/IQKeyboardManager.bundle/IQButtonBarArrowUp@3x.png
2026-03-02 07:42:06 +0000  copying file ./Frameworks/IQKeyboardManagerSwift.framework/IQKeyboardManager.bundle/IQButtonBarArrowUp@2x.png ... 
2026-03-02 07:42:06 +0000  1769 bytes for ./Frameworks/IQKeyboardManagerSwift.framework/IQKeyboardManager.bundle/IQButtonBarArrowUp@2x.png
2026-03-02 07:42:06 +0000  copying file ./Frameworks/IQKeyboardManagerSwift.framework/IQKeyboardManager.bundle/IQButtonBarArrowRight@3x.png ... 
2026-03-02 07:42:06 +0000  1844 bytes for ./Frameworks/IQKeyboardManagerSwift.framework/IQKeyboardManager.bundle/IQButtonBarArrowRight@3x.png
2026-03-02 07:42:06 +0000  copying file ./Frameworks/IQKeyboardManagerSwift.framework/IQKeyboardManager.bundle/IQButtonBarArrowLeft@3x.png ... 
2026-03-02 07:42:06 +0000  1815 bytes for ./Frameworks/IQKeyboardManagerSwift.framework/IQKeyboardManager.bundle/IQButtonBarArrowLeft@3x.png
2026-03-02 07:42:06 +0000  copying file ./Frameworks/IQKeyboardManagerSwift.framework/IQKeyboardManager.bundle/IQButtonBarArrowDown@3x.png ... 
2026-03-02 07:42:06 +0000  2177 bytes for ./Frameworks/IQKeyboardManagerSwift.framework/IQKeyboardManager.bundle/IQButtonBarArrowDown@3x.png
2026-03-02 07:42:06 +0000  copying file ./Frameworks/IQKeyboardManagerSwift.framework/IQKeyboardManager.bundle/IQButtonBarArrowDown@2x.png ... 
2026-03-02 07:42:06 +0000  1764 bytes for ./Frameworks/IQKeyboardManagerSwift.framework/IQKeyboardManager.bundle/IQButtonBarArrowDown@2x.png
2026-03-02 07:42:06 +0000  copying file ./Frameworks/IQKeyboardManagerSwift.framework/IQKeyboardManager.bundle/IQButtonBarArrowLeft@2x.png ... 
2026-03-02 07:42:06 +0000  1793 bytes for ./Frameworks/IQKeyboardManagerSwift.framework/IQKeyboardManager.bundle/IQButtonBarArrowLeft@2x.png
2026-03-02 07:42:06 +0000  copying file ./Frameworks/IQKeyboardManagerSwift.framework/IQKeyboardManagerSwift ... 
2026-03-02 07:42:06 +0000  633088 bytes for ./Frameworks/IQKeyboardManagerSwift.framework/IQKeyboardManagerSwift
2026-03-02 07:42:06 +0000  copying file ./Frameworks/IQKeyboardManagerSwift.framework/Info.plist ... 
2026-03-02 07:42:06 +0000  817 bytes for ./Frameworks/IQKeyboardManagerSwift.framework/Info.plist
2026-03-02 07:42:06 +0000  copying file ./Frameworks/CryptorECC.framework/_CodeSignature/CodeResources ... 
2026-03-02 07:42:06 +0000  1798 bytes for ./Frameworks/CryptorECC.framework/_CodeSignature/CodeResources
2026-03-02 07:42:06 +0000  copying file ./Frameworks/CryptorECC.framework/Info.plist ... 
2026-03-02 07:42:06 +0000  791 bytes for ./Frameworks/CryptorECC.framework/Info.plist
2026-03-02 07:42:06 +0000  copying file ./Frameworks/CryptorECC.framework/CryptorECC ... 
2026-03-02 07:42:06 +0000  225504 bytes for ./Frameworks/CryptorECC.framework/CryptorECC
2026-03-02 07:42:06 +0000  copying file ./Frameworks/leveldb.framework/_CodeSignature/CodeResources ... 
2026-03-02 07:42:06 +0000  2332 bytes for ./Frameworks/leveldb.framework/_CodeSignature/CodeResources
2026-03-02 07:42:06 +0000  copying file ./Frameworks/leveldb.framework/leveldb ... 
2026-03-02 07:42:06 +0000  464016 bytes for ./Frameworks/leveldb.framework/leveldb
2026-03-02 07:42:06 +0000  copying file ./Frameworks/leveldb.framework/leveldb_Privacy.bundle/PrivacyInfo.xcprivacy ... 
2026-03-02 07:42:06 +0000  856 bytes for ./Frameworks/leveldb.framework/leveldb_Privacy.bundle/PrivacyInfo.xcprivacy
2026-03-02 07:42:06 +0000  copying file ./Frameworks/leveldb.framework/leveldb_Privacy.bundle/Info.plist ... 
2026-03-02 07:42:06 +0000  779 bytes for ./Frameworks/leveldb.framework/leveldb_Privacy.bundle/Info.plist
2026-03-02 07:42:06 +0000  copying file ./Frameworks/leveldb.framework/Info.plist ... 
2026-03-02 07:42:06 +0000  786 bytes for ./Frameworks/leveldb.framework/Info.plist
2026-03-02 07:42:06 +0000  copying file ./Frameworks/grpc.framework/_CodeSignature/CodeResources ... 
2026-03-02 07:42:06 +0000  2288 bytes for ./Frameworks/grpc.framework/_CodeSignature/CodeResources
2026-03-02 07:42:06 +0000  copying file ./Frameworks/grpc.framework/grpc ... 
2026-03-02 07:42:06 +0000  11613632 bytes for ./Frameworks/grpc.framework/grpc
2026-03-02 07:42:06 +0000  copying file ./Frameworks/grpc.framework/grpc.bundle/PrivacyInfo.xcprivacy ... 
599 bytes for ./Frameworks/grpc.framework/grpc.bundle/PrivacyInfo.xcprivacy
copying file ./Frameworks/grpc.framework/grpc.bundle/Info.plist ... 
755 bytes for ./Frameworks/grpc.framework/grpc.bundle/Info.plist
copying file ./Frameworks/grpc.framework/Info.plist ... 
2026-03-02 07:42:06 +0000  780 bytes for ./Frameworks/grpc.framework/Info.plist
2026-03-02 07:42:06 +0000  copying file ./Frameworks/openssl_grpc.framework/_CodeSignature/CodeResources ... 
2026-03-02 07:42:06 +0000  2320 bytes for ./Frameworks/openssl_grpc.framework/_CodeSignature/CodeResources
2026-03-02 07:42:06 +0000  copying file ./Frameworks/openssl_grpc.framework/openssl_grpc ... 
2026-03-02 07:42:06 +0000  2100816 bytes for ./Frameworks/openssl_grpc.framework/openssl_grpc
2026-03-02 07:42:06 +0000  copying file ./Frameworks/openssl_grpc.framework/openssl_grpc.bundle/PrivacyInfo.xcprivacy ... 
2026-03-02 07:42:06 +0000  599 bytes for ./Frameworks/openssl_grpc.framework/openssl_grpc.bundle/PrivacyInfo.xcprivacy
2026-03-02 07:42:06 +0000  copying file ./Frameworks/openssl_grpc.framework/openssl_grpc.bundle/Info.plist ... 
2026-03-02 07:42:06 +0000  771 bytes for ./Frameworks/openssl_grpc.framework/openssl_grpc.bundle/Info.plist
2026-03-02 07:42:06 +0000  copying file ./Frameworks/openssl_grpc.framework/Info.plist ... 
2026-03-02 07:42:06 +0000  796 bytes for ./Frameworks/openssl_grpc.framework/Info.plist
2026-03-02 07:42:06 +0000  copying file ./Frameworks/Logging.framework/_CodeSignature/CodeResources ... 
2026-03-02 07:42:06 +0000  1798 bytes for ./Frameworks/Logging.framework/_CodeSignature/CodeResources
2026-03-02 07:42:06 +0000  copying file ./Frameworks/Logging.framework/Logging ... 
2026-03-02 07:42:06 +0000  228368 bytes for ./Frameworks/Logging.framework/Logging
2026-03-02 07:42:06 +0000  copying file ./Frameworks/Logging.framework/Info.plist ... 
2026-03-02 07:42:06 +0000  785 bytes for ./Frameworks/Logging.framework/Info.plist
2026-03-02 07:42:06 +0000  copying file ./Frameworks/absl.framework/_CodeSignature/CodeResources ... 
2026-03-02 07:42:06 +0000  2308 bytes for ./Frameworks/absl.framework/_CodeSignature/CodeResources
2026-03-02 07:42:06 +0000  copying file ./Frameworks/absl.framework/absl ... 
2026-03-02 07:42:06 +0000  1282944 bytes for ./Frameworks/absl.framework/absl
2026-03-02 07:42:06 +0000  copying file ./Frameworks/absl.framework/xcprivacy.bundle/PrivacyInfo.xcprivacy ... 
2026-03-02 07:42:06 +0000  373 bytes for ./Frameworks/absl.framework/xcprivacy.bundle/PrivacyInfo.xcprivacy
2026-03-02 07:42:06 +0000  copying file ./Frameworks/absl.framework/xcprivacy.bundle/Info.plist ... 
2026-03-02 07:42:06 +0000  771 bytes for ./Frameworks/absl.framework/xcprivacy.bundle/Info.plist
2026-03-02 07:42:06 +0000  copying file ./Frameworks/absl.framework/Info.plist ... 
2026-03-02 07:42:06 +0000  786 bytes for ./Frameworks/absl.framework/Info.plist
2026-03-02 07:42:06 +0000  copying file ./Frameworks/FirebaseInstallations.framework/_CodeSignature/CodeResources ... 
2026-03-02 07:42:06 +0000  2388 bytes for ./Frameworks/FirebaseInstallations.framework/_CodeSignature/CodeResources
2026-03-02 07:42:06 +0000  copying file ./Frameworks/FirebaseInstallations.framework/FirebaseInstallations ... 
2026-03-02 07:42:06 +0000  255312 bytes for ./Frameworks/FirebaseInstallations.framework/FirebaseInstallations
2026-03-02 07:42:06 +0000  copying file ./Frameworks/FirebaseInstallations.framework/FirebaseInstallations_Privacy.bundle/PrivacyInfo.xcprivacy ... 
2026-03-02 07:42:06 +0000  1105 bytes for ./Frameworks/FirebaseInstallations.framework/FirebaseInstallations_Privacy.bundle/PrivacyInfo.xcprivacy
2026-03-02 07:42:06 +0000  copying file ./Frameworks/FirebaseInstallations.framework/FirebaseInstallations_Privacy.bundle/Info.plist ... 
2026-03-02 07:42:06 +0000  807 bytes for ./Frameworks/FirebaseInstallations.framework/FirebaseInstallations_Privacy.bundle/Info.plist
2026-03-02 07:42:06 +0000  copying file ./Frameworks/FirebaseInstallations.framework/Info.plist ... 
2026-03-02 07:42:06 +0000  816 bytes for ./Frameworks/FirebaseInstallations.framework/Info.plist
2026-03-02 07:42:06 +0000  copying file ./Frameworks/Alamofire.framework/_CodeSignature/CodeResources ... 
2026-03-02 07:42:06 +0000  1798 bytes for ./Frameworks/Alamofire.framework/_CodeSignature/CodeResources
2026-03-02 07:42:06 +0000  copying file ./Frameworks/Alamofire.framework/Alamofire ... 
2026-03-02 07:42:06 +0000  969856 bytes for ./Frameworks/Alamofire.framework/Alamofire
2026-03-02 07:42:06 +0000  copying file ./Frameworks/Alamofire.framework/Info.plist ... 
2026-03-02 07:42:06 +0000  789 bytes for ./Frameworks/Alamofire.framework/Info.plist
2026-03-02 07:42:06 +0000  copying file ./Frameworks/ObjectMapper.framework/_CodeSignature/CodeResources ... 
2026-03-02 07:42:06 +0000  1798 bytes for ./Frameworks/ObjectMapper.framework/_CodeSignature/CodeResources
2026-03-02 07:42:06 +0000  copying file ./Frameworks/ObjectMapper.framework/ObjectMapper ... 
2026-03-02 07:42:06 +0000  387328 bytes for ./Frameworks/ObjectMapper.framework/ObjectMapper
2026-03-02 07:42:06 +0000  copying file ./Frameworks/ObjectMapper.framework/Info.plist ... 
2026-03-02 07:42:06 +0000  795 bytes for ./Frameworks/ObjectMapper.framework/Info.plist
2026-03-02 07:42:06 +0000  copying file ./Frameworks/WeScan.framework/de.lproj/Localizable.strings ... 
2026-03-02 07:42:06 +0000  273 bytes for ./Frameworks/WeScan.framework/de.lproj/Localizable.strings
2026-03-02 07:42:06 +0000  copying file ./Frameworks/WeScan.framework/_CodeSignature/CodeResources ... 
2026-03-02 07:42:06 +0000  9340 bytes for ./Frameworks/WeScan.framework/_CodeSignature/CodeResources
2026-03-02 07:42:06 +0000  copying file ./Frameworks/WeScan.framework/zh-Hans.lproj/Localizable.strings ... 
2026-03-02 07:42:06 +0000  239 bytes for ./Frameworks/WeScan.framework/zh-Hans.lproj/Localizable.strings
2026-03-02 07:42:06 +0000  copying file ./Frameworks/WeScan.framework/en.lproj/Localizable.strings ... 
2026-03-02 07:42:06 +0000  248 bytes for ./Frameworks/WeScan.framework/en.lproj/Localizable.strings
2026-03-02 07:42:06 +0000  copying file ./Frameworks/WeScan.framework/flash.png ... 
2026-03-02 07:42:06 +0000  387 bytes for ./Frameworks/WeScan.framework/flash.png
2026-03-02 07:42:06 +0000  copying file ./Frameworks/WeScan.framework/es.lproj/Localizable.strings ... 
2026-03-02 07:42:06 +0000  286 bytes for ./Frameworks/WeScan.framework/es.lproj/Localizable.strings
2026-03-02 07:42:06 +0000  copying file ./Frameworks/WeScan.framework/es-419.lproj/Localizable.strings ... 
2026-03-02 07:42:06 +0000  286 bytes for ./Frameworks/WeScan.framework/es-419.lproj/Localizable.strings
2026-03-02 07:42:06 +0000  copying file ./Frameworks/WeScan.framework/it.lproj/Localizable.strings ... 
2026-03-02 07:42:06 +0000  264 bytes for ./Frameworks/WeScan.framework/it.lproj/Localizable.strings
2026-03-02 07:42:06 +0000  copying file ./Frameworks/WeScan.framework/rotate@3x.png ... 
2026-03-02 07:42:06 +0000  761 bytes for ./Frameworks/WeScan.framework/rotate@3x.png
2026-03-02 07:42:06 +0000  copying file ./Frameworks/WeScan.framework/rotate.png ... 
2026-03-02 07:42:06 +0000  299 bytes for ./Frameworks/WeScan.framework/rotate.png
2026-03-02 07:42:06 +0000  copying file ./Frameworks/WeScan.framework/rotate@2x.png ... 
2026-03-02 07:42:06 +0000  504 bytes for ./Frameworks/WeScan.framework/rotate@2x.png
2026-03-02 07:42:06 +0000  copying file ./Frameworks/WeScan.framework/zh-Hant.lproj/Localizable.strings ... 
2026-03-02 07:42:06 +0000  239 bytes for ./Frameworks/WeScan.framework/zh-Hant.lproj/Localizable.strings
2026-03-02 07:42:06 +0000  copying file ./Frameworks/WeScan.framework/hu.lproj/Localizable.strings ... 
2026-03-02 07:42:06 +0000  293 bytes for ./Frameworks/WeScan.framework/hu.lproj/Localizable.strings
2026-03-02 07:42:06 +0000  copying file ./Frameworks/WeScan.framework/flash@2x.png ... 
2026-03-02 07:42:06 +0000  565 bytes for ./Frameworks/WeScan.framework/flash@2x.png
2026-03-02 07:42:06 +0000  copying file ./Frameworks/WeScan.framework/tr.lproj/Localizable.strings ... 
2026-03-02 07:42:06 +0000  272 bytes for ./Frameworks/WeScan.framework/tr.lproj/Localizable.strings
2026-03-02 07:42:06 +0000  copying file ./Frameworks/WeScan.framework/pl.lproj/Localizable.strings ... 
2026-03-02 07:42:06 +0000  268 bytes for ./Frameworks/WeScan.framework/pl.lproj/Localizable.strings
2026-03-02 07:42:06 +0000  copying file ./Frameworks/WeScan.framework/flashUnavailable@2x.png ... 
2026-03-02 07:42:06 +0000  663 bytes for ./Frameworks/WeScan.framework/flashUnavailable@2x.png
2026-03-02 07:42:06 +0000  copying file ./Frameworks/WeScan.framework/flashUnavailable.png ... 
2026-03-02 07:42:06 +0000  428 bytes for ./Frameworks/WeScan.framework/flashUnavailable.png
2026-03-02 07:42:06 +0000  copying file ./Frameworks/WeScan.framework/flashUnavailable@3x.png ... 
2026-03-02 07:42:06 +0000  1004 bytes for ./Frameworks/WeScan.framework/flashUnavailable@3x.png
2026-03-02 07:42:06 +0000  copying file ./Frameworks/WeScan.framework/pt-BR.lproj/Localizable.strings ... 
2026-03-02 07:42:06 +0000  265 bytes for ./Frameworks/WeScan.framework/pt-BR.lproj/Localizable.strings
2026-03-02 07:42:06 +0000  copying file ./Frameworks/WeScan.framework/ru.lproj/Localizable.strings ... 
2026-03-02 07:42:06 +0000  330 bytes for ./Frameworks/WeScan.framework/ru.lproj/Localizable.strings
2026-03-02 07:42:06 +0000  copying file ./Frameworks/WeScan.framework/flash@3x.png ... 
2026-03-02 07:42:06 +0000  855 bytes for ./Frameworks/WeScan.framework/flash@3x.png
2026-03-02 07:42:06 +0000  copying file ./Frameworks/WeScan.framework/WeScan ... 
2026-03-02 07:42:06 +0000  461120 bytes for ./Frameworks/WeScan.framework/WeScan
2026-03-02 07:42:06 +0000  copying file ./Frameworks/WeScan.framework/fr.lproj/Localizable.strings ... 
2026-03-02 07:42:06 +0000  257 bytes for ./Frameworks/WeScan.framework/fr.lproj/Localizable.strings
2026-03-02 07:42:06 +0000  copying file ./Frameworks/WeScan.framework/enhance@3x.png ... 
2026-03-02 07:42:06 +0000  1022 bytes for ./Frameworks/WeScan.framework/enhance@3x.png
2026-03-02 07:42:06 +0000  copying file ./Frameworks/WeScan.framework/pt-PT.lproj/Localizable.strings ... 
2026-03-02 07:42:06 +0000  263 bytes for ./Frameworks/WeScan.framework/pt-PT.lproj/Localizable.strings
2026-03-02 07:42:06 +0000  copying file ./Frameworks/WeScan.framework/enhance@2x.png ... 
2026-03-02 07:42:06 +0000  699 bytes for ./Frameworks/WeScan.framework/enhance@2x.png
2026-03-02 07:42:06 +0000  copying file ./Frameworks/WeScan.framework/Info.plist ... 
2026-03-02 07:42:06 +0000  783 bytes for ./Frameworks/WeScan.framework/Info.plist
2026-03-02 07:42:06 +0000  copying file ./Frameworks/WeScan.framework/enhance.png ... 
2026-03-02 07:42:06 +0000  414 bytes for ./Frameworks/WeScan.framework/enhance.png
2026-03-02 07:42:06 +0000  copying file ./Frameworks/MaterialShowcase.framework/_CodeSignature/CodeResources ... 
2026-03-02 07:42:06 +0000  1798 bytes for ./Frameworks/MaterialShowcase.framework/_CodeSignature/CodeResources
2026-03-02 07:42:06 +0000  copying file ./Frameworks/MaterialShowcase.framework/MaterialShowcase ... 
2026-03-02 07:42:06 +0000  336720 bytes for ./Frameworks/MaterialShowcase.framework/MaterialShowcase
2026-03-02 07:42:06 +0000  copying file ./Frameworks/MaterialShowcase.framework/Info.plist ... 
2026-03-02 07:42:06 +0000  805 bytes for ./Frameworks/MaterialShowcase.framework/Info.plist
2026-03-02 07:42:06 +0000  copying file ./Frameworks/SDWebImage.framework/_CodeSignature/CodeResources ... 
2026-03-02 07:42:06 +0000  1798 bytes for ./Frameworks/SDWebImage.framework/_CodeSignature/CodeResources
2026-03-02 07:42:06 +0000  copying file ./Frameworks/SDWebImage.framework/SDWebImage ... 
2026-03-02 07:42:06 +0000  373312 bytes for ./Frameworks/SDWebImage.framework/SDWebImage
2026-03-02 07:42:06 +0000  copying file ./Frameworks/SDWebImage.framework/Info.plist ... 
2026-03-02 07:42:06 +0000  791 bytes for ./Frameworks/SDWebImage.framework/Info.plist
2026-03-02 07:42:06 +0000  copying file ./Frameworks/ObjectMapper_Realm.framework/_CodeSignature/CodeResources ... 
2026-03-02 07:42:06 +0000  1798 bytes for ./Frameworks/ObjectMapper_Realm.framework/_CodeSignature/CodeResources
2026-03-02 07:42:06 +0000  copying file ./Frameworks/ObjectMapper_Realm.framework/ObjectMapper_Realm ... 
2026-03-02 07:42:06 +0000  109328 bytes for ./Frameworks/ObjectMapper_Realm.framework/ObjectMapper_Realm
2026-03-02 07:42:06 +0000  copying file ./Frameworks/ObjectMapper_Realm.framework/Info.plist ... 
2026-03-02 07:42:06 +0000  809 bytes for ./Frameworks/ObjectMapper_Realm.framework/Info.plist
2026-03-02 07:42:06 +0000  copying file ./Frameworks/AlamofireObjectMapper.framework/_CodeSignature/CodeResources ... 
2026-03-02 07:42:06 +0000  1798 bytes for ./Frameworks/AlamofireObjectMapper.framework/_CodeSignature/CodeResources
2026-03-02 07:42:06 +0000  copying file ./Frameworks/AlamofireObjectMapper.framework/AlamofireObjectMapper ... 
2026-03-02 07:42:06 +0000  109312 bytes for ./Frameworks/AlamofireObjectMapper.framework/AlamofireObjectMapper
2026-03-02 07:42:06 +0000  copying file ./Frameworks/AlamofireObjectMapper.framework/Info.plist ... 
2026-03-02 07:42:06 +0000  815 bytes for ./Frameworks/AlamofireObjectMapper.framework/Info.plist
2026-03-02 07:42:06 +0000  copying file ./Frameworks/libwebp.framework/_CodeSignature/CodeResources ... 
2026-03-02 07:42:06 +0000  1798 bytes for ./Frameworks/libwebp.framework/_CodeSignature/CodeResources
2026-03-02 07:42:06 +0000  copying file ./Frameworks/libwebp.framework/libwebp ... 
2026-03-02 07:42:06 +0000  653104 bytes for ./Frameworks/libwebp.framework/libwebp
2026-03-02 07:42:06 +0000  copying file ./Frameworks/libwebp.framework/Info.plist ... 
2026-03-02 07:42:06 +0000  785 bytes for ./Frameworks/libwebp.framework/Info.plist
2026-03-02 07:42:06 +0000  copying file ./SF-Pro-Display-BlackItalic.otf ... 
2026-03-02 07:42:06 +0000  146416 bytes for ./SF-Pro-Display-BlackItalic.otf
2026-03-02 07:42:06 +0000  copying file ./SF-Pro-Display-Black.otf ... 
2026-03-02 07:42:06 +0000  319584 bytes for ./SF-Pro-Display-Black.otf
2026-03-02 07:42:06 +0000  copying file ./SF-Pro-Text-BoldItalic.otf ... 
2026-03-02 07:42:06 +0000  178788 bytes for ./SF-Pro-Text-BoldItalic.otf
2026-03-02 07:42:06 +0000  copying file ./SF-Pro-Text-RegularItalic.otf ... 
2026-03-02 07:42:06 +0000  168992 bytes for ./SF-Pro-Text-RegularItalic.otf
2026-03-02 07:42:06 +0000  copying file ./embedded.mobileprovision ... 
2026-03-02 07:42:06 +0000  40213 bytes for ./embedded.mobileprovision
2026-03-02 07:42:06 +0000  copying file ./SF-Pro-Text-Semibold.otf ... 
2026-03-02 07:42:06 +0000  342656 bytes for ./SF-Pro-Text-Semibold.otf
2026-03-02 07:42:06 +0000  copying file ./SF-Pro-Text-HeavyItalic.otf ... 
2026-03-02 07:42:06 +0000  178644 bytes for ./SF-Pro-Text-HeavyItalic.otf
2026-03-02 07:42:06 +0000  copying file ./SFUIText-Semibold.otf ... 
2026-03-02 07:42:06 +0000  222660 bytes for ./SFUIText-Semibold.otf
2026-03-02 07:42:06 +0000  copying file ./SF-Pro-Display-ThinItalic.otf ... 
2026-03-02 07:42:06 +0000  157916 bytes for ./SF-Pro-Display-ThinItalic.otf
2026-03-02 07:42:06 +0000  copying file ./SF-Pro-Text-LightItalic.otf ... 
2026-03-02 07:42:06 +0000  178060 bytes for ./SF-Pro-Text-LightItalic.otf
2026-03-02 07:42:06 +0000  copying file ./Info.plist ... 
2026-03-02 07:42:06 +0000  2588 bytes for ./Info.plist
2026-03-02 07:42:06 +0000  copying file ./SF-Pro-Text-Medium.otf ... 
2026-03-02 07:42:06 +0000  342732 bytes for ./SF-Pro-Text-Medium.otf
2026-03-02 07:42:06 +0000  copying file ./Inter-UI-MediumItalic.ttf ... 
2026-03-02 07:42:06 +0000  692080 bytes for ./Inter-UI-MediumItalic.ttf
2026-03-02 07:42:06 +0000  copying file ./PkgInfo ... 
2026-03-02 07:42:06 +0000  8 bytes for ./PkgInfo
2026-03-02 07:42:06 +0000  copying file ./SFUIDisplay-Bold.otf ... 
2026-03-02 07:42:06 +0000  310894 bytes for ./SFUIDisplay-Bold.otf
2026-03-02 07:42:06 +0000  copying file ./SF-Pro-Display-BoldItalic.otf ... 
2026-03-02 07:42:06 +0000  159668 bytes for ./SF-Pro-Display-BoldItalic.otf
2026-03-02 07:42:06 +0000  copying file ./Inter-UI-Black.ttf ... 
2026-03-02 07:42:06 +0000  582180 bytes for ./Inter-UI-Black.ttf
2026-03-02 07:42:06 +0000  copying file ./SF-Pro-Text-SemiboldItalic.otf ... 
2026-03-02 07:42:06 +0000  179760 bytes for ./SF-Pro-Text-SemiboldItalic.otf
2026-03-02 07:42:06 +0000  /usr/bin/ditto exited with 0
2026-03-02 07:42:06 +0000  Processing step: IDEDistributionEmbedProfileStep
2026-03-02 07:42:06 +0000  Skipping profile for item: <IDEDistributionItem: 0xa798ba9a0; bundleID='org.cocoapods.Alamofire', path='<DVTFilePath:0xace6ada40:'/Users/macbook/Library/Developer/Xcode/Archives/2026-03-02/Refloor 3-2-26, 1.10 PM.xcarchive/Products/Applications/Refloor.app/Frameworks/Alamofire.framework'>', codeSigningInfo='<_DVTCodeSigningInformation_Path: 0xa798ba700; isSigned='1', isAdHocSigned='0', signingCertificate='<DVTSigningCertificate: 0xafa6ad5c0; name='Apple Development: Matthew Elias (5WL474P77Y)', hash='DB6CC57BBF17707F319BE0CD5155E70F3F088A25', serialNumber='38333F483CD67AA557B7C5B27DD5464C', certificateKinds='(
    "1.2.840.113635.100.6.1.12",
    "1.2.840.113635.100.6.1.2"
), issueDate='2025-08-11 05:52:50 +0000''>', entitlements='(null)', teamID='F8JN2G36QM', identifier='org.cocoapods.Alamofire', executablePath='<DVTFilePath:0xace737c60:'/Users/macbook/Library/Developer/Xcode/Archives/2026-03-02/Refloor 3-2-26, 1.10 PM.xcarchive/Products/Applications/Refloor.app/Frameworks/Alamofire.framework/Alamofire'>', hardenedRuntime='0'>'>
2026-03-02 07:42:06 +0000  Skipping profile for item: <IDEDistributionItem: 0xace72e8e0; bundleID='org.cocoapods.AlamofireObjectMapper', path='<DVTFilePath:0xace6ad3b0:'/Users/macbook/Library/Developer/Xcode/Archives/2026-03-02/Refloor 3-2-26, 1.10 PM.xcarchive/Products/Applications/Refloor.app/Frameworks/AlamofireObjectMapper.framework'>', codeSigningInfo='<_DVTCodeSigningInformation_Path: 0xace72ff60; isSigned='1', isAdHocSigned='0', signingCertificate='<DVTSigningCertificate: 0xafa6ad5c0; name='Apple Development: Matthew Elias (5WL474P77Y)', hash='DB6CC57BBF17707F319BE0CD5155E70F3F088A25', serialNumber='38333F483CD67AA557B7C5B27DD5464C', certificateKinds='(
    "1.2.840.113635.100.6.1.12",
    "1.2.840.113635.100.6.1.2"
), issueDate='2025-08-11 05:52:50 +0000''>', entitlements='(null)', teamID='F8JN2G36QM', identifier='org.cocoapods.AlamofireObjectMapper', executablePath='<DVTFilePath:0xace6ac230:'/Users/macbook/Library/Developer/Xcode/Archives/2026-03-02/Refloor 3-2-26, 1.10 PM.xcarchive/Products/Applications/Refloor.app/Frameworks/AlamofireObjectMapper.framework/AlamofireObjectMapper'>', hardenedRuntime='0'>'>
2026-03-02 07:42:06 +0000  Skipping profile for item: <IDEDistributionItem: 0xa798bb660; bundleID='org.cocoapods.CHRTextFieldFormatter', path='<DVTFilePath:0xace6ac310:'/Users/macbook/Library/Developer/Xcode/Archives/2026-03-02/Refloor 3-2-26, 1.10 PM.xcarchive/Products/Applications/Refloor.app/Frameworks/CHRTextFieldFormatter.framework'>', codeSigningInfo='<_DVTCodeSigningInformation_Path: 0xa798bb600; isSigned='1', isAdHocSigned='0', signingCertificate='<DVTSigningCertificate: 0xafa6ad5c0; name='Apple Development: Matthew Elias (5WL474P77Y)', hash='DB6CC57BBF17707F319BE0CD5155E70F3F088A25', serialNumber='38333F483CD67AA557B7C5B27DD5464C', certificateKinds='(
    "1.2.840.113635.100.6.1.12",
    "1.2.840.113635.100.6.1.2"
), issueDate='2025-08-11 05:52:50 +0000''>', entitlements='(null)', teamID='F8JN2G36QM', identifier='org.cocoapods.CHRTextFieldFormatter', executablePath='<DVTFilePath:0xace6ac150:'/Users/macbook/Library/Developer/Xcode/Archives/2026-03-02/Refloor 3-2-26, 1.10 PM.xcarchive/Products/Applications/Refloor.app/Frameworks/CHRTextFieldFormatter.framework/CHRTextFieldFormatter'>', hardenedRuntime='0'>'>
2026-03-02 07:42:06 +0000  Skipping profile for item: <IDEDistributionItem: 0xa798bba80; bundleID='org.cocoapods.Cryptor', path='<DVTFilePath:0xace6ac460:'/Users/macbook/Library/Developer/Xcode/Archives/2026-03-02/Refloor 3-2-26, 1.10 PM.xcarchive/Products/Applications/Refloor.app/Frameworks/Cryptor.framework'>', codeSigningInfo='<_DVTCodeSigningInformation_Path: 0xa798ba040; isSigned='1', isAdHocSigned='0', signingCertificate='<DVTSigningCertificate: 0xafa6ad5c0; name='Apple Development: Matthew Elias (5WL474P77Y)', hash='DB6CC57BBF17707F319BE0CD5155E70F3F088A25', serialNumber='38333F483CD67AA557B7C5B27DD5464C', certificateKinds='(
    "1.2.840.113635.100.6.1.12",
    "1.2.840.113635.100.6.1.2"
), issueDate='2025-08-11 05:52:50 +0000''>', entitlements='(null)', teamID='F8JN2G36QM', identifier='org.cocoapods.Cryptor', executablePath='<DVTFilePath:0xa79834600:'/Users/macbook/Library/Developer/Xcode/Archives/2026-03-02/Refloor 3-2-26, 1.10 PM.xcarchive/Products/Applications/Refloor.app/Frameworks/Cryptor.framework/Cryptor'>', hardenedRuntime='0'>'>
2026-03-02 07:42:06 +0000  Skipping profile for item: <IDEDistributionItem: 0xa798b9d40; bundleID='org.cocoapods.CryptorECC', path='<DVTFilePath:0xace6ac4d0:'/Users/macbook/Library/Developer/Xcode/Archives/2026-03-02/Refloor 3-2-26, 1.10 PM.xcarchive/Products/Applications/Refloor.app/Frameworks/CryptorECC.framework'>', codeSigningInfo='<_DVTCodeSigningInformation_Path: 0xa798b9f80; isSigned='1', isAdHocSigned='0', signingCertificate='<DVTSigningCertificate: 0xafa6ad5c0; name='Apple Development: Matthew Elias (5WL474P77Y)', hash='DB6CC57BBF17707F319BE0CD5155E70F3F088A25', serialNumber='38333F483CD67AA557B7C5B27DD5464C', certificateKinds='(
    "1.2.840.113635.100.6.1.12",
    "1.2.840.113635.100.6.1.2"
), issueDate='2025-08-11 05:52:50 +0000''>', entitlements='(null)', teamID='F8JN2G36QM', identifier='org.cocoapods.CryptorECC', executablePath='<DVTFilePath:0xa79834960:'/Users/macbook/Library/Developer/Xcode/Archives/2026-03-02/Refloor 3-2-26, 1.10 PM.xcarchive/Products/Applications/Refloor.app/Frameworks/CryptorECC.framework/CryptorECC'>', hardenedRuntime='0'>'>
2026-03-02 07:42:06 +0000  Skipping profile for item: <IDEDistributionItem: 0xa798bb9c0; bundleID='org.cocoapods.CryptorRSA', path='<DVTFilePath:0xace6ac540:'/Users/macbook/Library/Developer/Xcode/Archives/2026-03-02/Refloor 3-2-26, 1.10 PM.xcarchive/Products/Applications/Refloor.app/Frameworks/CryptorRSA.framework'>', codeSigningInfo='<_DVTCodeSigningInformation_Path: 0xa798bb6c0; isSigned='1', isAdHocSigned='0', signingCertificate='<DVTSigningCertificate: 0xafa6ad5c0; name='Apple Development: Matthew Elias (5WL474P77Y)', hash='DB6CC57BBF17707F319BE0CD5155E70F3F088A25', serialNumber='38333F483CD67AA557B7C5B27DD5464C', certificateKinds='(
    "1.2.840.113635.100.6.1.12",
    "1.2.840.113635.100.6.1.2"
), issueDate='2025-08-11 05:52:50 +0000''>', entitlements='(null)', teamID='F8JN2G36QM', identifier='org.cocoapods.CryptorRSA', executablePath='<DVTFilePath:0xa79834cc0:'/Users/macbook/Library/Developer/Xcode/Archives/2026-03-02/Refloor 3-2-26, 1.10 PM.xcarchive/Products/Applications/Refloor.app/Frameworks/CryptorRSA.framework/CryptorRSA'>', hardenedRuntime='0'>'>
2026-03-02 07:42:06 +0000  Skipping profile for item: <IDEDistributionItem: 0xae332d8c0; bundleID='org.cocoapods.DropDown', path='<DVTFilePath:0xace6ac620:'/Users/macbook/Library/Developer/Xcode/Archives/2026-03-02/Refloor 3-2-26, 1.10 PM.xcarchive/Products/Applications/Refloor.app/Frameworks/DropDown.framework'>', codeSigningInfo='<_DVTCodeSigningInformation_Path: 0xace6a3ea0; isSigned='1', isAdHocSigned='0', signingCertificate='<DVTSigningCertificate: 0xafa6ad5c0; name='Apple Development: Matthew Elias (5WL474P77Y)', hash='DB6CC57BBF17707F319BE0CD5155E70F3F088A25', serialNumber='38333F483CD67AA557B7C5B27DD5464C', certificateKinds='(
    "1.2.840.113635.100.6.1.12",
    "1.2.840.113635.100.6.1.2"
), issueDate='2025-08-11 05:52:50 +0000''>', entitlements='(null)', teamID='F8JN2G36QM', identifier='org.cocoapods.DropDown', executablePath='<DVTFilePath:0xa79835020:'/Users/macbook/Library/Developer/Xcode/Archives/2026-03-02/Refloor 3-2-26, 1.10 PM.xcarchive/Products/Applications/Refloor.app/Frameworks/DropDown.framework/DropDown'>', hardenedRuntime='0'>'>
2026-03-02 07:42:06 +0000  Skipping profile for item: <IDEDistributionItem: 0xace72eac0; bundleID='org.cocoapods.FBLPromises', path='<DVTFilePath:0xace6ac700:'/Users/macbook/Library/Developer/Xcode/Archives/2026-03-02/Refloor 3-2-26, 1.10 PM.xcarchive/Products/Applications/Refloor.app/Frameworks/FBLPromises.framework'>', codeSigningInfo='<_DVTCodeSigningInformation_Path: 0xace72d2c0; isSigned='1', isAdHocSigned='0', signingCertificate='<DVTSigningCertificate: 0xafa6ad5c0; name='Apple Development: Matthew Elias (5WL474P77Y)', hash='DB6CC57BBF17707F319BE0CD5155E70F3F088A25', serialNumber='38333F483CD67AA557B7C5B27DD5464C', certificateKinds='(
    "1.2.840.113635.100.6.1.12",
    "1.2.840.113635.100.6.1.2"
), issueDate='2025-08-11 05:52:50 +0000''>', entitlements='(null)', teamID='F8JN2G36QM', identifier='org.cocoapods.FBLPromises', executablePath='<DVTFilePath:0xa798353e0:'/Users/macbook/Library/Developer/Xcode/Archives/2026-03-02/Refloor 3-2-26, 1.10 PM.xcarchive/Products/Applications/Refloor.app/Frameworks/FBLPromises.framework/FBLPromises'>', hardenedRuntime='0'>'>
2026-03-02 07:42:06 +0000  Skipping profile for item: <IDEDistributionItem: 0xaddc29fe0; bundleID='org.cocoapods.FirebaseAppCheckInterop', path='<DVTFilePath:0xaf8dc6480:'/Users/macbook/Library/Developer/Xcode/Archives/2026-03-02/Refloor 3-2-26, 1.10 PM.xcarchive/Products/Applications/Refloor.app/Frameworks/FirebaseAppCheckInterop.framework'>', codeSigningInfo='<_DVTCodeSigningInformation_Path: 0xace73eb20; isSigned='1', isAdHocSigned='0', signingCertificate='<DVTSigningCertificate: 0xafa6ad5c0; name='Apple Development: Matthew Elias (5WL474P77Y)', hash='DB6CC57BBF17707F319BE0CD5155E70F3F088A25', serialNumber='38333F483CD67AA557B7C5B27DD5464C', certificateKinds='(
    "1.2.840.113635.100.6.1.12",
    "1.2.840.113635.100.6.1.2"
), issueDate='2025-08-11 05:52:50 +0000''>', entitlements='(null)', teamID='F8JN2G36QM', identifier='org.cocoapods.FirebaseAppCheckInterop', executablePath='<DVTFilePath:0xace6ac7e0:'/Users/macbook/Library/Developer/Xcode/Archives/2026-03-02/Refloor 3-2-26, 1.10 PM.xcarchive/Products/Applications/Refloor.app/Frameworks/FirebaseAppCheckInterop.framework/FirebaseAppCheckInterop'>', hardenedRuntime='0'>'>
2026-03-02 07:42:06 +0000  Skipping profile for item: <IDEDistributionItem: 0xa798bb3c0; bundleID='org.cocoapods.FirebaseAuth', path='<DVTFilePath:0xace6ac8c0:'/Users/macbook/Library/Developer/Xcode/Archives/2026-03-02/Refloor 3-2-26, 1.10 PM.xcarchive/Products/Applications/Refloor.app/Frameworks/FirebaseAuth.framework'>', codeSigningInfo='<_DVTCodeSigningInformation_Path: 0xa798bb420; isSigned='1', isAdHocSigned='0', signingCertificate='<DVTSigningCertificate: 0xafa6ad5c0; name='Apple Development: Matthew Elias (5WL474P77Y)', hash='DB6CC57BBF17707F319BE0CD5155E70F3F088A25', serialNumber='38333F483CD67AA557B7C5B27DD5464C', certificateKinds='(
    "1.2.840.113635.100.6.1.12",
    "1.2.840.113635.100.6.1.2"
), issueDate='2025-08-11 05:52:50 +0000''>', entitlements='(null)', teamID='F8JN2G36QM', identifier='org.cocoapods.FirebaseAuth', executablePath='<DVTFilePath:0xa79835bc0:'/Users/macbook/Library/Developer/Xcode/Archives/2026-03-02/Refloor 3-2-26, 1.10 PM.xcarchive/Products/Applications/Refloor.app/Frameworks/FirebaseAuth.framework/FirebaseAuth'>', hardenedRuntime='0'>'>
2026-03-02 07:42:06 +0000  Skipping profile for item: <IDEDistributionItem: 0xa79853420; bundleID='org.cocoapods.FirebaseAuthInterop', path='<DVTFilePath:0xace6aca10:'/Users/macbook/Library/Developer/Xcode/Archives/2026-03-02/Refloor 3-2-26, 1.10 PM.xcarchive/Products/Applications/Refloor.app/Frameworks/FirebaseAuthInterop.framework'>', codeSigningInfo='<_DVTCodeSigningInformation_Path: 0xa798539c0; isSigned='1', isAdHocSigned='0', signingCertificate='<DVTSigningCertificate: 0xafa6ad5c0; name='Apple Development: Matthew Elias (5WL474P77Y)', hash='DB6CC57BBF17707F319BE0CD5155E70F3F088A25', serialNumber='38333F483CD67AA557B7C5B27DD5464C', certificateKinds='(
    "1.2.840.113635.100.6.1.12",
    "1.2.840.113635.100.6.1.2"
), issueDate='2025-08-11 05:52:50 +0000''>', entitlements='(null)', teamID='F8JN2G36QM', identifier='org.cocoapods.FirebaseAuthInterop', executablePath='<DVTFilePath:0xace6aca80:'/Users/macbook/Library/Developer/Xcode/Archives/2026-03-02/Refloor 3-2-26, 1.10 PM.xcarchive/Products/Applications/Refloor.app/Frameworks/FirebaseAuthInterop.framework/FirebaseAuthInterop'>', hardenedRuntime='0'>'>
2026-03-02 07:42:06 +0000  Skipping profile for item: <IDEDistributionItem: 0xace767000; bundleID='org.cocoapods.FirebaseCore', path='<DVTFilePath:0xace6acaf0:'/Users/macbook/Library/Developer/Xcode/Archives/2026-03-02/Refloor 3-2-26, 1.10 PM.xcarchive/Products/Applications/Refloor.app/Frameworks/FirebaseCore.framework'>', codeSigningInfo='<_DVTCodeSigningInformation_Path: 0xaddc2ab20; isSigned='1', isAdHocSigned='0', signingCertificate='<DVTSigningCertificate: 0xafa6ad5c0; name='Apple Development: Matthew Elias (5WL474P77Y)', hash='DB6CC57BBF17707F319BE0CD5155E70F3F088A25', serialNumber='38333F483CD67AA557B7C5B27DD5464C', certificateKinds='(
    "1.2.840.113635.100.6.1.12",
    "1.2.840.113635.100.6.1.2"
), issueDate='2025-08-11 05:52:50 +0000''>', entitlements='(null)', teamID='F8JN2G36QM', identifier='org.cocoapods.FirebaseCore', executablePath='<DVTFilePath:0xa798363a0:'/Users/macbook/Library/Developer/Xcode/Archives/2026-03-02/Refloor 3-2-26, 1.10 PM.xcarchive/Products/Applications/Refloor.app/Frameworks/FirebaseCore.framework/FirebaseCore'>', hardenedRuntime='0'>'>
2026-03-02 07:42:06 +0000  Skipping profile for item: <IDEDistributionItem: 0xa79853900; bundleID='org.cocoapods.FirebaseCoreExtension', path='<DVTFilePath:0xace6acee0:'/Users/macbook/Library/Developer/Xcode/Archives/2026-03-02/Refloor 3-2-26, 1.10 PM.xcarchive/Products/Applications/Refloor.app/Frameworks/FirebaseCoreExtension.framework'>', codeSigningInfo='<_DVTCodeSigningInformation_Path: 0xace6a3a20; isSigned='1', isAdHocSigned='0', signingCertificate='<DVTSigningCertificate: 0xafa6ad5c0; name='Apple Development: Matthew Elias (5WL474P77Y)', hash='DB6CC57BBF17707F319BE0CD5155E70F3F088A25', serialNumber='38333F483CD67AA557B7C5B27DD5464C', certificateKinds='(
    "1.2.840.113635.100.6.1.12",
    "1.2.840.113635.100.6.1.2"
), issueDate='2025-08-11 05:52:50 +0000''>', entitlements='(null)', teamID='F8JN2G36QM', identifier='org.cocoapods.FirebaseCoreExtension', executablePath='<DVTFilePath:0xace6acd90:'/Users/macbook/Library/Developer/Xcode/Archives/2026-03-02/Refloor 3-2-26, 1.10 PM.xcarchive/Products/Applications/Refloor.app/Frameworks/FirebaseCoreExtension.framework/FirebaseCoreExtension'>', hardenedRuntime='0'>'>
2026-03-02 07:42:06 +0000  Skipping profile for item: <IDEDistributionItem: 0xae8cfcf60; bundleID='org.cocoapods.FirebaseCoreInternal', path='<DVTFilePath:0xace74e060:'/Users/macbook/Library/Developer/Xcode/Archives/2026-03-02/Refloor 3-2-26, 1.10 PM.xcarchive/Products/Applications/Refloor.app/Frameworks/FirebaseCoreInternal.framework'>', codeSigningInfo='<_DVTCodeSigningInformation_Path: 0xa798bba20; isSigned='1', isAdHocSigned='0', signingCertificate='<DVTSigningCertificate: 0xafa6ad5c0; name='Apple Development: Matthew Elias (5WL474P77Y)', hash='DB6CC57BBF17707F319BE0CD5155E70F3F088A25', serialNumber='38333F483CD67AA557B7C5B27DD5464C', certificateKinds='(
    "1.2.840.113635.100.6.1.12",
    "1.2.840.113635.100.6.1.2"
), issueDate='2025-08-11 05:52:50 +0000''>', entitlements='(null)', teamID='F8JN2G36QM', identifier='org.cocoapods.FirebaseCoreInternal', executablePath='<DVTFilePath:0xace74dc70:'/Users/macbook/Library/Developer/Xcode/Archives/2026-03-02/Refloor 3-2-26, 1.10 PM.xcarchive/Products/Applications/Refloor.app/Frameworks/FirebaseCoreInternal.framework/FirebaseCoreInternal'>', hardenedRuntime='0'>'>
2026-03-02 07:42:06 +0000  Skipping profile for item: <IDEDistributionItem: 0xa798ba6a0; bundleID='org.cocoapods.FirebaseCrashlytics', path='<DVTFilePath:0xace74db90:'/Users/macbook/Library/Developer/Xcode/Archives/2026-03-02/Refloor 3-2-26, 1.10 PM.xcarchive/Products/Applications/Refloor.app/Frameworks/FirebaseCrashlytics.framework'>', codeSigningInfo='<_DVTCodeSigningInformation_Path: 0xa798baf40; isSigned='1', isAdHocSigned='0', signingCertificate='<DVTSigningCertificate: 0xafa6ad5c0; name='Apple Development: Matthew Elias (5WL474P77Y)', hash='DB6CC57BBF17707F319BE0CD5155E70F3F088A25', serialNumber='38333F483CD67AA557B7C5B27DD5464C', certificateKinds='(
    "1.2.840.113635.100.6.1.12",
    "1.2.840.113635.100.6.1.2"
), issueDate='2025-08-11 05:52:50 +0000''>', entitlements='(null)', teamID='F8JN2G36QM', identifier='org.cocoapods.FirebaseCrashlytics', executablePath='<DVTFilePath:0xace74ff70:'/Users/macbook/Library/Developer/Xcode/Archives/2026-03-02/Refloor 3-2-26, 1.10 PM.xcarchive/Products/Applications/Refloor.app/Frameworks/FirebaseCrashlytics.framework/FirebaseCrashlytics'>', hardenedRuntime='0'>'>
2026-03-02 07:42:06 +0000  Skipping profile for item: <IDEDistributionItem: 0xa798bb2a0; bundleID='org.cocoapods.FirebaseFirestore', path='<DVTFilePath:0xace74fe90:'/Users/macbook/Library/Developer/Xcode/Archives/2026-03-02/Refloor 3-2-26, 1.10 PM.xcarchive/Products/Applications/Refloor.app/Frameworks/FirebaseFirestore.framework'>', codeSigningInfo='<_DVTCodeSigningInformation_Path: 0xa798bbde0; isSigned='1', isAdHocSigned='0', signingCertificate='<DVTSigningCertificate: 0xafa6ad5c0; name='Apple Development: Matthew Elias (5WL474P77Y)', hash='DB6CC57BBF17707F319BE0CD5155E70F3F088A25', serialNumber='38333F483CD67AA557B7C5B27DD5464C', certificateKinds='(
    "1.2.840.113635.100.6.1.12",
    "1.2.840.113635.100.6.1.2"
), issueDate='2025-08-11 05:52:50 +0000''>', entitlements='(null)', teamID='F8JN2G36QM', identifier='org.cocoapods.FirebaseFirestore', executablePath='<DVTFilePath:0xace74fe20:'/Users/macbook/Library/Developer/Xcode/Archives/2026-03-02/Refloor 3-2-26, 1.10 PM.xcarchive/Products/Applications/Refloor.app/Frameworks/FirebaseFirestore.framework/FirebaseFirestore'>', hardenedRuntime='0'>'>
2026-03-02 07:42:06 +0000  Skipping profile for item: <IDEDistributionItem: 0xa798bb300; bundleID='org.cocoapods.FirebaseFirestoreInternal', path='<DVTFilePath:0xb01b12a00:'/Users/macbook/Library/Developer/Xcode/Archives/2026-03-02/Refloor 3-2-26, 1.10 PM.xcarchive/Products/Applications/Refloor.app/Frameworks/FirebaseFirestoreInternal.framework'>', codeSigningInfo='<_DVTCodeSigningInformation_Path: 0xa798b85a0; isSigned='1', isAdHocSigned='0', signingCertificate='<DVTSigningCertificate: 0xafa6ad5c0; name='Apple Development: Matthew Elias (5WL474P77Y)', hash='DB6CC57BBF17707F319BE0CD5155E70F3F088A25', serialNumber='38333F483CD67AA557B7C5B27DD5464C', certificateKinds='(
    "1.2.840.113635.100.6.1.12",
    "1.2.840.113635.100.6.1.2"
), issueDate='2025-08-11 05:52:50 +0000''>', entitlements='(null)', teamID='F8JN2G36QM', identifier='org.cocoapods.FirebaseFirestoreInternal', executablePath='<DVTFilePath:0xace74fd40:'/Users/macbook/Library/Developer/Xcode/Archives/2026-03-02/Refloor 3-2-26, 1.10 PM.xcarchive/Products/Applications/Refloor.app/Frameworks/FirebaseFirestoreInternal.framework/FirebaseFirestoreInternal'>', hardenedRuntime='0'>'>
2026-03-02 07:42:06 +0000  Skipping profile for item: <IDEDistributionItem: 0xace72f120; bundleID='org.cocoapods.FirebaseInstallations', path='<DVTFilePath:0xace74fc60:'/Users/macbook/Library/Developer/Xcode/Archives/2026-03-02/Refloor 3-2-26, 1.10 PM.xcarchive/Products/Applications/Refloor.app/Frameworks/FirebaseInstallations.framework'>', codeSigningInfo='<_DVTCodeSigningInformation_Path: 0xace72ef40; isSigned='1', isAdHocSigned='0', signingCertificate='<DVTSigningCertificate: 0xafa6ad5c0; name='Apple Development: Matthew Elias (5WL474P77Y)', hash='DB6CC57BBF17707F319BE0CD5155E70F3F088A25', serialNumber='38333F483CD67AA557B7C5B27DD5464C', certificateKinds='(
    "1.2.840.113635.100.6.1.12",
    "1.2.840.113635.100.6.1.2"
), issueDate='2025-08-11 05:52:50 +0000''>', entitlements='(null)', teamID='F8JN2G36QM', identifier='org.cocoapods.FirebaseInstallations', executablePath='<DVTFilePath:0xace74fb80:'/Users/macbook/Library/Developer/Xcode/Archives/2026-03-02/Refloor 3-2-26, 1.10 PM.xcarchive/Products/Applications/Refloor.app/Frameworks/FirebaseInstallations.framework/FirebaseInstallations'>', hardenedRuntime='0'>'>
2026-03-02 07:42:06 +0000  Skipping profile for item: <IDEDistributionItem: 0xace6b3f00; bundleID='org.cocoapods.FirebaseMessaging', path='<DVTFilePath:0xace74faa0:'/Users/macbook/Library/Developer/Xcode/Archives/2026-03-02/Refloor 3-2-26, 1.10 PM.xcarchive/Products/Applications/Refloor.app/Frameworks/FirebaseMessaging.framework'>', codeSigningInfo='<_DVTCodeSigningInformation_Path: 0xa798538a0; isSigned='1', isAdHocSigned='0', signingCertificate='<DVTSigningCertificate: 0xafa6ad5c0; name='Apple Development: Matthew Elias (5WL474P77Y)', hash='DB6CC57BBF17707F319BE0CD5155E70F3F088A25', serialNumber='38333F483CD67AA557B7C5B27DD5464C', certificateKinds='(
    "1.2.840.113635.100.6.1.12",
    "1.2.840.113635.100.6.1.2"
), issueDate='2025-08-11 05:52:50 +0000''>', entitlements='(null)', teamID='F8JN2G36QM', identifier='org.cocoapods.FirebaseMessaging', executablePath='<DVTFilePath:0xace74fa30:'/Users/macbook/Library/Developer/Xcode/Archives/2026-03-02/Refloor 3-2-26, 1.10 PM.xcarchive/Products/Applications/Refloor.app/Frameworks/FirebaseMessaging.framework/FirebaseMessaging'>', hardenedRuntime='0'>'>
2026-03-02 07:42:06 +0000  Skipping profile for item: <IDEDistributionItem: 0xa798bb1e0; bundleID='org.cocoapods.FirebaseRemoteConfigInterop', path='<DVTFilePath:0xb01c54180:'/Users/macbook/Library/Developer/Xcode/Archives/2026-03-02/Refloor 3-2-26, 1.10 PM.xcarchive/Products/Applications/Refloor.app/Frameworks/FirebaseRemoteConfigInterop.framework'>', codeSigningInfo='<_DVTCodeSigningInformation_Path: 0xa798bb480; isSigned='1', isAdHocSigned='0', signingCertificate='<DVTSigningCertificate: 0xafa6ad5c0; name='Apple Development: Matthew Elias (5WL474P77Y)', hash='DB6CC57BBF17707F319BE0CD5155E70F3F088A25', serialNumber='38333F483CD67AA557B7C5B27DD5464C', certificateKinds='(
    "1.2.840.113635.100.6.1.12",
    "1.2.840.113635.100.6.1.2"
), issueDate='2025-08-11 05:52:50 +0000''>', entitlements='(null)', teamID='F8JN2G36QM', identifier='org.cocoapods.FirebaseRemoteConfigInterop', executablePath='<DVTFilePath:0xace74f8e0:'/Users/macbook/Library/Developer/Xcode/Archives/2026-03-02/Refloor 3-2-26, 1.10 PM.xcarchive/Products/Applications/Refloor.app/Frameworks/FirebaseRemoteConfigInterop.framework/FirebaseRemoteConfigInterop'>', hardenedRuntime='0'>'>
2026-03-02 07:42:06 +0000  Skipping profile for item: <IDEDistributionItem: 0xa798b8720; bundleID='org.cocoapods.FirebaseSessions', path='<DVTFilePath:0xace74f870:'/Users/macbook/Library/Developer/Xcode/Archives/2026-03-02/Refloor 3-2-26, 1.10 PM.xcarchive/Products/Applications/Refloor.app/Frameworks/FirebaseSessions.framework'>', codeSigningInfo='<_DVTCodeSigningInformation_Path: 0xa798bb120; isSigned='1', isAdHocSigned='0', signingCertificate='<DVTSigningCertificate: 0xafa6ad5c0; name='Apple Development: Matthew Elias (5WL474P77Y)', hash='DB6CC57BBF17707F319BE0CD5155E70F3F088A25', serialNumber='38333F483CD67AA557B7C5B27DD5464C', certificateKinds='(
    "1.2.840.113635.100.6.1.12",
    "1.2.840.113635.100.6.1.2"
), issueDate='2025-08-11 05:52:50 +0000''>', entitlements='(null)', teamID='F8JN2G36QM', identifier='org.cocoapods.FirebaseSessions', executablePath='<DVTFilePath:0xace74f800:'/Users/macbook/Library/Developer/Xcode/Archives/2026-03-02/Refloor 3-2-26, 1.10 PM.xcarchive/Products/Applications/Refloor.app/Frameworks/FirebaseSessions.framework/FirebaseSessions'>', hardenedRuntime='0'>'>
2026-03-02 07:42:06 +0000  Skipping profile for item: <IDEDistributionItem: 0xace6a3c60; bundleID='org.cocoapods.FirebaseSharedSwift', path='<DVTFilePath:0xace74f720:'/Users/macbook/Library/Developer/Xcode/Archives/2026-03-02/Refloor 3-2-26, 1.10 PM.xcarchive/Products/Applications/Refloor.app/Frameworks/FirebaseSharedSwift.framework'>', codeSigningInfo='<_DVTCodeSigningInformation_Path: 0xa798534e0; isSigned='1', isAdHocSigned='0', signingCertificate='<DVTSigningCertificate: 0xafa6ad5c0; name='Apple Development: Matthew Elias (5WL474P77Y)', hash='DB6CC57BBF17707F319BE0CD5155E70F3F088A25', serialNumber='38333F483CD67AA557B7C5B27DD5464C', certificateKinds='(
    "1.2.840.113635.100.6.1.12",
    "1.2.840.113635.100.6.1.2"
), issueDate='2025-08-11 05:52:50 +0000''>', entitlements='(null)', teamID='F8JN2G36QM', identifier='org.cocoapods.FirebaseSharedSwift', executablePath='<DVTFilePath:0xace74f6b0:'/Users/macbook/Library/Developer/Xcode/Archives/2026-03-02/Refloor 3-2-26, 1.10 PM.xcarchive/Products/Applications/Refloor.app/Frameworks/FirebaseSharedSwift.framework/FirebaseSharedSwift'>', hardenedRuntime='0'>'>
2026-03-02 07:42:06 +0000  Skipping profile for item: <IDEDistributionItem: 0xa798b96e0; bundleID='org.cocoapods.GTMSessionFetcher', path='<DVTFilePath:0xace74f090:'/Users/macbook/Library/Developer/Xcode/Archives/2026-03-02/Refloor 3-2-26, 1.10 PM.xcarchive/Products/Applications/Refloor.app/Frameworks/GTMSessionFetcher.framework'>', codeSigningInfo='<_DVTCodeSigningInformation_Path: 0xa798bbe40; isSigned='1', isAdHocSigned='0', signingCertificate='<DVTSigningCertificate: 0xafa6ad5c0; name='Apple Development: Matthew Elias (5WL474P77Y)', hash='DB6CC57BBF17707F319BE0CD5155E70F3F088A25', serialNumber='38333F483CD67AA557B7C5B27DD5464C', certificateKinds='(
    "1.2.840.113635.100.6.1.12",
    "1.2.840.113635.100.6.1.2"
), issueDate='2025-08-11 05:52:50 +0000''>', entitlements='(null)', teamID='F8JN2G36QM', identifier='org.cocoapods.GTMSessionFetcher', executablePath='<DVTFilePath:0xace74f020:'/Users/macbook/Library/Developer/Xcode/Archives/2026-03-02/Refloor 3-2-26, 1.10 PM.xcarchive/Products/Applications/Refloor.app/Frameworks/GTMSessionFetcher.framework/GTMSessionFetcher'>', hardenedRuntime='0'>'>
2026-03-02 07:42:06 +0000  Skipping profile for item: <IDEDistributionItem: 0xa798ba640; bundleID='org.cocoapods.GoogleDataTransport', path='<DVTFilePath:0xace74f640:'/Users/macbook/Library/Developer/Xcode/Archives/2026-03-02/Refloor 3-2-26, 1.10 PM.xcarchive/Products/Applications/Refloor.app/Frameworks/GoogleDataTransport.framework'>', codeSigningInfo='<_DVTCodeSigningInformation_Path: 0xa798ba3a0; isSigned='1', isAdHocSigned='0', signingCertificate='<DVTSigningCertificate: 0xafa6ad5c0; name='Apple Development: Matthew Elias (5WL474P77Y)', hash='DB6CC57BBF17707F319BE0CD5155E70F3F088A25', serialNumber='38333F483CD67AA557B7C5B27DD5464C', certificateKinds='(
    "1.2.840.113635.100.6.1.12",
    "1.2.840.113635.100.6.1.2"
), issueDate='2025-08-11 05:52:50 +0000''>', entitlements='(null)', teamID='F8JN2G36QM', identifier='org.cocoapods.GoogleDataTransport', executablePath='<DVTFilePath:0xace74f5d0:'/Users/macbook/Library/Developer/Xcode/Archives/2026-03-02/Refloor 3-2-26, 1.10 PM.xcarchive/Products/Applications/Refloor.app/Frameworks/GoogleDataTransport.framework/GoogleDataTransport'>', hardenedRuntime='0'>'>
2026-03-02 07:42:06 +0000  Skipping profile for item: <IDEDistributionItem: 0xa798badc0; bundleID='org.cocoapods.GoogleUtilities', path='<DVTFilePath:0xace74f480:'/Users/macbook/Library/Developer/Xcode/Archives/2026-03-02/Refloor 3-2-26, 1.10 PM.xcarchive/Products/Applications/Refloor.app/Frameworks/GoogleUtilities.framework'>', codeSigningInfo='<_DVTCodeSigningInformation_Path: 0xa798bae20; isSigned='1', isAdHocSigned='0', signingCertificate='<DVTSigningCertificate: 0xafa6ad5c0; name='Apple Development: Matthew Elias (5WL474P77Y)', hash='DB6CC57BBF17707F319BE0CD5155E70F3F088A25', serialNumber='38333F483CD67AA557B7C5B27DD5464C', certificateKinds='(
    "1.2.840.113635.100.6.1.12",
    "1.2.840.113635.100.6.1.2"
), issueDate='2025-08-11 05:52:50 +0000''>', entitlements='(null)', teamID='F8JN2G36QM', identifier='org.cocoapods.GoogleUtilities', executablePath='<DVTFilePath:0xa798395c0:'/Users/macbook/Library/Developer/Xcode/Archives/2026-03-02/Refloor 3-2-26, 1.10 PM.xcarchive/Products/Applications/Refloor.app/Frameworks/GoogleUtilities.framework/GoogleUtilities'>', hardenedRuntime='0'>'>
2026-03-02 07:42:06 +0000  Skipping profile for item: <IDEDistributionItem: 0xa798bac40; bundleID='org.cocoapods.IQKeyboardManagerSwift', path='<DVTFilePath:0xb01c54300:'/Users/macbook/Library/Developer/Xcode/Archives/2026-03-02/Refloor 3-2-26, 1.10 PM.xcarchive/Products/Applications/Refloor.app/Frameworks/IQKeyboardManagerSwift.framework'>', codeSigningInfo='<_DVTCodeSigningInformation_Path: 0xa798babe0; isSigned='1', isAdHocSigned='0', signingCertificate='<DVTSigningCertificate: 0xafa6ad5c0; name='Apple Development: Matthew Elias (5WL474P77Y)', hash='DB6CC57BBF17707F319BE0CD5155E70F3F088A25', serialNumber='38333F483CD67AA557B7C5B27DD5464C', certificateKinds='(
    "1.2.840.113635.100.6.1.12",
    "1.2.840.113635.100.6.1.2"
), issueDate='2025-08-11 05:52:50 +0000''>', entitlements='(null)', teamID='F8JN2G36QM', identifier='org.cocoapods.IQKeyboardManagerSwift', executablePath='<DVTFilePath:0xace74ea00:'/Users/macbook/Library/Developer/Xcode/Archives/2026-03-02/Refloor 3-2-26, 1.10 PM.xcarchive/Products/Applications/Refloor.app/Frameworks/IQKeyboardManagerSwift.framework/IQKeyboardManagerSwift'>', hardenedRuntime='0'>'>
2026-03-02 07:42:06 +0000  Skipping profile for item: <IDEDistributionItem: 0xa798bafa0; bundleID='org.cocoapods.JWTCodable', path='<DVTFilePath:0xace74e920:'/Users/macbook/Library/Developer/Xcode/Archives/2026-03-02/Refloor 3-2-26, 1.10 PM.xcarchive/Products/Applications/Refloor.app/Frameworks/JWTCodable.framework'>', codeSigningInfo='<_DVTCodeSigningInformation_Path: 0xa798bb000; isSigned='1', isAdHocSigned='0', signingCertificate='<DVTSigningCertificate: 0xafa6ad5c0; name='Apple Development: Matthew Elias (5WL474P77Y)', hash='DB6CC57BBF17707F319BE0CD5155E70F3F088A25', serialNumber='38333F483CD67AA557B7C5B27DD5464C', certificateKinds='(
    "1.2.840.113635.100.6.1.12",
    "1.2.840.113635.100.6.1.2"
), issueDate='2025-08-11 05:52:50 +0000''>', entitlements='(null)', teamID='F8JN2G36QM', identifier='org.cocoapods.JWTCodable', executablePath='<DVTFilePath:0xa7983b300:'/Users/macbook/Library/Developer/Xcode/Archives/2026-03-02/Refloor 3-2-26, 1.10 PM.xcarchive/Products/Applications/Refloor.app/Frameworks/JWTCodable.framework/JWTCodable'>', hardenedRuntime='0'>'>
2026-03-02 07:42:06 +0000  Skipping profile for item: <IDEDistributionItem: 0xa798bb720; bundleID='org.cocoapods.KituraContracts', path='<DVTFilePath:0xace74e8b0:'/Users/macbook/Library/Developer/Xcode/Archives/2026-03-02/Refloor 3-2-26, 1.10 PM.xcarchive/Products/Applications/Refloor.app/Frameworks/KituraContracts.framework'>', codeSigningInfo='<_DVTCodeSigningInformation_Path: 0xa798bbae0; isSigned='1', isAdHocSigned='0', signingCertificate='<DVTSigningCertificate: 0xafa6ad5c0; name='Apple Development: Matthew Elias (5WL474P77Y)', hash='DB6CC57BBF17707F319BE0CD5155E70F3F088A25', serialNumber='38333F483CD67AA557B7C5B27DD5464C', certificateKinds='(
    "1.2.840.113635.100.6.1.12",
    "1.2.840.113635.100.6.1.2"
), issueDate='2025-08-11 05:52:50 +0000''>', entitlements='(null)', teamID='F8JN2G36QM', identifier='org.cocoapods.KituraContracts', executablePath='<DVTFilePath:0xa7983b660:'/Users/macbook/Library/Developer/Xcode/Archives/2026-03-02/Refloor 3-2-26, 1.10 PM.xcarchive/Products/Applications/Refloor.app/Frameworks/KituraContracts.framework/KituraContracts'>', hardenedRuntime='0'>'>
2026-03-02 07:42:06 +0000  Skipping profile for item: <IDEDistributionItem: 0xa79853f00; bundleID='org.cocoapods.LoggerAPI', path='<DVTFilePath:0xace74e530:'/Users/macbook/Library/Developer/Xcode/Archives/2026-03-02/Refloor 3-2-26, 1.10 PM.xcarchive/Products/Applications/Refloor.app/Frameworks/LoggerAPI.framework'>', codeSigningInfo='<_DVTCodeSigningInformation_Path: 0xa79853f60; isSigned='1', isAdHocSigned='0', signingCertificate='<DVTSigningCertificate: 0xafa6ad5c0; name='Apple Development: Matthew Elias (5WL474P77Y)', hash='DB6CC57BBF17707F319BE0CD5155E70F3F088A25', serialNumber='38333F483CD67AA557B7C5B27DD5464C', certificateKinds='(
    "1.2.840.113635.100.6.1.12",
    "1.2.840.113635.100.6.1.2"
), issueDate='2025-08-11 05:52:50 +0000''>', entitlements='(null)', teamID='F8JN2G36QM', identifier='org.cocoapods.LoggerAPI', executablePath='<DVTFilePath:0xa7983c240:'/Users/macbook/Library/Developer/Xcode/Archives/2026-03-02/Refloor 3-2-26, 1.10 PM.xcarchive/Products/Applications/Refloor.app/Frameworks/LoggerAPI.framework/LoggerAPI'>', hardenedRuntime='0'>'>
2026-03-02 07:42:06 +0000  Skipping profile for item: <IDEDistributionItem: 0xa798bbea0; bundleID='org.cocoapods.Logging', path='<DVTFilePath:0xace74e4c0:'/Users/macbook/Library/Developer/Xcode/Archives/2026-03-02/Refloor 3-2-26, 1.10 PM.xcarchive/Products/Applications/Refloor.app/Frameworks/Logging.framework'>', codeSigningInfo='<_DVTCodeSigningInformation_Path: 0xa798bbc00; isSigned='1', isAdHocSigned='0', signingCertificate='<DVTSigningCertificate: 0xafa6ad5c0; name='Apple Development: Matthew Elias (5WL474P77Y)', hash='DB6CC57BBF17707F319BE0CD5155E70F3F088A25', serialNumber='38333F483CD67AA557B7C5B27DD5464C', certificateKinds='(
    "1.2.840.113635.100.6.1.12",
    "1.2.840.113635.100.6.1.2"
), issueDate='2025-08-11 05:52:50 +0000''>', entitlements='(null)', teamID='F8JN2G36QM', identifier='org.cocoapods.Logging', executablePath='<DVTFilePath:0xa7983c5a0:'/Users/macbook/Library/Developer/Xcode/Archives/2026-03-02/Refloor 3-2-26, 1.10 PM.xcarchive/Products/Applications/Refloor.app/Frameworks/Logging.framework/Logging'>', hardenedRuntime='0'>'>
2026-03-02 07:42:06 +0000  Skipping profile for item: <IDEDistributionItem: 0xa798b9ec0; bundleID='org.cocoapods.MaterialShowcase', path='<DVTFilePath:0xace74e450:'/Users/macbook/Library/Developer/Xcode/Archives/2026-03-02/Refloor 3-2-26, 1.10 PM.xcarchive/Products/Applications/Refloor.app/Frameworks/MaterialShowcase.framework'>', codeSigningInfo='<_DVTCodeSigningInformation_Path: 0xa798bb0c0; isSigned='1', isAdHocSigned='0', signingCertificate='<DVTSigningCertificate: 0xafa6ad5c0; name='Apple Development: Matthew Elias (5WL474P77Y)', hash='DB6CC57BBF17707F319BE0CD5155E70F3F088A25', serialNumber='38333F483CD67AA557B7C5B27DD5464C', certificateKinds='(
    "1.2.840.113635.100.6.1.12",
    "1.2.840.113635.100.6.1.2"
), issueDate='2025-08-11 05:52:50 +0000''>', entitlements='(null)', teamID='F8JN2G36QM', identifier='org.cocoapods.MaterialShowcase', executablePath='<DVTFilePath:0xace74e370:'/Users/macbook/Library/Developer/Xcode/Archives/2026-03-02/Refloor 3-2-26, 1.10 PM.xcarchive/Products/Applications/Refloor.app/Frameworks/MaterialShowcase.framework/MaterialShowcase'>', hardenedRuntime='0'>'>
2026-03-02 07:42:06 +0000  Skipping profile for item: <IDEDistributionItem: 0xace73e040; bundleID='org.cocoapods.ObjectMapper', path='<DVTFilePath:0xace74fbf0:'/Users/macbook/Library/Developer/Xcode/Archives/2026-03-02/Refloor 3-2-26, 1.10 PM.xcarchive/Products/Applications/Refloor.app/Frameworks/ObjectMapper.framework'>', codeSigningInfo='<_DVTCodeSigningInformation_Path: 0xae332d740; isSigned='1', isAdHocSigned='0', signingCertificate='<DVTSigningCertificate: 0xafa6ad5c0; name='Apple Development: Matthew Elias (5WL474P77Y)', hash='DB6CC57BBF17707F319BE0CD5155E70F3F088A25', serialNumber='38333F483CD67AA557B7C5B27DD5464C', certificateKinds='(
    "1.2.840.113635.100.6.1.12",
    "1.2.840.113635.100.6.1.2"
), issueDate='2025-08-11 05:52:50 +0000''>', entitlements='(null)', teamID='F8JN2G36QM', identifier='org.cocoapods.ObjectMapper', executablePath='<DVTFilePath:0xa7983d3e0:'/Users/macbook/Library/Developer/Xcode/Archives/2026-03-02/Refloor 3-2-26, 1.10 PM.xcarchive/Products/Applications/Refloor.app/Frameworks/ObjectMapper.framework/ObjectMapper'>', hardenedRuntime='0'>'>
2026-03-02 07:42:06 +0000  Skipping profile for item: <IDEDistributionItem: 0xad92a93e0; bundleID='org.cocoapods.ObjectMapper-Realm', path='<DVTFilePath:0xace74e220:'/Users/macbook/Library/Developer/Xcode/Archives/2026-03-02/Refloor 3-2-26, 1.10 PM.xcarchive/Products/Applications/Refloor.app/Frameworks/ObjectMapper_Realm.framework'>', codeSigningInfo='<_DVTCodeSigningInformation_Path: 0xace72ebe0; isSigned='1', isAdHocSigned='0', signingCertificate='<DVTSigningCertificate: 0xafa6ad5c0; name='Apple Development: Matthew Elias (5WL474P77Y)', hash='DB6CC57BBF17707F319BE0CD5155E70F3F088A25', serialNumber='38333F483CD67AA557B7C5B27DD5464C', certificateKinds='(
    "1.2.840.113635.100.6.1.12",
    "1.2.840.113635.100.6.1.2"
), issueDate='2025-08-11 05:52:50 +0000''>', entitlements='(null)', teamID='F8JN2G36QM', identifier='org.cocoapods.ObjectMapper-Realm', executablePath='<DVTFilePath:0xace74c070:'/Users/macbook/Library/Developer/Xcode/Archives/2026-03-02/Refloor 3-2-26, 1.10 PM.xcarchive/Products/Applications/Refloor.app/Frameworks/ObjectMapper_Realm.framework/ObjectMapper_Realm'>', hardenedRuntime='0'>'>
2026-03-02 07:42:06 +0000  Skipping profile for item: <IDEDistributionItem: 0xaea63d6e0; bundleID='com.walletone.ios.PayCardsRecognizer', path='<DVTFilePath:0xace74f330:'/Users/macbook/Library/Developer/Xcode/Archives/2026-03-02/Refloor 3-2-26, 1.10 PM.xcarchive/Products/Applications/Refloor.app/Frameworks/PayCardsRecognizer.framework'>', codeSigningInfo='<_DVTCodeSigningInformation_Path: 0xace73fc60; isSigned='1', isAdHocSigned='0', signingCertificate='<DVTSigningCertificate: 0xafa6ad5c0; name='Apple Development: Matthew Elias (5WL474P77Y)', hash='DB6CC57BBF17707F319BE0CD5155E70F3F088A25', serialNumber='38333F483CD67AA557B7C5B27DD5464C', certificateKinds='(
    "1.2.840.113635.100.6.1.12",
    "1.2.840.113635.100.6.1.2"
), issueDate='2025-08-11 05:52:50 +0000''>', entitlements='(null)', teamID='F8JN2G36QM', identifier='com.walletone.ios.PayCardsRecognizer', executablePath='<DVTFilePath:0xace74c3f0:'/Users/macbook/Library/Developer/Xcode/Archives/2026-03-02/Refloor 3-2-26, 1.10 PM.xcarchive/Products/Applications/Refloor.app/Frameworks/PayCardsRecognizer.framework/PayCardsRecognizer'>', hardenedRuntime='0'>'>
2026-03-02 07:42:06 +0000  Skipping profile for item: <IDEDistributionItem: 0xae8c19c80; bundleID='org.cocoapods.Promises', path='<DVTFilePath:0xace74d7a0:'/Users/macbook/Library/Developer/Xcode/Archives/2026-03-02/Refloor 3-2-26, 1.10 PM.xcarchive/Products/Applications/Refloor.app/Frameworks/Promises.framework'>', codeSigningInfo='<_DVTCodeSigningInformation_Path: 0xa798bbb40; isSigned='1', isAdHocSigned='0', signingCertificate='<DVTSigningCertificate: 0xafa6ad5c0; name='Apple Development: Matthew Elias (5WL474P77Y)', hash='DB6CC57BBF17707F319BE0CD5155E70F3F088A25', serialNumber='38333F483CD67AA557B7C5B27DD5464C', certificateKinds='(
    "1.2.840.113635.100.6.1.12",
    "1.2.840.113635.100.6.1.2"
), issueDate='2025-08-11 05:52:50 +0000''>', entitlements='(null)', teamID='F8JN2G36QM', identifier='org.cocoapods.Promises', executablePath='<DVTFilePath:0xa7983e940:'/Users/macbook/Library/Developer/Xcode/Archives/2026-03-02/Refloor 3-2-26, 1.10 PM.xcarchive/Products/Applications/Refloor.app/Frameworks/Promises.framework/Promises'>', hardenedRuntime='0'>'>
2026-03-02 07:42:06 +0000  Skipping profile for item: <IDEDistributionItem: 0xa798b9860; bundleID='org.cocoapods.Realm', path='<DVTFilePath:0xa7983eb80:'/Users/macbook/Library/Developer/Xcode/Archives/2026-03-02/Refloor 3-2-26, 1.10 PM.xcarchive/Products/Applications/Refloor.app/Frameworks/Realm.framework'>', codeSigningInfo='<_DVTCodeSigningInformation_Path: 0xa798bb240; isSigned='1', isAdHocSigned='0', signingCertificate='<DVTSigningCertificate: 0xafa6ad5c0; name='Apple Development: Matthew Elias (5WL474P77Y)', hash='DB6CC57BBF17707F319BE0CD5155E70F3F088A25', serialNumber='38333F483CD67AA557B7C5B27DD5464C', certificateKinds='(
    "1.2.840.113635.100.6.1.12",
    "1.2.840.113635.100.6.1.2"
), issueDate='2025-08-11 05:52:50 +0000''>', entitlements='(null)', teamID='F8JN2G36QM', identifier='org.cocoapods.Realm', executablePath='<DVTFilePath:0xa7983ee80:'/Users/macbook/Library/Developer/Xcode/Archives/2026-03-02/Refloor 3-2-26, 1.10 PM.xcarchive/Products/Applications/Refloor.app/Frameworks/Realm.framework/Realm'>', hardenedRuntime='0'>'>
2026-03-02 07:42:06 +0000  Skipping profile for item: <IDEDistributionItem: 0xa798bbf00; bundleID='org.cocoapods.RealmSwift', path='<DVTFilePath:0xace74d570:'/Users/macbook/Library/Developer/Xcode/Archives/2026-03-02/Refloor 3-2-26, 1.10 PM.xcarchive/Products/Applications/Refloor.app/Frameworks/RealmSwift.framework'>', codeSigningInfo='<_DVTCodeSigningInformation_Path: 0xa798ba400; isSigned='1', isAdHocSigned='0', signingCertificate='<DVTSigningCertificate: 0xafa6ad5c0; name='Apple Development: Matthew Elias (5WL474P77Y)', hash='DB6CC57BBF17707F319BE0CD5155E70F3F088A25', serialNumber='38333F483CD67AA557B7C5B27DD5464C', certificateKinds='(
    "1.2.840.113635.100.6.1.12",
    "1.2.840.113635.100.6.1.2"
), issueDate='2025-08-11 05:52:50 +0000''>', entitlements='(null)', teamID='F8JN2G36QM', identifier='org.cocoapods.RealmSwift', executablePath='<DVTFilePath:0xa7983f4e0:'/Users/macbook/Library/Developer/Xcode/Archives/2026-03-02/Refloor 3-2-26, 1.10 PM.xcarchive/Products/Applications/Refloor.app/Frameworks/RealmSwift.framework/RealmSwift'>', hardenedRuntime='0'>'>
2026-03-02 07:42:06 +0000  Skipping profile for item: <IDEDistributionItem: 0xace73dc20; bundleID='org.cocoapods.RecaptchaInterop', path='<DVTFilePath:0xace74d420:'/Users/macbook/Library/Developer/Xcode/Archives/2026-03-02/Refloor 3-2-26, 1.10 PM.xcarchive/Products/Applications/Refloor.app/Frameworks/RecaptchaInterop.framework'>', codeSigningInfo='<_DVTCodeSigningInformation_Path: 0xace767720; isSigned='1', isAdHocSigned='0', signingCertificate='<DVTSigningCertificate: 0xafa6ad5c0; name='Apple Development: Matthew Elias (5WL474P77Y)', hash='DB6CC57BBF17707F319BE0CD5155E70F3F088A25', serialNumber='38333F483CD67AA557B7C5B27DD5464C', certificateKinds='(
    "1.2.840.113635.100.6.1.12",
    "1.2.840.113635.100.6.1.2"
), issueDate='2025-08-11 05:52:50 +0000''>', entitlements='(null)', teamID='F8JN2G36QM', identifier='org.cocoapods.RecaptchaInterop', executablePath='<DVTFilePath:0xace74d3b0:'/Users/macbook/Library/Developer/Xcode/Archives/2026-03-02/Refloor 3-2-26, 1.10 PM.xcarchive/Products/Applications/Refloor.app/Frameworks/RecaptchaInterop.framework/RecaptchaInterop'>', hardenedRuntime='0'>'>
2026-03-02 07:42:06 +0000  Skipping profile for item: <IDEDistributionItem: 0xa79853360; bundleID='org.cocoapods.SDWebImage', path='<DVTFilePath:0xace74d340:'/Users/macbook/Library/Developer/Xcode/Archives/2026-03-02/Refloor 3-2-26, 1.10 PM.xcarchive/Products/Applications/Refloor.app/Frameworks/SDWebImage.framework'>', codeSigningInfo='<_DVTCodeSigningInformation_Path: 0xa798bbf60; isSigned='1', isAdHocSigned='0', signingCertificate='<DVTSigningCertificate: 0xafa6ad5c0; name='Apple Development: Matthew Elias (5WL474P77Y)', hash='DB6CC57BBF17707F319BE0CD5155E70F3F088A25', serialNumber='38333F483CD67AA557B7C5B27DD5464C', certificateKinds='(
    "1.2.840.113635.100.6.1.12",
    "1.2.840.113635.100.6.1.2"
), issueDate='2025-08-11 05:52:50 +0000''>', entitlements='(null)', teamID='F8JN2G36QM', identifier='org.cocoapods.SDWebImage', executablePath='<DVTFilePath:0xa7983fb40:'/Users/macbook/Library/Developer/Xcode/Archives/2026-03-02/Refloor 3-2-26, 1.10 PM.xcarchive/Products/Applications/Refloor.app/Frameworks/SDWebImage.framework/SDWebImage'>', hardenedRuntime='0'>'>
2026-03-02 07:42:06 +0000  Skipping profile for item: <IDEDistributionItem: 0xa798bb060; bundleID='org.cocoapods.SVProgressHUD', path='<DVTFilePath:0xace74d2d0:'/Users/macbook/Library/Developer/Xcode/Archives/2026-03-02/Refloor 3-2-26, 1.10 PM.xcarchive/Products/Applications/Refloor.app/Frameworks/SVProgressHUD.framework'>', codeSigningInfo='<_DVTCodeSigningInformation_Path: 0xa798b9800; isSigned='1', isAdHocSigned='0', signingCertificate='<DVTSigningCertificate: 0xafa6ad5c0; name='Apple Development: Matthew Elias (5WL474P77Y)', hash='DB6CC57BBF17707F319BE0CD5155E70F3F088A25', serialNumber='38333F483CD67AA557B7C5B27DD5464C', certificateKinds='(
    "1.2.840.113635.100.6.1.12",
    "1.2.840.113635.100.6.1.2"
), issueDate='2025-08-11 05:52:50 +0000''>', entitlements='(null)', teamID='F8JN2G36QM', identifier='org.cocoapods.SVProgressHUD', executablePath='<DVTFilePath:0xa7983ff00:'/Users/macbook/Library/Developer/Xcode/Archives/2026-03-02/Refloor 3-2-26, 1.10 PM.xcarchive/Products/Applications/Refloor.app/Frameworks/SVProgressHUD.framework/SVProgressHUD'>', hardenedRuntime='0'>'>
2026-03-02 07:42:06 +0000  Skipping profile for item: <IDEDistributionItem: 0xace72f900; bundleID='org.cocoapods.SwiftJWT', path='<DVTFilePath:0xace74d030:'/Users/macbook/Library/Developer/Xcode/Archives/2026-03-02/Refloor 3-2-26, 1.10 PM.xcarchive/Products/Applications/Refloor.app/Frameworks/SwiftJWT.framework'>', codeSigningInfo='<_DVTCodeSigningInformation_Path: 0xace72d0e0; isSigned='1', isAdHocSigned='0', signingCertificate='<DVTSigningCertificate: 0xafa6ad5c0; name='Apple Development: Matthew Elias (5WL474P77Y)', hash='DB6CC57BBF17707F319BE0CD5155E70F3F088A25', serialNumber='38333F483CD67AA557B7C5B27DD5464C', certificateKinds='(
    "1.2.840.113635.100.6.1.12",
    "1.2.840.113635.100.6.1.2"
), issueDate='2025-08-11 05:52:50 +0000''>', entitlements='(null)', teamID='F8JN2G36QM', identifier='org.cocoapods.SwiftJWT', executablePath='<DVTFilePath:0xa79840b40:'/Users/macbook/Library/Developer/Xcode/Archives/2026-03-02/Refloor 3-2-26, 1.10 PM.xcarchive/Products/Applications/Refloor.app/Frameworks/SwiftJWT.framework/SwiftJWT'>', hardenedRuntime='0'>'>
2026-03-02 07:42:06 +0000  Skipping profile for item: <IDEDistributionItem: 0xace72eb20; bundleID='org.cocoapods.WeScan', path='<DVTFilePath:0xace74cfc0:'/Users/macbook/Library/Developer/Xcode/Archives/2026-03-02/Refloor 3-2-26, 1.10 PM.xcarchive/Products/Applications/Refloor.app/Frameworks/WeScan.framework'>', codeSigningInfo='<_DVTCodeSigningInformation_Path: 0xace767120; isSigned='1', isAdHocSigned='0', signingCertificate='<DVTSigningCertificate: 0xafa6ad5c0; name='Apple Development: Matthew Elias (5WL474P77Y)', hash='DB6CC57BBF17707F319BE0CD5155E70F3F088A25', serialNumber='38333F483CD67AA557B7C5B27DD5464C', certificateKinds='(
    "1.2.840.113635.100.6.1.12",
    "1.2.840.113635.100.6.1.2"
), issueDate='2025-08-11 05:52:50 +0000''>', entitlements='(null)', teamID='F8JN2G36QM', identifier='org.cocoapods.WeScan', executablePath='<DVTFilePath:0xa79842400:'/Users/macbook/Library/Developer/Xcode/Archives/2026-03-02/Refloor 3-2-26, 1.10 PM.xcarchive/Products/Applications/Refloor.app/Frameworks/WeScan.framework/WeScan'>', hardenedRuntime='0'>'>
2026-03-02 07:42:06 +0000  Skipping profile for item: <IDEDistributionItem: 0xa798bbc60; bundleID='org.cocoapods.Zip', path='<DVTFilePath:0xa79842700:'/Users/macbook/Library/Developer/Xcode/Archives/2026-03-02/Refloor 3-2-26, 1.10 PM.xcarchive/Products/Applications/Refloor.app/Frameworks/Zip.framework'>', codeSigningInfo='<_DVTCodeSigningInformation_Path: 0xa798bbd20; isSigned='1', isAdHocSigned='0', signingCertificate='<DVTSigningCertificate: 0xafa6ad5c0; name='Apple Development: Matthew Elias (5WL474P77Y)', hash='DB6CC57BBF17707F319BE0CD5155E70F3F088A25', serialNumber='38333F483CD67AA557B7C5B27DD5464C', certificateKinds='(
    "1.2.840.113635.100.6.1.12",
    "1.2.840.113635.100.6.1.2"
), issueDate='2025-08-11 05:52:50 +0000''>', entitlements='(null)', teamID='F8JN2G36QM', identifier='org.cocoapods.Zip', executablePath='<DVTFilePath:0xa79842a00:'/Users/macbook/Library/Developer/Xcode/Archives/2026-03-02/Refloor 3-2-26, 1.10 PM.xcarchive/Products/Applications/Refloor.app/Frameworks/Zip.framework/Zip'>', hardenedRuntime='0'>'>
2026-03-02 07:42:06 +0000  Skipping profile for item: <IDEDistributionItem: 0xace75e9a0; bundleID='org.cocoapods.absl', path='<DVTFilePath:0xace737540:'/Users/macbook/Library/Developer/Xcode/Archives/2026-03-02/Refloor 3-2-26, 1.10 PM.xcarchive/Products/Applications/Refloor.app/Frameworks/absl.framework'>', codeSigningInfo='<_DVTCodeSigningInformation_Path: 0xace6a3a80; isSigned='1', isAdHocSigned='0', signingCertificate='<DVTSigningCertificate: 0xafa6ad5c0; name='Apple Development: Matthew Elias (5WL474P77Y)', hash='DB6CC57BBF17707F319BE0CD5155E70F3F088A25', serialNumber='38333F483CD67AA557B7C5B27DD5464C', certificateKinds='(
    "1.2.840.113635.100.6.1.12",
    "1.2.840.113635.100.6.1.2"
), issueDate='2025-08-11 05:52:50 +0000''>', entitlements='(null)', teamID='F8JN2G36QM', identifier='org.cocoapods.absl', executablePath='<DVTFilePath:0xace737780:'/Users/macbook/Library/Developer/Xcode/Archives/2026-03-02/Refloor 3-2-26, 1.10 PM.xcarchive/Products/Applications/Refloor.app/Frameworks/absl.framework/absl'>', hardenedRuntime='0'>'>
2026-03-02 07:42:06 +0000  Skipping profile for item: <IDEDistributionItem: 0xa798bb540; bundleID='org.cocoapods.grpc', path='<DVTFilePath:0xa798398c0:'/Users/macbook/Library/Developer/Xcode/Archives/2026-03-02/Refloor 3-2-26, 1.10 PM.xcarchive/Products/Applications/Refloor.app/Frameworks/grpc.framework'>', codeSigningInfo='<_DVTCodeSigningInformation_Path: 0xa798bb8a0; isSigned='1', isAdHocSigned='0', signingCertificate='<DVTSigningCertificate: 0xafa6ad5c0; name='Apple Development: Matthew Elias (5WL474P77Y)', hash='DB6CC57BBF17707F319BE0CD5155E70F3F088A25', serialNumber='38333F483CD67AA557B7C5B27DD5464C', certificateKinds='(
    "1.2.840.113635.100.6.1.12",
    "1.2.840.113635.100.6.1.2"
), issueDate='2025-08-11 05:52:50 +0000''>', entitlements='(null)', teamID='F8JN2G36QM', identifier='org.cocoapods.grpc', executablePath='<DVTFilePath:0xa79839b00:'/Users/macbook/Library/Developer/Xcode/Archives/2026-03-02/Refloor 3-2-26, 1.10 PM.xcarchive/Products/Applications/Refloor.app/Frameworks/grpc.framework/grpc'>', hardenedRuntime='0'>'>
2026-03-02 07:42:06 +0000  Skipping profile for item: <IDEDistributionItem: 0xa79853b40; bundleID='org.cocoapods.grpcpp', path='<DVTFilePath:0xace74f250:'/Users/macbook/Library/Developer/Xcode/Archives/2026-03-02/Refloor 3-2-26, 1.10 PM.xcarchive/Products/Applications/Refloor.app/Frameworks/grpcpp.framework'>', codeSigningInfo='<_DVTCodeSigningInformation_Path: 0xa79853780; isSigned='1', isAdHocSigned='0', signingCertificate='<DVTSigningCertificate: 0xafa6ad5c0; name='Apple Development: Matthew Elias (5WL474P77Y)', hash='DB6CC57BBF17707F319BE0CD5155E70F3F088A25', serialNumber='38333F483CD67AA557B7C5B27DD5464C', certificateKinds='(
    "1.2.840.113635.100.6.1.12",
    "1.2.840.113635.100.6.1.2"
), issueDate='2025-08-11 05:52:50 +0000''>', entitlements='(null)', teamID='F8JN2G36QM', identifier='org.cocoapods.grpcpp', executablePath='<DVTFilePath:0xa7983a220:'/Users/macbook/Library/Developer/Xcode/Archives/2026-03-02/Refloor 3-2-26, 1.10 PM.xcarchive/Products/Applications/Refloor.app/Frameworks/grpcpp.framework/grpcpp'>', hardenedRuntime='0'>'>
2026-03-02 07:42:06 +0000  Skipping profile for item: <IDEDistributionItem: 0xa798baee0; bundleID='org.cocoapods.leveldb', path='<DVTFilePath:0xace74e760:'/Users/macbook/Library/Developer/Xcode/Archives/2026-03-02/Refloor 3-2-26, 1.10 PM.xcarchive/Products/Applications/Refloor.app/Frameworks/leveldb.framework'>', codeSigningInfo='<_DVTCodeSigningInformation_Path: 0xa798bae80; isSigned='1', isAdHocSigned='0', signingCertificate='<DVTSigningCertificate: 0xafa6ad5c0; name='Apple Development: Matthew Elias (5WL474P77Y)', hash='DB6CC57BBF17707F319BE0CD5155E70F3F088A25', serialNumber='38333F483CD67AA557B7C5B27DD5464C', certificateKinds='(
    "1.2.840.113635.100.6.1.12",
    "1.2.840.113635.100.6.1.2"
), issueDate='2025-08-11 05:52:50 +0000''>', entitlements='(null)', teamID='F8JN2G36QM', identifier='org.cocoapods.leveldb', executablePath='<DVTFilePath:0xa7983b9c0:'/Users/macbook/Library/Developer/Xcode/Archives/2026-03-02/Refloor 3-2-26, 1.10 PM.xcarchive/Products/Applications/Refloor.app/Frameworks/leveldb.framework/leveldb'>', hardenedRuntime='0'>'>
2026-03-02 07:42:06 +0000  Skipping profile for item: <IDEDistributionItem: 0xace69daa0; bundleID='org.cocoapods.libwebp', path='<DVTFilePath:0xace74e5a0:'/Users/macbook/Library/Developer/Xcode/Archives/2026-03-02/Refloor 3-2-26, 1.10 PM.xcarchive/Products/Applications/Refloor.app/Frameworks/libwebp.framework'>', codeSigningInfo='<_DVTCodeSigningInformation_Path: 0xae332d6e0; isSigned='1', isAdHocSigned='0', signingCertificate='<DVTSigningCertificate: 0xafa6ad5c0; name='Apple Development: Matthew Elias (5WL474P77Y)', hash='DB6CC57BBF17707F319BE0CD5155E70F3F088A25', serialNumber='38333F483CD67AA557B7C5B27DD5464C', certificateKinds='(
    "1.2.840.113635.100.6.1.12",
    "1.2.840.113635.100.6.1.2"
), issueDate='2025-08-11 05:52:50 +0000''>', entitlements='(null)', teamID='F8JN2G36QM', identifier='org.cocoapods.libwebp', executablePath='<DVTFilePath:0xa7983bea0:'/Users/macbook/Library/Developer/Xcode/Archives/2026-03-02/Refloor 3-2-26, 1.10 PM.xcarchive/Products/Applications/Refloor.app/Frameworks/libwebp.framework/libwebp'>', hardenedRuntime='0'>'>
2026-03-02 07:42:06 +0000  Skipping profile for item: <IDEDistributionItem: 0xa798b8660; bundleID='org.cocoapods.nanopb', path='<DVTFilePath:0xace74e300:'/Users/macbook/Library/Developer/Xcode/Archives/2026-03-02/Refloor 3-2-26, 1.10 PM.xcarchive/Products/Applications/Refloor.app/Frameworks/nanopb.framework'>', codeSigningInfo='<_DVTCodeSigningInformation_Path: 0xa798b8960; isSigned='1', isAdHocSigned='0', signingCertificate='<DVTSigningCertificate: 0xafa6ad5c0; name='Apple Development: Matthew Elias (5WL474P77Y)', hash='DB6CC57BBF17707F319BE0CD5155E70F3F088A25', serialNumber='38333F483CD67AA557B7C5B27DD5464C', certificateKinds='(
    "1.2.840.113635.100.6.1.12",
    "1.2.840.113635.100.6.1.2"
), issueDate='2025-08-11 05:52:50 +0000''>', entitlements='(null)', teamID='F8JN2G36QM', identifier='org.cocoapods.nanopb', executablePath='<DVTFilePath:0xa7983cc00:'/Users/macbook/Library/Developer/Xcode/Archives/2026-03-02/Refloor 3-2-26, 1.10 PM.xcarchive/Products/Applications/Refloor.app/Frameworks/nanopb.framework/nanopb'>', hardenedRuntime='0'>'>
2026-03-02 07:42:06 +0000  Skipping profile for item: <IDEDistributionItem: 0xa798bb5a0; bundleID='org.cocoapods.openssl-grpc', path='<DVTFilePath:0xace74f9c0:'/Users/macbook/Library/Developer/Xcode/Archives/2026-03-02/Refloor 3-2-26, 1.10 PM.xcarchive/Products/Applications/Refloor.app/Frameworks/openssl_grpc.framework'>', codeSigningInfo='<_DVTCodeSigningInformation_Path: 0xa798bb4e0; isSigned='1', isAdHocSigned='0', signingCertificate='<DVTSigningCertificate: 0xafa6ad5c0; name='Apple Development: Matthew Elias (5WL474P77Y)', hash='DB6CC57BBF17707F319BE0CD5155E70F3F088A25', serialNumber='38333F483CD67AA557B7C5B27DD5464C', certificateKinds='(
    "1.2.840.113635.100.6.1.12",
    "1.2.840.113635.100.6.1.2"
), issueDate='2025-08-11 05:52:50 +0000''>', entitlements='(null)', teamID='F8JN2G36QM', identifier='org.cocoapods.openssl-grpc', executablePath='<DVTFilePath:0xa7983d740:'/Users/macbook/Library/Developer/Xcode/Archives/2026-03-02/Refloor 3-2-26, 1.10 PM.xcarchive/Products/Applications/Refloor.app/Frameworks/openssl_grpc.framework/openssl_grpc'>', hardenedRuntime='0'>'>
2026-03-02 07:42:06 +0000  Processing step: IDEDistributionInfoPlistStep
2026-03-02 07:42:06 +0000  Skipping step: IDEDistributionInfoPlistStep because it said so
2026-03-02 07:42:06 +0000  Skipping step: IDEDistributionInfoPlistStep because it said so
2026-03-02 07:42:06 +0000  Skipping step: IDEDistributionInfoPlistStep because it said so
2026-03-02 07:42:06 +0000  Skipping step: IDEDistributionInfoPlistStep because it said so
2026-03-02 07:42:06 +0000  Skipping step: IDEDistributionInfoPlistStep because it said so
2026-03-02 07:42:06 +0000  Skipping step: IDEDistributionInfoPlistStep because it said so
2026-03-02 07:42:06 +0000  Skipping step: IDEDistributionInfoPlistStep because it said so
2026-03-02 07:42:06 +0000  Skipping step: IDEDistributionInfoPlistStep because it said so
2026-03-02 07:42:06 +0000  Skipping step: IDEDistributionInfoPlistStep because it said so
2026-03-02 07:42:06 +0000  Skipping step: IDEDistributionInfoPlistStep because it said so
2026-03-02 07:42:06 +0000  Skipping step: IDEDistributionInfoPlistStep because it said so
2026-03-02 07:42:06 +0000  Skipping step: IDEDistributionInfoPlistStep because it said so
2026-03-02 07:42:06 +0000  Skipping step: IDEDistributionInfoPlistStep because it said so
2026-03-02 07:42:06 +0000  Skipping step: IDEDistributionInfoPlistStep because it said so
2026-03-02 07:42:06 +0000  Skipping step: IDEDistributionInfoPlistStep because it said so
2026-03-02 07:42:06 +0000  Skipping step: IDEDistributionInfoPlistStep because it said so
2026-03-02 07:42:06 +0000  Skipping step: IDEDistributionInfoPlistStep because it said so
2026-03-02 07:42:06 +0000  Skipping step: IDEDistributionInfoPlistStep because it said so
2026-03-02 07:42:06 +0000  Skipping step: IDEDistributionInfoPlistStep because it said so
2026-03-02 07:42:06 +0000  Skipping step: IDEDistributionInfoPlistStep because it said so
2026-03-02 07:42:06 +0000  Skipping step: IDEDistributionInfoPlistStep because it said so
2026-03-02 07:42:06 +0000  Skipping step: IDEDistributionInfoPlistStep because it said so
2026-03-02 07:42:06 +0000  Skipping step: IDEDistributionInfoPlistStep because it said so
2026-03-02 07:42:06 +0000  Skipping step: IDEDistributionInfoPlistStep because it said so
2026-03-02 07:42:06 +0000  Skipping step: IDEDistributionInfoPlistStep because it said so
2026-03-02 07:42:06 +0000  Skipping step: IDEDistributionInfoPlistStep because it said so
2026-03-02 07:42:06 +0000  Skipping step: IDEDistributionInfoPlistStep because it said so
2026-03-02 07:42:06 +0000  Skipping step: IDEDistributionInfoPlistStep because it said so
2026-03-02 07:42:06 +0000  Skipping step: IDEDistributionInfoPlistStep because it said so
2026-03-02 07:42:06 +0000  Skipping step: IDEDistributionInfoPlistStep because it said so
2026-03-02 07:42:06 +0000  Skipping step: IDEDistributionInfoPlistStep because it said so
2026-03-02 07:42:06 +0000  Skipping step: IDEDistributionInfoPlistStep because it said so
2026-03-02 07:42:06 +0000  Skipping step: IDEDistributionInfoPlistStep because it said so
2026-03-02 07:42:06 +0000  Skipping step: IDEDistributionInfoPlistStep because it said so
2026-03-02 07:42:06 +0000  Skipping step: IDEDistributionInfoPlistStep because it said so
2026-03-02 07:42:06 +0000  Skipping step: IDEDistributionInfoPlistStep because it said so
2026-03-02 07:42:06 +0000  Skipping step: IDEDistributionInfoPlistStep because it said so
2026-03-02 07:42:06 +0000  Skipping step: IDEDistributionInfoPlistStep because it said so
2026-03-02 07:42:06 +0000  Skipping step: IDEDistributionInfoPlistStep because it said so
2026-03-02 07:42:06 +0000  Skipping step: IDEDistributionInfoPlistStep because it said so
2026-03-02 07:42:06 +0000  Skipping step: IDEDistributionInfoPlistStep because it said so
2026-03-02 07:42:06 +0000  Skipping step: IDEDistributionInfoPlistStep because it said so
2026-03-02 07:42:06 +0000  Skipping step: IDEDistributionInfoPlistStep because it said so
2026-03-02 07:42:06 +0000  Skipping step: IDEDistributionInfoPlistStep because it said so
2026-03-02 07:42:06 +0000  Skipping step: IDEDistributionInfoPlistStep because it said so
2026-03-02 07:42:06 +0000  Skipping step: IDEDistributionInfoPlistStep because it said so
2026-03-02 07:42:06 +0000  Skipping step: IDEDistributionInfoPlistStep because it said so
2026-03-02 07:42:06 +0000  Skipping step: IDEDistributionInfoPlistStep because it said so
2026-03-02 07:42:06 +0000  Skipping step: IDEDistributionInfoPlistStep because it said so
2026-03-02 07:42:06 +0000  Skipping step: IDEDistributionInfoPlistStep because it said so
2026-03-02 07:42:06 +0000  Skipping step: IDEDistributionInfoPlistStep because it said so
2026-03-02 07:42:06 +0000  Processing step: IDEDistributionAppThinningPlistStep
2026-03-02 07:42:06 +0000  Skipping step: IDEDistributionAppThinningPlistStep because it said so
2026-03-02 07:42:06 +0000  Processing step: IDEDistributionSymbolsStep
2026-03-02 07:42:06 +0000  Skipping step: IDEDistributionSymbolsStep because it said so
2026-03-02 07:42:06 +0000  Processing step: IDEDistributionAppThinningStep
2026-03-02 07:42:06 +0000  Skipping step: IDEDistributionAppThinningStep because it said so
2026-03-02 07:42:06 +0000  Processing step: IDEDistributionArchThinningStep
2026-03-02 07:42:06 +0000  Archs to thin for item /Users/macbook/Library/Developer/Xcode/Archives/2026-03-02/Refloor 3-2-26, 1.10 PM.xcarchive/Products/Applications/Refloor.app/Frameworks/Alamofire.framework are []
2026-03-02 07:42:06 +0000  Archs to thin for item /Users/macbook/Library/Developer/Xcode/Archives/2026-03-02/Refloor 3-2-26, 1.10 PM.xcarchive/Products/Applications/Refloor.app/Frameworks/AlamofireObjectMapper.framework are []
2026-03-02 07:42:06 +0000  Archs to thin for item /Users/macbook/Library/Developer/Xcode/Archives/2026-03-02/Refloor 3-2-26, 1.10 PM.xcarchive/Products/Applications/Refloor.app/Frameworks/CHRTextFieldFormatter.framework are []
2026-03-02 07:42:06 +0000  Archs to thin for item /Users/macbook/Library/Developer/Xcode/Archives/2026-03-02/Refloor 3-2-26, 1.10 PM.xcarchive/Products/Applications/Refloor.app/Frameworks/Cryptor.framework are []
2026-03-02 07:42:06 +0000  Archs to thin for item /Users/macbook/Library/Developer/Xcode/Archives/2026-03-02/Refloor 3-2-26, 1.10 PM.xcarchive/Products/Applications/Refloor.app/Frameworks/CryptorECC.framework are []
2026-03-02 07:42:06 +0000  Archs to thin for item /Users/macbook/Library/Developer/Xcode/Archives/2026-03-02/Refloor 3-2-26, 1.10 PM.xcarchive/Products/Applications/Refloor.app/Frameworks/CryptorRSA.framework are []
2026-03-02 07:42:06 +0000  Archs to thin for item /Users/macbook/Library/Developer/Xcode/Archives/2026-03-02/Refloor 3-2-26, 1.10 PM.xcarchive/Products/Applications/Refloor.app/Frameworks/DropDown.framework are []
2026-03-02 07:42:06 +0000  Archs to thin for item /Users/macbook/Library/Developer/Xcode/Archives/2026-03-02/Refloor 3-2-26, 1.10 PM.xcarchive/Products/Applications/Refloor.app/Frameworks/FBLPromises.framework are []
2026-03-02 07:42:06 +0000  Archs to thin for item /Users/macbook/Library/Developer/Xcode/Archives/2026-03-02/Refloor 3-2-26, 1.10 PM.xcarchive/Products/Applications/Refloor.app/Frameworks/FirebaseAppCheckInterop.framework are []
2026-03-02 07:42:06 +0000  Archs to thin for item /Users/macbook/Library/Developer/Xcode/Archives/2026-03-02/Refloor 3-2-26, 1.10 PM.xcarchive/Products/Applications/Refloor.app/Frameworks/FirebaseAuth.framework are []
2026-03-02 07:42:06 +0000  Archs to thin for item /Users/macbook/Library/Developer/Xcode/Archives/2026-03-02/Refloor 3-2-26, 1.10 PM.xcarchive/Products/Applications/Refloor.app/Frameworks/FirebaseAuthInterop.framework are []
2026-03-02 07:42:06 +0000  Archs to thin for item /Users/macbook/Library/Developer/Xcode/Archives/2026-03-02/Refloor 3-2-26, 1.10 PM.xcarchive/Products/Applications/Refloor.app/Frameworks/FirebaseCore.framework are []
2026-03-02 07:42:06 +0000  Archs to thin for item /Users/macbook/Library/Developer/Xcode/Archives/2026-03-02/Refloor 3-2-26, 1.10 PM.xcarchive/Products/Applications/Refloor.app/Frameworks/FirebaseCoreExtension.framework are []
2026-03-02 07:42:06 +0000  Archs to thin for item /Users/macbook/Library/Developer/Xcode/Archives/2026-03-02/Refloor 3-2-26, 1.10 PM.xcarchive/Products/Applications/Refloor.app/Frameworks/FirebaseCoreInternal.framework are []
2026-03-02 07:42:06 +0000  Archs to thin for item /Users/macbook/Library/Developer/Xcode/Archives/2026-03-02/Refloor 3-2-26, 1.10 PM.xcarchive/Products/Applications/Refloor.app/Frameworks/FirebaseCrashlytics.framework are []
2026-03-02 07:42:06 +0000  Archs to thin for item /Users/macbook/Library/Developer/Xcode/Archives/2026-03-02/Refloor 3-2-26, 1.10 PM.xcarchive/Products/Applications/Refloor.app/Frameworks/FirebaseFirestore.framework are []
2026-03-02 07:42:06 +0000  Archs to thin for item /Users/macbook/Library/Developer/Xcode/Archives/2026-03-02/Refloor 3-2-26, 1.10 PM.xcarchive/Products/Applications/Refloor.app/Frameworks/FirebaseFirestoreInternal.framework are []
2026-03-02 07:42:06 +0000  Archs to thin for item /Users/macbook/Library/Developer/Xcode/Archives/2026-03-02/Refloor 3-2-26, 1.10 PM.xcarchive/Products/Applications/Refloor.app/Frameworks/FirebaseInstallations.framework are []
2026-03-02 07:42:06 +0000  Archs to thin for item /Users/macbook/Library/Developer/Xcode/Archives/2026-03-02/Refloor 3-2-26, 1.10 PM.xcarchive/Products/Applications/Refloor.app/Frameworks/FirebaseMessaging.framework are []
2026-03-02 07:42:06 +0000  Archs to thin for item /Users/macbook/Library/Developer/Xcode/Archives/2026-03-02/Refloor 3-2-26, 1.10 PM.xcarchive/Products/Applications/Refloor.app/Frameworks/FirebaseRemoteConfigInterop.framework are []
2026-03-02 07:42:06 +0000  Archs to thin for item /Users/macbook/Library/Developer/Xcode/Archives/2026-03-02/Refloor 3-2-26, 1.10 PM.xcarchive/Products/Applications/Refloor.app/Frameworks/FirebaseSessions.framework are []
2026-03-02 07:42:06 +0000  Archs to thin for item /Users/macbook/Library/Developer/Xcode/Archives/2026-03-02/Refloor 3-2-26, 1.10 PM.xcarchive/Products/Applications/Refloor.app/Frameworks/FirebaseSharedSwift.framework are []
2026-03-02 07:42:06 +0000  Archs to thin for item /Users/macbook/Library/Developer/Xcode/Archives/2026-03-02/Refloor 3-2-26, 1.10 PM.xcarchive/Products/Applications/Refloor.app/Frameworks/GTMSessionFetcher.framework are []
2026-03-02 07:42:06 +0000  Archs to thin for item /Users/macbook/Library/Developer/Xcode/Archives/2026-03-02/Refloor 3-2-26, 1.10 PM.xcarchive/Products/Applications/Refloor.app/Frameworks/GoogleDataTransport.framework are []
2026-03-02 07:42:06 +0000  Archs to thin for item /Users/macbook/Library/Developer/Xcode/Archives/2026-03-02/Refloor 3-2-26, 1.10 PM.xcarchive/Products/Applications/Refloor.app/Frameworks/GoogleUtilities.framework are []
2026-03-02 07:42:06 +0000  Archs to thin for item /Users/macbook/Library/Developer/Xcode/Archives/2026-03-02/Refloor 3-2-26, 1.10 PM.xcarchive/Products/Applications/Refloor.app/Frameworks/IQKeyboardManagerSwift.framework are []
2026-03-02 07:42:06 +0000  Archs to thin for item /Users/macbook/Library/Developer/Xcode/Archives/2026-03-02/Refloor 3-2-26, 1.10 PM.xcarchive/Products/Applications/Refloor.app/Frameworks/JWTCodable.framework are []
2026-03-02 07:42:06 +0000  Archs to thin for item /Users/macbook/Library/Developer/Xcode/Archives/2026-03-02/Refloor 3-2-26, 1.10 PM.xcarchive/Products/Applications/Refloor.app/Frameworks/KituraContracts.framework are []
2026-03-02 07:42:06 +0000  Archs to thin for item /Users/macbook/Library/Developer/Xcode/Archives/2026-03-02/Refloor 3-2-26, 1.10 PM.xcarchive/Products/Applications/Refloor.app/Frameworks/LoggerAPI.framework are []
2026-03-02 07:42:06 +0000  Archs to thin for item /Users/macbook/Library/Developer/Xcode/Archives/2026-03-02/Refloor 3-2-26, 1.10 PM.xcarchive/Products/Applications/Refloor.app/Frameworks/Logging.framework are []
2026-03-02 07:42:06 +0000  Archs to thin for item /Users/macbook/Library/Developer/Xcode/Archives/2026-03-02/Refloor 3-2-26, 1.10 PM.xcarchive/Products/Applications/Refloor.app/Frameworks/MaterialShowcase.framework are []
2026-03-02 07:42:06 +0000  Archs to thin for item /Users/macbook/Library/Developer/Xcode/Archives/2026-03-02/Refloor 3-2-26, 1.10 PM.xcarchive/Products/Applications/Refloor.app/Frameworks/ObjectMapper.framework are []
2026-03-02 07:42:06 +0000  Archs to thin for item /Users/macbook/Library/Developer/Xcode/Archives/2026-03-02/Refloor 3-2-26, 1.10 PM.xcarchive/Products/Applications/Refloor.app/Frameworks/ObjectMapper_Realm.framework are []
2026-03-02 07:42:06 +0000  Archs to thin for item /Users/macbook/Library/Developer/Xcode/Archives/2026-03-02/Refloor 3-2-26, 1.10 PM.xcarchive/Products/Applications/Refloor.app/Frameworks/PayCardsRecognizer.framework are []
2026-03-02 07:42:06 +0000  Archs to thin for item /Users/macbook/Library/Developer/Xcode/Archives/2026-03-02/Refloor 3-2-26, 1.10 PM.xcarchive/Products/Applications/Refloor.app/Frameworks/Promises.framework are []
2026-03-02 07:42:06 +0000  Archs to thin for item /Users/macbook/Library/Developer/Xcode/Archives/2026-03-02/Refloor 3-2-26, 1.10 PM.xcarchive/Products/Applications/Refloor.app/Frameworks/Realm.framework are []
2026-03-02 07:42:06 +0000  Archs to thin for item /Users/macbook/Library/Developer/Xcode/Archives/2026-03-02/Refloor 3-2-26, 1.10 PM.xcarchive/Products/Applications/Refloor.app/Frameworks/RealmSwift.framework are []
2026-03-02 07:42:06 +0000  Archs to thin for item /Users/macbook/Library/Developer/Xcode/Archives/2026-03-02/Refloor 3-2-26, 1.10 PM.xcarchive/Products/Applications/Refloor.app/Frameworks/RecaptchaInterop.framework are []
2026-03-02 07:42:06 +0000  Archs to thin for item /Users/macbook/Library/Developer/Xcode/Archives/2026-03-02/Refloor 3-2-26, 1.10 PM.xcarchive/Products/Applications/Refloor.app/Frameworks/SDWebImage.framework are []
2026-03-02 07:42:06 +0000  Archs to thin for item /Users/macbook/Library/Developer/Xcode/Archives/2026-03-02/Refloor 3-2-26, 1.10 PM.xcarchive/Products/Applications/Refloor.app/Frameworks/SVProgressHUD.framework are []
2026-03-02 07:42:06 +0000  Archs to thin for item /Users/macbook/Library/Developer/Xcode/Archives/2026-03-02/Refloor 3-2-26, 1.10 PM.xcarchive/Products/Applications/Refloor.app/Frameworks/SwiftJWT.framework are []
2026-03-02 07:42:06 +0000  Archs to thin for item /Users/macbook/Library/Developer/Xcode/Archives/2026-03-02/Refloor 3-2-26, 1.10 PM.xcarchive/Products/Applications/Refloor.app/Frameworks/WeScan.framework are []
2026-03-02 07:42:06 +0000  Archs to thin for item /Users/macbook/Library/Developer/Xcode/Archives/2026-03-02/Refloor 3-2-26, 1.10 PM.xcarchive/Products/Applications/Refloor.app/Frameworks/Zip.framework are []
2026-03-02 07:42:06 +0000  Archs to thin for item /Users/macbook/Library/Developer/Xcode/Archives/2026-03-02/Refloor 3-2-26, 1.10 PM.xcarchive/Products/Applications/Refloor.app/Frameworks/absl.framework are []
2026-03-02 07:42:06 +0000  Archs to thin for item /Users/macbook/Library/Developer/Xcode/Archives/2026-03-02/Refloor 3-2-26, 1.10 PM.xcarchive/Products/Applications/Refloor.app/Frameworks/grpc.framework are []
2026-03-02 07:42:06 +0000  Archs to thin for item /Users/macbook/Library/Developer/Xcode/Archives/2026-03-02/Refloor 3-2-26, 1.10 PM.xcarchive/Products/Applications/Refloor.app/Frameworks/grpcpp.framework are []
2026-03-02 07:42:06 +0000  Archs to thin for item /Users/macbook/Library/Developer/Xcode/Archives/2026-03-02/Refloor 3-2-26, 1.10 PM.xcarchive/Products/Applications/Refloor.app/Frameworks/leveldb.framework are []
2026-03-02 07:42:06 +0000  Archs to thin for item /Users/macbook/Library/Developer/Xcode/Archives/2026-03-02/Refloor 3-2-26, 1.10 PM.xcarchive/Products/Applications/Refloor.app/Frameworks/libwebp.framework are []
2026-03-02 07:42:06 +0000  Archs to thin for item /Users/macbook/Library/Developer/Xcode/Archives/2026-03-02/Refloor 3-2-26, 1.10 PM.xcarchive/Products/Applications/Refloor.app/Frameworks/nanopb.framework are []
2026-03-02 07:42:06 +0000  Archs to thin for item /Users/macbook/Library/Developer/Xcode/Archives/2026-03-02/Refloor 3-2-26, 1.10 PM.xcarchive/Products/Applications/Refloor.app/Frameworks/openssl_grpc.framework are []
2026-03-02 07:42:06 +0000  Archs to thin for item /Users/macbook/Library/Developer/Xcode/Archives/2026-03-02/Refloor 3-2-26, 1.10 PM.xcarchive/Products/Applications/Refloor.app are []
2026-03-02 07:42:06 +0000  Processing step: IDEDistributionODRStep
2026-03-02 07:42:06 +0000  Processing step: IDEDistributionStripXattrsStep
2026-03-02 07:42:06 +0000  Skipping stripping extended attributes because the codesign step will strip them.
2026-03-02 07:42:06 +0000  Skipping stripping extended attributes because the codesign step will strip them.
2026-03-02 07:42:06 +0000  Skipping stripping extended attributes because the codesign step will strip them.
2026-03-02 07:42:06 +0000  Skipping stripping extended attributes because the codesign step will strip them.
2026-03-02 07:42:06 +0000  Skipping stripping extended attributes because the codesign step will strip them.
2026-03-02 07:42:06 +0000  Skipping stripping extended attributes because the codesign step will strip them.
2026-03-02 07:42:06 +0000  Skipping stripping extended attributes because the codesign step will strip them.
2026-03-02 07:42:06 +0000  Skipping stripping extended attributes because the codesign step will strip them.
2026-03-02 07:42:06 +0000  Skipping stripping extended attributes because the codesign step will strip them.
2026-03-02 07:42:06 +0000  Skipping stripping extended attributes because the codesign step will strip them.
2026-03-02 07:42:06 +0000  Skipping stripping extended attributes because the codesign step will strip them.
2026-03-02 07:42:06 +0000  Skipping stripping extended attributes because the codesign step will strip them.
2026-03-02 07:42:06 +0000  Skipping stripping extended attributes because the codesign step will strip them.
2026-03-02 07:42:06 +0000  Skipping stripping extended attributes because the codesign step will strip them.
2026-03-02 07:42:06 +0000  Skipping stripping extended attributes because the codesign step will strip them.
2026-03-02 07:42:06 +0000  Skipping stripping extended attributes because the codesign step will strip them.
2026-03-02 07:42:06 +0000  Skipping stripping extended attributes because the codesign step will strip them.
2026-03-02 07:42:06 +0000  Skipping stripping extended attributes because the codesign step will strip them.
2026-03-02 07:42:06 +0000  Skipping stripping extended attributes because the codesign step will strip them.
2026-03-02 07:42:06 +0000  Skipping stripping extended attributes because the codesign step will strip them.
2026-03-02 07:42:06 +0000  Skipping stripping extended attributes because the codesign step will strip them.
2026-03-02 07:42:06 +0000  Skipping stripping extended attributes because the codesign step will strip them.
2026-03-02 07:42:06 +0000  Skipping stripping extended attributes because the codesign step will strip them.
2026-03-02 07:42:06 +0000  Skipping stripping extended attributes because the codesign step will strip them.
2026-03-02 07:42:06 +0000  Skipping stripping extended attributes because the codesign step will strip them.
2026-03-02 07:42:06 +0000  Skipping stripping extended attributes because the codesign step will strip them.
2026-03-02 07:42:06 +0000  Skipping stripping extended attributes because the codesign step will strip them.
2026-03-02 07:42:06 +0000  Skipping stripping extended attributes because the codesign step will strip them.
2026-03-02 07:42:06 +0000  Skipping stripping extended attributes because the codesign step will strip them.
2026-03-02 07:42:06 +0000  Skipping stripping extended attributes because the codesign step will strip them.
2026-03-02 07:42:06 +0000  Skipping stripping extended attributes because the codesign step will strip them.
2026-03-02 07:42:06 +0000  Skipping stripping extended attributes because the codesign step will strip them.
2026-03-02 07:42:06 +0000  Skipping stripping extended attributes because the codesign step will strip them.
2026-03-02 07:42:06 +0000  Skipping stripping extended attributes because the codesign step will strip them.
2026-03-02 07:42:06 +0000  Skipping stripping extended attributes because the codesign step will strip them.
2026-03-02 07:42:06 +0000  Skipping stripping extended attributes because the codesign step will strip them.
2026-03-02 07:42:06 +0000  Skipping stripping extended attributes because the codesign step will strip them.
2026-03-02 07:42:06 +0000  Skipping stripping extended attributes because the codesign step will strip them.
2026-03-02 07:42:06 +0000  Skipping stripping extended attributes because the codesign step will strip them.
2026-03-02 07:42:06 +0000  Skipping stripping extended attributes because the codesign step will strip them.
2026-03-02 07:42:06 +0000  Skipping stripping extended attributes because the codesign step will strip them.
2026-03-02 07:42:06 +0000  Skipping stripping extended attributes because the codesign step will strip them.
2026-03-02 07:42:06 +0000  Skipping stripping extended attributes because the codesign step will strip them.
2026-03-02 07:42:06 +0000  Skipping stripping extended attributes because the codesign step will strip them.
2026-03-02 07:42:06 +0000  Skipping stripping extended attributes because the codesign step will strip them.
2026-03-02 07:42:06 +0000  Skipping stripping extended attributes because the codesign step will strip them.
2026-03-02 07:42:06 +0000  Skipping stripping extended attributes because the codesign step will strip them.
2026-03-02 07:42:06 +0000  Skipping stripping extended attributes because the codesign step will strip them.
2026-03-02 07:42:06 +0000  Skipping stripping extended attributes because the codesign step will strip them.
2026-03-02 07:42:06 +0000  Skipping stripping extended attributes because the codesign step will strip them.
2026-03-02 07:42:06 +0000  Skipping stripping extended attributes because the codesign step will strip them.
2026-03-02 07:42:06 +0000  Processing step: IDEDistributionCodesignStep
2026-03-02 07:42:06 +0000  Entitlements for <IDEDistributionItem: 0xa798ba9a0; bundleID='org.cocoapods.Alamofire', path='<DVTFilePath:0xace6ada40:'/Users/macbook/Library/Developer/Xcode/Archives/2026-03-02/Refloor 3-2-26, 1.10 PM.xcarchive/Products/Applications/Refloor.app/Frameworks/Alamofire.framework'>', codeSigningInfo='<_DVTCodeSigningInformation_Path: 0xa798ba700; isSigned='1', isAdHocSigned='0', signingCertificate='<DVTSigningCertificate: 0xafa6ad5c0; name='Apple Development: Matthew Elias (5WL474P77Y)', hash='DB6CC57BBF17707F319BE0CD5155E70F3F088A25', serialNumber='38333F483CD67AA557B7C5B27DD5464C', certificateKinds='(
    "1.2.840.113635.100.6.1.12",
    "1.2.840.113635.100.6.1.2"
), issueDate='2025-08-11 05:52:50 +0000''>', entitlements='(null)', teamID='F8JN2G36QM', identifier='org.cocoapods.Alamofire', executablePath='<DVTFilePath:0xace737c60:'/Users/macbook/Library/Developer/Xcode/Archives/2026-03-02/Refloor 3-2-26, 1.10 PM.xcarchive/Products/Applications/Refloor.app/Frameworks/Alamofire.framework/Alamofire'>', hardenedRuntime='0'>'>: {
}
2026-03-02 07:42:06 +0000  Associated App Clip Identifiers Filter: Skipping because "com.apple.developer.associated-appclip-app-identifiers" is not present
2026-03-02 07:42:06 +0000  Entitlements for <IDEDistributionItem: 0xa798ba9a0; bundleID='org.cocoapods.Alamofire', path='<DVTFilePath:0xace6ada40:'/Users/macbook/Library/Developer/Xcode/Archives/2026-03-02/Refloor 3-2-26, 1.10 PM.xcarchive/Products/Applications/Refloor.app/Frameworks/Alamofire.framework'>', codeSigningInfo='<_DVTCodeSigningInformation_Path: 0xa798ba700; isSigned='1', isAdHocSigned='0', signingCertificate='<DVTSigningCertificate: 0xafa6ad500; name='Apple Development: Matthew Elias (5WL474P77Y)', hash='DB6CC57BBF17707F319BE0CD5155E70F3F088A25', serialNumber='38333F483CD67AA557B7C5B27DD5464C', certificateKinds='(
    "1.2.840.113635.100.6.1.12",
    "1.2.840.113635.100.6.1.2"
), issueDate='2025-08-11 05:52:50 +0000''>', entitlements='(null)', teamID='F8JN2G36QM', identifier='org.cocoapods.Alamofire', executablePath='<DVTFilePath:0xace737c60:'/Users/macbook/Library/Developer/Xcode/Archives/2026-03-02/Refloor 3-2-26, 1.10 PM.xcarchive/Products/Applications/Refloor.app/Frameworks/Alamofire.framework/Alamofire'>', hardenedRuntime='0'>'> are: {
}
2026-03-02 07:42:06 +0000  Writing entitlements for <IDEDistributionItem: 0xa798ba9a0; bundleID='org.cocoapods.Alamofire', path='<DVTFilePath:0xace6ada40:'/Users/macbook/Library/Developer/Xcode/Archives/2026-03-02/Refloor 3-2-26, 1.10 PM.xcarchive/Products/Applications/Refloor.app/Frameworks/Alamofire.framework'>', codeSigningInfo='<_DVTCodeSigningInformation_Path: 0xa798ba700; isSigned='1', isAdHocSigned='0', signingCertificate='<DVTSigningCertificate: 0xafa6ad500; name='Apple Development: Matthew Elias (5WL474P77Y)', hash='DB6CC57BBF17707F319BE0CD5155E70F3F088A25', serialNumber='38333F483CD67AA557B7C5B27DD5464C', certificateKinds='(
    "1.2.840.113635.100.6.1.12",
    "1.2.840.113635.100.6.1.2"
), issueDate='2025-08-11 05:52:50 +0000''>', entitlements='(null)', teamID='F8JN2G36QM', identifier='org.cocoapods.Alamofire', executablePath='<DVTFilePath:0xace737c60:'/Users/macbook/Library/Developer/Xcode/Archives/2026-03-02/Refloor 3-2-26, 1.10 PM.xcarchive/Products/Applications/Refloor.app/Frameworks/Alamofire.framework/Alamofire'>', hardenedRuntime='0'>'> to: /var/folders/r3/81p5d_c505l5g5hf9p01yqdh0000gn/T/XcodeDistPipeline.~~~xtDOCp/entitlements~~~Uin9SH
2026-03-02 07:42:06 +0000  invoking codesign: <NSConcreteTask: 0xb01e4d3b0; launchPath='/usr/bin/codesign', arguments='(
    "-f",
    "-s",
    6179D3F817E001159E608D43AF9CEF8975C575F3,
    "--entitlements",
    "/var/folders/r3/81p5d_c505l5g5hf9p01yqdh0000gn/T/XcodeDistPipeline.~~~xtDOCp/entitlements~~~Uin9SH",
    "--preserve-metadata=identifier,flags,runtime,launch-constraints,library-constraints",
    "--generate-entitlement-der",
    "--strip-disallowed-xattrs",
    "-vvv",
    "/var/folders/r3/81p5d_c505l5g5hf9p01yqdh0000gn/T/XcodeDistPipeline.~~~xtDOCp/Root/Payload/Refloor.app/Frameworks/Alamofire.framework"
)'>
2026-03-02 07:42:06 +0000  codesign output: /var/folders/r3/81p5d_c505l5g5hf9p01yqdh0000gn/T/XcodeDistPipeline.~~~xtDOCp/Root/Payload/Refloor.app/Frameworks/Alamofire.framework: replacing existing signature
/var/folders/r3/81p5d_c505l5g5hf9p01yqdh0000gn/T/XcodeDistPipeline.~~~xtDOCp/Root/Payload/Refloor.app/Frameworks/Alamofire.framework: signed bundle with Mach-O thin (arm64) [org.cocoapods.Alamofire]
2026-03-02 07:42:06 +0000  Entitlements for <IDEDistributionItem: 0xace72e8e0; bundleID='org.cocoapods.AlamofireObjectMapper', path='<DVTFilePath:0xace6ad3b0:'/Users/macbook/Library/Developer/Xcode/Archives/2026-03-02/Refloor 3-2-26, 1.10 PM.xcarchive/Products/Applications/Refloor.app/Frameworks/AlamofireObjectMapper.framework'>', codeSigningInfo='<_DVTCodeSigningInformation_Path: 0xace72ff60; isSigned='1', isAdHocSigned='0', signingCertificate='<DVTSigningCertificate: 0xafa6ad5c0; name='Apple Development: Matthew Elias (5WL474P77Y)', hash='DB6CC57BBF17707F319BE0CD5155E70F3F088A25', serialNumber='38333F483CD67AA557B7C5B27DD5464C', certificateKinds='(
    "1.2.840.113635.100.6.1.12",
    "1.2.840.113635.100.6.1.2"
), issueDate='2025-08-11 05:52:50 +0000''>', entitlements='(null)', teamID='F8JN2G36QM', identifier='org.cocoapods.AlamofireObjectMapper', executablePath='<DVTFilePath:0xace6ac230:'/Users/macbook/Library/Developer/Xcode/Archives/2026-03-02/Refloor 3-2-26, 1.10 PM.xcarchive/Products/Applications/Refloor.app/Frameworks/AlamofireObjectMapper.framework/AlamofireObjectMapper'>', hardenedRuntime='0'>'>: {
}
2026-03-02 07:42:06 +0000  Associated App Clip Identifiers Filter: Skipping because "com.apple.developer.associated-appclip-app-identifiers" is not present
2026-03-02 07:42:06 +0000  Entitlements for <IDEDistributionItem: 0xace72e8e0; bundleID='org.cocoapods.AlamofireObjectMapper', path='<DVTFilePath:0xace6ad3b0:'/Users/macbook/Library/Developer/Xcode/Archives/2026-03-02/Refloor 3-2-26, 1.10 PM.xcarchive/Products/Applications/Refloor.app/Frameworks/AlamofireObjectMapper.framework'>', codeSigningInfo='<_DVTCodeSigningInformation_Path: 0xace72ff60; isSigned='1', isAdHocSigned='0', signingCertificate='<DVTSigningCertificate: 0xafa6ad500; name='Apple Development: Matthew Elias (5WL474P77Y)', hash='DB6CC57BBF17707F319BE0CD5155E70F3F088A25', serialNumber='38333F483CD67AA557B7C5B27DD5464C', certificateKinds='(
    "1.2.840.113635.100.6.1.12",
    "1.2.840.113635.100.6.1.2"
), issueDate='2025-08-11 05:52:50 +0000''>', entitlements='(null)', teamID='F8JN2G36QM', identifier='org.cocoapods.AlamofireObjectMapper', executablePath='<DVTFilePath:0xace6ac230:'/Users/macbook/Library/Developer/Xcode/Archives/2026-03-02/Refloor 3-2-26, 1.10 PM.xcarchive/Products/Applications/Refloor.app/Frameworks/AlamofireObjectMapper.framework/AlamofireObjectMapper'>', hardenedRuntime='0'>'> are: {
}
2026-03-02 07:42:06 +0000  Writing entitlements for <IDEDistributionItem: 0xace72e8e0; bundleID='org.cocoapods.AlamofireObjectMapper', path='<DVTFilePath:0xace6ad3b0:'/Users/macbook/Library/Developer/Xcode/Archives/2026-03-02/Refloor 3-2-26, 1.10 PM.xcarchive/Products/Applications/Refloor.app/Frameworks/AlamofireObjectMapper.framework'>', codeSigningInfo='<_DVTCodeSigningInformation_Path: 0xace72ff60; isSigned='1', isAdHocSigned='0', signingCertificate='<DVTSigningCertificate: 0xafa6ad500; name='Apple Development: Matthew Elias (5WL474P77Y)', hash='DB6CC57BBF17707F319BE0CD5155E70F3F088A25', serialNumber='38333F483CD67AA557B7C5B27DD5464C', certificateKinds='(
    "1.2.840.113635.100.6.1.12",
    "1.2.840.113635.100.6.1.2"
), issueDate='2025-08-11 05:52:50 +0000''>', entitlements='(null)', teamID='F8JN2G36QM', identifier='org.cocoapods.AlamofireObjectMapper', executablePath='<DVTFilePath:0xace6ac230:'/Users/macbook/Library/Developer/Xcode/Archives/2026-03-02/Refloor 3-2-26, 1.10 PM.xcarchive/Products/Applications/Refloor.app/Frameworks/AlamofireObjectMapper.framework/AlamofireObjectMapper'>', hardenedRuntime='0'>'> to: /var/folders/r3/81p5d_c505l5g5hf9p01yqdh0000gn/T/XcodeDistPipeline.~~~xtDOCp/entitlements~~~LF9zAh
2026-03-02 07:42:06 +0000  invoking codesign: <NSConcreteTask: 0xb01e4c7d0; launchPath='/usr/bin/codesign', arguments='(
    "-f",
    "-s",
    6179D3F817E001159E608D43AF9CEF8975C575F3,
    "--entitlements",
    "/var/folders/r3/81p5d_c505l5g5hf9p01yqdh0000gn/T/XcodeDistPipeline.~~~xtDOCp/entitlements~~~LF9zAh",
    "--preserve-metadata=identifier,flags,runtime,launch-constraints,library-constraints",
    "--generate-entitlement-der",
    "--strip-disallowed-xattrs",
    "-vvv",
    "/var/folders/r3/81p5d_c505l5g5hf9p01yqdh0000gn/T/XcodeDistPipeline.~~~xtDOCp/Root/Payload/Refloor.app/Frameworks/AlamofireObjectMapper.framework"
)'>
2026-03-02 07:42:06 +0000  codesign output: /var/folders/r3/81p5d_c505l5g5hf9p01yqdh0000gn/T/XcodeDistPipeline.~~~xtDOCp/Root/Payload/Refloor.app/Frameworks/AlamofireObjectMapper.framework: replacing existing signature
/var/folders/r3/81p5d_c505l5g5hf9p01yqdh0000gn/T/XcodeDistPipeline.~~~xtDOCp/Root/Payload/Refloor.app/Frameworks/AlamofireObjectMapper.framework: signed bundle with Mach-O thin (arm64) [org.cocoapods.AlamofireObjectMapper]
2026-03-02 07:42:06 +0000  Entitlements for <IDEDistributionItem: 0xa798bb660; bundleID='org.cocoapods.CHRTextFieldFormatter', path='<DVTFilePath:0xace6ac310:'/Users/macbook/Library/Developer/Xcode/Archives/2026-03-02/Refloor 3-2-26, 1.10 PM.xcarchive/Products/Applications/Refloor.app/Frameworks/CHRTextFieldFormatter.framework'>', codeSigningInfo='<_DVTCodeSigningInformation_Path: 0xa798bb600; isSigned='1', isAdHocSigned='0', signingCertificate='<DVTSigningCertificate: 0xafa6ad5c0; name='Apple Development: Matthew Elias (5WL474P77Y)', hash='DB6CC57BBF17707F319BE0CD5155E70F3F088A25', serialNumber='38333F483CD67AA557B7C5B27DD5464C', certificateKinds='(
    "1.2.840.113635.100.6.1.12",
    "1.2.840.113635.100.6.1.2"
), issueDate='2025-08-11 05:52:50 +0000''>', entitlements='(null)', teamID='F8JN2G36QM', identifier='org.cocoapods.CHRTextFieldFormatter', executablePath='<DVTFilePath:0xace6ac150:'/Users/macbook/Library/Developer/Xcode/Archives/2026-03-02/Refloor 3-2-26, 1.10 PM.xcarchive/Products/Applications/Refloor.app/Frameworks/CHRTextFieldFormatter.framework/CHRTextFieldFormatter'>', hardenedRuntime='0'>'>: {
}
2026-03-02 07:42:06 +0000  Associated App Clip Identifiers Filter: Skipping because "com.apple.developer.associated-appclip-app-identifiers" is not present
2026-03-02 07:42:06 +0000  Entitlements for <IDEDistributionItem: 0xa798bb660; bundleID='org.cocoapods.CHRTextFieldFormatter', path='<DVTFilePath:0xace6ac310:'/Users/macbook/Library/Developer/Xcode/Archives/2026-03-02/Refloor 3-2-26, 1.10 PM.xcarchive/Products/Applications/Refloor.app/Frameworks/CHRTextFieldFormatter.framework'>', codeSigningInfo='<_DVTCodeSigningInformation_Path: 0xa798bb600; isSigned='1', isAdHocSigned='0', signingCertificate='<DVTSigningCertificate: 0xafa6ad500; name='Apple Development: Matthew Elias (5WL474P77Y)', hash='DB6CC57BBF17707F319BE0CD5155E70F3F088A25', serialNumber='38333F483CD67AA557B7C5B27DD5464C', certificateKinds='(
    "1.2.840.113635.100.6.1.12",
    "1.2.840.113635.100.6.1.2"
), issueDate='2025-08-11 05:52:50 +0000''>', entitlements='(null)', teamID='F8JN2G36QM', identifier='org.cocoapods.CHRTextFieldFormatter', executablePath='<DVTFilePath:0xace6ac150:'/Users/macbook/Library/Developer/Xcode/Archives/2026-03-02/Refloor 3-2-26, 1.10 PM.xcarchive/Products/Applications/Refloor.app/Frameworks/CHRTextFieldFormatter.framework/CHRTextFieldFormatter'>', hardenedRuntime='0'>'> are: {
}
2026-03-02 07:42:06 +0000  Writing entitlements for <IDEDistributionItem: 0xa798bb660; bundleID='org.cocoapods.CHRTextFieldFormatter', path='<DVTFilePath:0xace6ac310:'/Users/macbook/Library/Developer/Xcode/Archives/2026-03-02/Refloor 3-2-26, 1.10 PM.xcarchive/Products/Applications/Refloor.app/Frameworks/CHRTextFieldFormatter.framework'>', codeSigningInfo='<_DVTCodeSigningInformation_Path: 0xa798bb600; isSigned='1', isAdHocSigned='0', signingCertificate='<DVTSigningCertificate: 0xafa6ad500; name='Apple Development: Matthew Elias (5WL474P77Y)', hash='DB6CC57BBF17707F319BE0CD5155E70F3F088A25', serialNumber='38333F483CD67AA557B7C5B27DD5464C', certificateKinds='(
    "1.2.840.113635.100.6.1.12",
    "1.2.840.113635.100.6.1.2"
), issueDate='2025-08-11 05:52:50 +0000''>', entitlements='(null)', teamID='F8JN2G36QM', identifier='org.cocoapods.CHRTextFieldFormatter', executablePath='<DVTFilePath:0xace6ac150:'/Users/macbook/Library/Developer/Xcode/Archives/2026-03-02/Refloor 3-2-26, 1.10 PM.xcarchive/Products/Applications/Refloor.app/Frameworks/CHRTextFieldFormatter.framework/CHRTextFieldFormatter'>', hardenedRuntime='0'>'> to: /var/folders/r3/81p5d_c505l5g5hf9p01yqdh0000gn/T/XcodeDistPipeline.~~~xtDOCp/entitlements~~~GcULiP
2026-03-02 07:42:06 +0000  invoking codesign: <NSConcreteTask: 0xb01e4c7d0; launchPath='/usr/bin/codesign', arguments='(
    "-f",
    "-s",
    6179D3F817E001159E608D43AF9CEF8975C575F3,
    "--entitlements",
    "/var/folders/r3/81p5d_c505l5g5hf9p01yqdh0000gn/T/XcodeDistPipeline.~~~xtDOCp/entitlements~~~GcULiP",
    "--preserve-metadata=identifier,flags,runtime,launch-constraints,library-constraints",
    "--generate-entitlement-der",
    "--strip-disallowed-xattrs",
    "-vvv",
    "/var/folders/r3/81p5d_c505l5g5hf9p01yqdh0000gn/T/XcodeDistPipeline.~~~xtDOCp/Root/Payload/Refloor.app/Frameworks/CHRTextFieldFormatter.framework"
)'>
2026-03-02 07:42:07 +0000  codesign output: /var/folders/r3/81p5d_c505l5g5hf9p01yqdh0000gn/T/XcodeDistPipeline.~~~xtDOCp/Root/Payload/Refloor.app/Frameworks/CHRTextFieldFormatter.framework: replacing existing signature
/var/folders/r3/81p5d_c505l5g5hf9p01yqdh0000gn/T/XcodeDistPipeline.~~~xtDOCp/Root/Payload/Refloor.app/Frameworks/CHRTextFieldFormatter.framework: signed bundle with Mach-O thin (arm64) [org.cocoapods.CHRTextFieldFormatter]
2026-03-02 07:42:07 +0000  Entitlements for <IDEDistributionItem: 0xa798bba80; bundleID='org.cocoapods.Cryptor', path='<DVTFilePath:0xace6ac460:'/Users/macbook/Library/Developer/Xcode/Archives/2026-03-02/Refloor 3-2-26, 1.10 PM.xcarchive/Products/Applications/Refloor.app/Frameworks/Cryptor.framework'>', codeSigningInfo='<_DVTCodeSigningInformation_Path: 0xa798ba040; isSigned='1', isAdHocSigned='0', signingCertificate='<DVTSigningCertificate: 0xafa6ad5c0; name='Apple Development: Matthew Elias (5WL474P77Y)', hash='DB6CC57BBF17707F319BE0CD5155E70F3F088A25', serialNumber='38333F483CD67AA557B7C5B27DD5464C', certificateKinds='(
    "1.2.840.113635.100.6.1.12",
    "1.2.840.113635.100.6.1.2"
), issueDate='2025-08-11 05:52:50 +0000''>', entitlements='(null)', teamID='F8JN2G36QM', identifier='org.cocoapods.Cryptor', executablePath='<DVTFilePath:0xa79834600:'/Users/macbook/Library/Developer/Xcode/Archives/2026-03-02/Refloor 3-2-26, 1.10 PM.xcarchive/Products/Applications/Refloor.app/Frameworks/Cryptor.framework/Cryptor'>', hardenedRuntime='0'>'>: {
}
2026-03-02 07:42:07 +0000  Associated App Clip Identifiers Filter: Skipping because "com.apple.developer.associated-appclip-app-identifiers" is not present
2026-03-02 07:42:07 +0000  Entitlements for <IDEDistributionItem: 0xa798bba80; bundleID='org.cocoapods.Cryptor', path='<DVTFilePath:0xace6ac460:'/Users/macbook/Library/Developer/Xcode/Archives/2026-03-02/Refloor 3-2-26, 1.10 PM.xcarchive/Products/Applications/Refloor.app/Frameworks/Cryptor.framework'>', codeSigningInfo='<_DVTCodeSigningInformation_Path: 0xa798ba040; isSigned='1', isAdHocSigned='0', signingCertificate='<DVTSigningCertificate: 0xafa6ad500; name='Apple Development: Matthew Elias (5WL474P77Y)', hash='DB6CC57BBF17707F319BE0CD5155E70F3F088A25', serialNumber='38333F483CD67AA557B7C5B27DD5464C', certificateKinds='(
    "1.2.840.113635.100.6.1.12",
    "1.2.840.113635.100.6.1.2"
), issueDate='2025-08-11 05:52:50 +0000''>', entitlements='(null)', teamID='F8JN2G36QM', identifier='org.cocoapods.Cryptor', executablePath='<DVTFilePath:0xa79834600:'/Users/macbook/Library/Developer/Xcode/Archives/2026-03-02/Refloor 3-2-26, 1.10 PM.xcarchive/Products/Applications/Refloor.app/Frameworks/Cryptor.framework/Cryptor'>', hardenedRuntime='0'>'> are: {
}
2026-03-02 07:42:07 +0000  Writing entitlements for <IDEDistributionItem: 0xa798bba80; bundleID='org.cocoapods.Cryptor', path='<DVTFilePath:0xace6ac460:'/Users/macbook/Library/Developer/Xcode/Archives/2026-03-02/Refloor 3-2-26, 1.10 PM.xcarchive/Products/Applications/Refloor.app/Frameworks/Cryptor.framework'>', codeSigningInfo='<_DVTCodeSigningInformation_Path: 0xa798ba040; isSigned='1', isAdHocSigned='0', signingCertificate='<DVTSigningCertificate: 0xafa6ad500; name='Apple Development: Matthew Elias (5WL474P77Y)', hash='DB6CC57BBF17707F319BE0CD5155E70F3F088A25', serialNumber='38333F483CD67AA557B7C5B27DD5464C', certificateKinds='(
    "1.2.840.113635.100.6.1.12",
    "1.2.840.113635.100.6.1.2"
), issueDate='2025-08-11 05:52:50 +0000''>', entitlements='(null)', teamID='F8JN2G36QM', identifier='org.cocoapods.Cryptor', executablePath='<DVTFilePath:0xa79834600:'/Users/macbook/Library/Developer/Xcode/Archives/2026-03-02/Refloor 3-2-26, 1.10 PM.xcarchive/Products/Applications/Refloor.app/Frameworks/Cryptor.framework/Cryptor'>', hardenedRuntime='0'>'> to: /var/folders/r3/81p5d_c505l5g5hf9p01yqdh0000gn/T/XcodeDistPipeline.~~~xtDOCp/entitlements~~~EAkyYl
2026-03-02 07:42:07 +0000  invoking codesign: <NSConcreteTask: 0xb01e4c7d0; launchPath='/usr/bin/codesign', arguments='(
    "-f",
    "-s",
    6179D3F817E001159E608D43AF9CEF8975C575F3,
    "--entitlements",
    "/var/folders/r3/81p5d_c505l5g5hf9p01yqdh0000gn/T/XcodeDistPipeline.~~~xtDOCp/entitlements~~~EAkyYl",
    "--preserve-metadata=identifier,flags,runtime,launch-constraints,library-constraints",
    "--generate-entitlement-der",
    "--strip-disallowed-xattrs",
    "-vvv",
    "/var/folders/r3/81p5d_c505l5g5hf9p01yqdh0000gn/T/XcodeDistPipeline.~~~xtDOCp/Root/Payload/Refloor.app/Frameworks/Cryptor.framework"
)'>
2026-03-02 07:42:07 +0000  codesign output: /var/folders/r3/81p5d_c505l5g5hf9p01yqdh0000gn/T/XcodeDistPipeline.~~~xtDOCp/Root/Payload/Refloor.app/Frameworks/Cryptor.framework: replacing existing signature
/var/folders/r3/81p5d_c505l5g5hf9p01yqdh0000gn/T/XcodeDistPipeline.~~~xtDOCp/Root/Payload/Refloor.app/Frameworks/Cryptor.framework: signed bundle with Mach-O thin (arm64) [org.cocoapods.Cryptor]
2026-03-02 07:42:07 +0000  Entitlements for <IDEDistributionItem: 0xa798b9d40; bundleID='org.cocoapods.CryptorECC', path='<DVTFilePath:0xace6ac4d0:'/Users/macbook/Library/Developer/Xcode/Archives/2026-03-02/Refloor 3-2-26, 1.10 PM.xcarchive/Products/Applications/Refloor.app/Frameworks/CryptorECC.framework'>', codeSigningInfo='<_DVTCodeSigningInformation_Path: 0xa798b9f80; isSigned='1', isAdHocSigned='0', signingCertificate='<DVTSigningCertificate: 0xafa6ad5c0; name='Apple Development: Matthew Elias (5WL474P77Y)', hash='DB6CC57BBF17707F319BE0CD5155E70F3F088A25', serialNumber='38333F483CD67AA557B7C5B27DD5464C', certificateKinds='(
    "1.2.840.113635.100.6.1.12",
    "1.2.840.113635.100.6.1.2"
), issueDate='2025-08-11 05:52:50 +0000''>', entitlements='(null)', teamID='F8JN2G36QM', identifier='org.cocoapods.CryptorECC', executablePath='<DVTFilePath:0xa79834960:'/Users/macbook/Library/Developer/Xcode/Archives/2026-03-02/Refloor 3-2-26, 1.10 PM.xcarchive/Products/Applications/Refloor.app/Frameworks/CryptorECC.framework/CryptorECC'>', hardenedRuntime='0'>'>: {
}
2026-03-02 07:42:07 +0000  Associated App Clip Identifiers Filter: Skipping because "com.apple.developer.associated-appclip-app-identifiers" is not present
2026-03-02 07:42:07 +0000  Entitlements for <IDEDistributionItem: 0xa798b9d40; bundleID='org.cocoapods.CryptorECC', path='<DVTFilePath:0xace6ac4d0:'/Users/macbook/Library/Developer/Xcode/Archives/2026-03-02/Refloor 3-2-26, 1.10 PM.xcarchive/Products/Applications/Refloor.app/Frameworks/CryptorECC.framework'>', codeSigningInfo='<_DVTCodeSigningInformation_Path: 0xa798b9f80; isSigned='1', isAdHocSigned='0', signingCertificate='<DVTSigningCertificate: 0xafa6ad500; name='Apple Development: Matthew Elias (5WL474P77Y)', hash='DB6CC57BBF17707F319BE0CD5155E70F3F088A25', serialNumber='38333F483CD67AA557B7C5B27DD5464C', certificateKinds='(
    "1.2.840.113635.100.6.1.12",
    "1.2.840.113635.100.6.1.2"
), issueDate='2025-08-11 05:52:50 +0000''>', entitlements='(null)', teamID='F8JN2G36QM', identifier='org.cocoapods.CryptorECC', executablePath='<DVTFilePath:0xa79834960:'/Users/macbook/Library/Developer/Xcode/Archives/2026-03-02/Refloor 3-2-26, 1.10 PM.xcarchive/Products/Applications/Refloor.app/Frameworks/CryptorECC.framework/CryptorECC'>', hardenedRuntime='0'>'> are: {
}
2026-03-02 07:42:07 +0000  Writing entitlements for <IDEDistributionItem: 0xa798b9d40; bundleID='org.cocoapods.CryptorECC', path='<DVTFilePath:0xace6ac4d0:'/Users/macbook/Library/Developer/Xcode/Archives/2026-03-02/Refloor 3-2-26, 1.10 PM.xcarchive/Products/Applications/Refloor.app/Frameworks/CryptorECC.framework'>', codeSigningInfo='<_DVTCodeSigningInformation_Path: 0xa798b9f80; isSigned='1', isAdHocSigned='0', signingCertificate='<DVTSigningCertificate: 0xafa6ad500; name='Apple Development: Matthew Elias (5WL474P77Y)', hash='DB6CC57BBF17707F319BE0CD5155E70F3F088A25', serialNumber='38333F483CD67AA557B7C5B27DD5464C', certificateKinds='(
    "1.2.840.113635.100.6.1.12",
    "1.2.840.113635.100.6.1.2"
), issueDate='2025-08-11 05:52:50 +0000''>', entitlements='(null)', teamID='F8JN2G36QM', identifier='org.cocoapods.CryptorECC', executablePath='<DVTFilePath:0xa79834960:'/Users/macbook/Library/Developer/Xcode/Archives/2026-03-02/Refloor 3-2-26, 1.10 PM.xcarchive/Products/Applications/Refloor.app/Frameworks/CryptorECC.framework/CryptorECC'>', hardenedRuntime='0'>'> to: /var/folders/r3/81p5d_c505l5g5hf9p01yqdh0000gn/T/XcodeDistPipeline.~~~xtDOCp/entitlements~~~1rNv1P
2026-03-02 07:42:07 +0000  invoking codesign: <NSConcreteTask: 0xb01e4c7d0; launchPath='/usr/bin/codesign', arguments='(
    "-f",
    "-s",
    6179D3F817E001159E608D43AF9CEF8975C575F3,
    "--entitlements",
    "/var/folders/r3/81p5d_c505l5g5hf9p01yqdh0000gn/T/XcodeDistPipeline.~~~xtDOCp/entitlements~~~1rNv1P",
    "--preserve-metadata=identifier,flags,runtime,launch-constraints,library-constraints",
    "--generate-entitlement-der",
    "--strip-disallowed-xattrs",
    "-vvv",
    "/var/folders/r3/81p5d_c505l5g5hf9p01yqdh0000gn/T/XcodeDistPipeline.~~~xtDOCp/Root/Payload/Refloor.app/Frameworks/CryptorECC.framework"
)'>
2026-03-02 07:42:07 +0000  codesign output: /var/folders/r3/81p5d_c505l5g5hf9p01yqdh0000gn/T/XcodeDistPipeline.~~~xtDOCp/Root/Payload/Refloor.app/Frameworks/CryptorECC.framework: replacing existing signature
/var/folders/r3/81p5d_c505l5g5hf9p01yqdh0000gn/T/XcodeDistPipeline.~~~xtDOCp/Root/Payload/Refloor.app/Frameworks/CryptorECC.framework: signed bundle with Mach-O thin (arm64) [org.cocoapods.CryptorECC]
2026-03-02 07:42:07 +0000  Entitlements for <IDEDistributionItem: 0xa798bb9c0; bundleID='org.cocoapods.CryptorRSA', path='<DVTFilePath:0xace6ac540:'/Users/macbook/Library/Developer/Xcode/Archives/2026-03-02/Refloor 3-2-26, 1.10 PM.xcarchive/Products/Applications/Refloor.app/Frameworks/CryptorRSA.framework'>', codeSigningInfo='<_DVTCodeSigningInformation_Path: 0xa798bb6c0; isSigned='1', isAdHocSigned='0', signingCertificate='<DVTSigningCertificate: 0xafa6ad5c0; name='Apple Development: Matthew Elias (5WL474P77Y)', hash='DB6CC57BBF17707F319BE0CD5155E70F3F088A25', serialNumber='38333F483CD67AA557B7C5B27DD5464C', certificateKinds='(
    "1.2.840.113635.100.6.1.12",
    "1.2.840.113635.100.6.1.2"
), issueDate='2025-08-11 05:52:50 +0000''>', entitlements='(null)', teamID='F8JN2G36QM', identifier='org.cocoapods.CryptorRSA', executablePath='<DVTFilePath:0xa79834cc0:'/Users/macbook/Library/Developer/Xcode/Archives/2026-03-02/Refloor 3-2-26, 1.10 PM.xcarchive/Products/Applications/Refloor.app/Frameworks/CryptorRSA.framework/CryptorRSA'>', hardenedRuntime='0'>'>: {
}
2026-03-02 07:42:07 +0000  Associated App Clip Identifiers Filter: Skipping because "com.apple.developer.associated-appclip-app-identifiers" is not present
2026-03-02 07:42:07 +0000  Entitlements for <IDEDistributionItem: 0xa798bb9c0; bundleID='org.cocoapods.CryptorRSA', path='<DVTFilePath:0xace6ac540:'/Users/macbook/Library/Developer/Xcode/Archives/2026-03-02/Refloor 3-2-26, 1.10 PM.xcarchive/Products/Applications/Refloor.app/Frameworks/CryptorRSA.framework'>', codeSigningInfo='<_DVTCodeSigningInformation_Path: 0xa798bb6c0; isSigned='1', isAdHocSigned='0', signingCertificate='<DVTSigningCertificate: 0xafa6ad500; name='Apple Development: Matthew Elias (5WL474P77Y)', hash='DB6CC57BBF17707F319BE0CD5155E70F3F088A25', serialNumber='38333F483CD67AA557B7C5B27DD5464C', certificateKinds='(
    "1.2.840.113635.100.6.1.12",
    "1.2.840.113635.100.6.1.2"
), issueDate='2025-08-11 05:52:50 +0000''>', entitlements='(null)', teamID='F8JN2G36QM', identifier='org.cocoapods.CryptorRSA', executablePath='<DVTFilePath:0xa79834cc0:'/Users/macbook/Library/Developer/Xcode/Archives/2026-03-02/Refloor 3-2-26, 1.10 PM.xcarchive/Products/Applications/Refloor.app/Frameworks/CryptorRSA.framework/CryptorRSA'>', hardenedRuntime='0'>'> are: {
}
2026-03-02 07:42:07 +0000  Writing entitlements for <IDEDistributionItem: 0xa798bb9c0; bundleID='org.cocoapods.CryptorRSA', path='<DVTFilePath:0xace6ac540:'/Users/macbook/Library/Developer/Xcode/Archives/2026-03-02/Refloor 3-2-26, 1.10 PM.xcarchive/Products/Applications/Refloor.app/Frameworks/CryptorRSA.framework'>', codeSigningInfo='<_DVTCodeSigningInformation_Path: 0xa798bb6c0; isSigned='1', isAdHocSigned='0', signingCertificate='<DVTSigningCertificate: 0xafa6ad500; name='Apple Development: Matthew Elias (5WL474P77Y)', hash='DB6CC57BBF17707F319BE0CD5155E70F3F088A25', serialNumber='38333F483CD67AA557B7C5B27DD5464C', certificateKinds='(
    "1.2.840.113635.100.6.1.12",
    "1.2.840.113635.100.6.1.2"
), issueDate='2025-08-11 05:52:50 +0000''>', entitlements='(null)', teamID='F8JN2G36QM', identifier='org.cocoapods.CryptorRSA', executablePath='<DVTFilePath:0xa79834cc0:'/Users/macbook/Library/Developer/Xcode/Archives/2026-03-02/Refloor 3-2-26, 1.10 PM.xcarchive/Products/Applications/Refloor.app/Frameworks/CryptorRSA.framework/CryptorRSA'>', hardenedRuntime='0'>'> to: /var/folders/r3/81p5d_c505l5g5hf9p01yqdh0000gn/T/XcodeDistPipeline.~~~xtDOCp/entitlements~~~da46RF
2026-03-02 07:42:07 +0000  invoking codesign: <NSConcreteTask: 0xb01e4c7d0; launchPath='/usr/bin/codesign', arguments='(
    "-f",
    "-s",
    6179D3F817E001159E608D43AF9CEF8975C575F3,
    "--entitlements",
    "/var/folders/r3/81p5d_c505l5g5hf9p01yqdh0000gn/T/XcodeDistPipeline.~~~xtDOCp/entitlements~~~da46RF",
    "--preserve-metadata=identifier,flags,runtime,launch-constraints,library-constraints",
    "--generate-entitlement-der",
    "--strip-disallowed-xattrs",
    "-vvv",
    "/var/folders/r3/81p5d_c505l5g5hf9p01yqdh0000gn/T/XcodeDistPipeline.~~~xtDOCp/Root/Payload/Refloor.app/Frameworks/CryptorRSA.framework"
)'>
2026-03-02 07:42:07 +0000  codesign output: /var/folders/r3/81p5d_c505l5g5hf9p01yqdh0000gn/T/XcodeDistPipeline.~~~xtDOCp/Root/Payload/Refloor.app/Frameworks/CryptorRSA.framework: replacing existing signature
/var/folders/r3/81p5d_c505l5g5hf9p01yqdh0000gn/T/XcodeDistPipeline.~~~xtDOCp/Root/Payload/Refloor.app/Frameworks/CryptorRSA.framework: signed bundle with Mach-O thin (arm64) [org.cocoapods.CryptorRSA]
2026-03-02 07:42:07 +0000  Entitlements for <IDEDistributionItem: 0xae332d8c0; bundleID='org.cocoapods.DropDown', path='<DVTFilePath:0xace6ac620:'/Users/macbook/Library/Developer/Xcode/Archives/2026-03-02/Refloor 3-2-26, 1.10 PM.xcarchive/Products/Applications/Refloor.app/Frameworks/DropDown.framework'>', codeSigningInfo='<_DVTCodeSigningInformation_Path: 0xace6a3ea0; isSigned='1', isAdHocSigned='0', signingCertificate='<DVTSigningCertificate: 0xafa6ad5c0; name='Apple Development: Matthew Elias (5WL474P77Y)', hash='DB6CC57BBF17707F319BE0CD5155E70F3F088A25', serialNumber='38333F483CD67AA557B7C5B27DD5464C', certificateKinds='(
    "1.2.840.113635.100.6.1.12",
    "1.2.840.113635.100.6.1.2"
), issueDate='2025-08-11 05:52:50 +0000''>', entitlements='(null)', teamID='F8JN2G36QM', identifier='org.cocoapods.DropDown', executablePath='<DVTFilePath:0xa79835020:'/Users/macbook/Library/Developer/Xcode/Archives/2026-03-02/Refloor 3-2-26, 1.10 PM.xcarchive/Products/Applications/Refloor.app/Frameworks/DropDown.framework/DropDown'>', hardenedRuntime='0'>'>: {
}
2026-03-02 07:42:07 +0000  Associated App Clip Identifiers Filter: Skipping because "com.apple.developer.associated-appclip-app-identifiers" is not present
2026-03-02 07:42:07 +0000  Entitlements for <IDEDistributionItem: 0xae332d8c0; bundleID='org.cocoapods.DropDown', path='<DVTFilePath:0xace6ac620:'/Users/macbook/Library/Developer/Xcode/Archives/2026-03-02/Refloor 3-2-26, 1.10 PM.xcarchive/Products/Applications/Refloor.app/Frameworks/DropDown.framework'>', codeSigningInfo='<_DVTCodeSigningInformation_Path: 0xace6a3ea0; isSigned='1', isAdHocSigned='0', signingCertificate='<DVTSigningCertificate: 0xafa6ad500; name='Apple Development: Matthew Elias (5WL474P77Y)', hash='DB6CC57BBF17707F319BE0CD5155E70F3F088A25', serialNumber='38333F483CD67AA557B7C5B27DD5464C', certificateKinds='(
    "1.2.840.113635.100.6.1.12",
    "1.2.840.113635.100.6.1.2"
), issueDate='2025-08-11 05:52:50 +0000''>', entitlements='(null)', teamID='F8JN2G36QM', identifier='org.cocoapods.DropDown', executablePath='<DVTFilePath:0xa79835020:'/Users/macbook/Library/Developer/Xcode/Archives/2026-03-02/Refloor 3-2-26, 1.10 PM.xcarchive/Products/Applications/Refloor.app/Frameworks/DropDown.framework/DropDown'>', hardenedRuntime='0'>'> are: {
}
2026-03-02 07:42:07 +0000  Writing entitlements for <IDEDistributionItem: 0xae332d8c0; bundleID='org.cocoapods.DropDown', path='<DVTFilePath:0xace6ac620:'/Users/macbook/Library/Developer/Xcode/Archives/2026-03-02/Refloor 3-2-26, 1.10 PM.xcarchive/Products/Applications/Refloor.app/Frameworks/DropDown.framework'>', codeSigningInfo='<_DVTCodeSigningInformation_Path: 0xace6a3ea0; isSigned='1', isAdHocSigned='0', signingCertificate='<DVTSigningCertificate: 0xafa6ad500; name='Apple Development: Matthew Elias (5WL474P77Y)', hash='DB6CC57BBF17707F319BE0CD5155E70F3F088A25', serialNumber='38333F483CD67AA557B7C5B27DD5464C', certificateKinds='(
    "1.2.840.113635.100.6.1.12",
    "1.2.840.113635.100.6.1.2"
), issueDate='2025-08-11 05:52:50 +0000''>', entitlements='(null)', teamID='F8JN2G36QM', identifier='org.cocoapods.DropDown', executablePath='<DVTFilePath:0xa79835020:'/Users/macbook/Library/Developer/Xcode/Archives/2026-03-02/Refloor 3-2-26, 1.10 PM.xcarchive/Products/Applications/Refloor.app/Frameworks/DropDown.framework/DropDown'>', hardenedRuntime='0'>'> to: /var/folders/r3/81p5d_c505l5g5hf9p01yqdh0000gn/T/XcodeDistPipeline.~~~xtDOCp/entitlements~~~q0AsPx
2026-03-02 07:42:07 +0000  invoking codesign: <NSConcreteTask: 0xb01e4c7d0; launchPath='/usr/bin/codesign', arguments='(
    "-f",
    "-s",
    6179D3F817E001159E608D43AF9CEF8975C575F3,
    "--entitlements",
    "/var/folders/r3/81p5d_c505l5g5hf9p01yqdh0000gn/T/XcodeDistPipeline.~~~xtDOCp/entitlements~~~q0AsPx",
    "--preserve-metadata=identifier,flags,runtime,launch-constraints,library-constraints",
    "--generate-entitlement-der",
    "--strip-disallowed-xattrs",
    "-vvv",
    "/var/folders/r3/81p5d_c505l5g5hf9p01yqdh0000gn/T/XcodeDistPipeline.~~~xtDOCp/Root/Payload/Refloor.app/Frameworks/DropDown.framework"
)'>
2026-03-02 07:42:07 +0000  codesign output: /var/folders/r3/81p5d_c505l5g5hf9p01yqdh0000gn/T/XcodeDistPipeline.~~~xtDOCp/Root/Payload/Refloor.app/Frameworks/DropDown.framework: replacing existing signature
/var/folders/r3/81p5d_c505l5g5hf9p01yqdh0000gn/T/XcodeDistPipeline.~~~xtDOCp/Root/Payload/Refloor.app/Frameworks/DropDown.framework: signed bundle with Mach-O thin (arm64) [org.cocoapods.DropDown]
2026-03-02 07:42:07 +0000  Entitlements for <IDEDistributionItem: 0xace72eac0; bundleID='org.cocoapods.FBLPromises', path='<DVTFilePath:0xace6ac700:'/Users/macbook/Library/Developer/Xcode/Archives/2026-03-02/Refloor 3-2-26, 1.10 PM.xcarchive/Products/Applications/Refloor.app/Frameworks/FBLPromises.framework'>', codeSigningInfo='<_DVTCodeSigningInformation_Path: 0xace72d2c0; isSigned='1', isAdHocSigned='0', signingCertificate='<DVTSigningCertificate: 0xafa6ad5c0; name='Apple Development: Matthew Elias (5WL474P77Y)', hash='DB6CC57BBF17707F319BE0CD5155E70F3F088A25', serialNumber='38333F483CD67AA557B7C5B27DD5464C', certificateKinds='(
    "1.2.840.113635.100.6.1.12",
    "1.2.840.113635.100.6.1.2"
), issueDate='2025-08-11 05:52:50 +0000''>', entitlements='(null)', teamID='F8JN2G36QM', identifier='org.cocoapods.FBLPromises', executablePath='<DVTFilePath:0xa798353e0:'/Users/macbook/Library/Developer/Xcode/Archives/2026-03-02/Refloor 3-2-26, 1.10 PM.xcarchive/Products/Applications/Refloor.app/Frameworks/FBLPromises.framework/FBLPromises'>', hardenedRuntime='0'>'>: {
}
2026-03-02 07:42:07 +0000  Associated App Clip Identifiers Filter: Skipping because "com.apple.developer.associated-appclip-app-identifiers" is not present
2026-03-02 07:42:07 +0000  Entitlements for <IDEDistributionItem: 0xace72eac0; bundleID='org.cocoapods.FBLPromises', path='<DVTFilePath:0xace6ac700:'/Users/macbook/Library/Developer/Xcode/Archives/2026-03-02/Refloor 3-2-26, 1.10 PM.xcarchive/Products/Applications/Refloor.app/Frameworks/FBLPromises.framework'>', codeSigningInfo='<_DVTCodeSigningInformation_Path: 0xace72d2c0; isSigned='1', isAdHocSigned='0', signingCertificate='<DVTSigningCertificate: 0xafa6ad500; name='Apple Development: Matthew Elias (5WL474P77Y)', hash='DB6CC57BBF17707F319BE0CD5155E70F3F088A25', serialNumber='38333F483CD67AA557B7C5B27DD5464C', certificateKinds='(
    "1.2.840.113635.100.6.1.12",
    "1.2.840.113635.100.6.1.2"
), issueDate='2025-08-11 05:52:50 +0000''>', entitlements='(null)', teamID='F8JN2G36QM', identifier='org.cocoapods.FBLPromises', executablePath='<DVTFilePath:0xa798353e0:'/Users/macbook/Library/Developer/Xcode/Archives/2026-03-02/Refloor 3-2-26, 1.10 PM.xcarchive/Products/Applications/Refloor.app/Frameworks/FBLPromises.framework/FBLPromises'>', hardenedRuntime='0'>'> are: {
}
2026-03-02 07:42:07 +0000  Writing entitlements for <IDEDistributionItem: 0xace72eac0; bundleID='org.cocoapods.FBLPromises', path='<DVTFilePath:0xace6ac700:'/Users/macbook/Library/Developer/Xcode/Archives/2026-03-02/Refloor 3-2-26, 1.10 PM.xcarchive/Products/Applications/Refloor.app/Frameworks/FBLPromises.framework'>', codeSigningInfo='<_DVTCodeSigningInformation_Path: 0xace72d2c0; isSigned='1', isAdHocSigned='0', signingCertificate='<DVTSigningCertificate: 0xafa6ad500; name='Apple Development: Matthew Elias (5WL474P77Y)', hash='DB6CC57BBF17707F319BE0CD5155E70F3F088A25', serialNumber='38333F483CD67AA557B7C5B27DD5464C', certificateKinds='(
    "1.2.840.113635.100.6.1.12",
    "1.2.840.113635.100.6.1.2"
), issueDate='2025-08-11 05:52:50 +0000''>', entitlements='(null)', teamID='F8JN2G36QM', identifier='org.cocoapods.FBLPromises', executablePath='<DVTFilePath:0xa798353e0:'/Users/macbook/Library/Developer/Xcode/Archives/2026-03-02/Refloor 3-2-26, 1.10 PM.xcarchive/Products/Applications/Refloor.app/Frameworks/FBLPromises.framework/FBLPromises'>', hardenedRuntime='0'>'> to: /var/folders/r3/81p5d_c505l5g5hf9p01yqdh0000gn/T/XcodeDistPipeline.~~~xtDOCp/entitlements~~~gDyoKo
2026-03-02 07:42:07 +0000  invoking codesign: <NSConcreteTask: 0xb01e4c7d0; launchPath='/usr/bin/codesign', arguments='(
    "-f",
    "-s",
    6179D3F817E001159E608D43AF9CEF8975C575F3,
    "--entitlements",
    "/var/folders/r3/81p5d_c505l5g5hf9p01yqdh0000gn/T/XcodeDistPipeline.~~~xtDOCp/entitlements~~~gDyoKo",
    "--preserve-metadata=identifier,flags,runtime,launch-constraints,library-constraints",
    "--generate-entitlement-der",
    "--strip-disallowed-xattrs",
    "-vvv",
    "/var/folders/r3/81p5d_c505l5g5hf9p01yqdh0000gn/T/XcodeDistPipeline.~~~xtDOCp/Root/Payload/Refloor.app/Frameworks/FBLPromises.framework"
)'>
2026-03-02 07:42:07 +0000  codesign output: /var/folders/r3/81p5d_c505l5g5hf9p01yqdh0000gn/T/XcodeDistPipeline.~~~xtDOCp/Root/Payload/Refloor.app/Frameworks/FBLPromises.framework: replacing existing signature
/var/folders/r3/81p5d_c505l5g5hf9p01yqdh0000gn/T/XcodeDistPipeline.~~~xtDOCp/Root/Payload/Refloor.app/Frameworks/FBLPromises.framework: signed bundle with Mach-O thin (arm64) [org.cocoapods.FBLPromises]
2026-03-02 07:42:07 +0000  Entitlements for <IDEDistributionItem: 0xaddc29fe0; bundleID='org.cocoapods.FirebaseAppCheckInterop', path='<DVTFilePath:0xaf8dc6480:'/Users/macbook/Library/Developer/Xcode/Archives/2026-03-02/Refloor 3-2-26, 1.10 PM.xcarchive/Products/Applications/Refloor.app/Frameworks/FirebaseAppCheckInterop.framework'>', codeSigningInfo='<_DVTCodeSigningInformation_Path: 0xace73eb20; isSigned='1', isAdHocSigned='0', signingCertificate='<DVTSigningCertificate: 0xafa6ad5c0; name='Apple Development: Matthew Elias (5WL474P77Y)', hash='DB6CC57BBF17707F319BE0CD5155E70F3F088A25', serialNumber='38333F483CD67AA557B7C5B27DD5464C', certificateKinds='(
    "1.2.840.113635.100.6.1.12",
    "1.2.840.113635.100.6.1.2"
), issueDate='2025-08-11 05:52:50 +0000''>', entitlements='(null)', teamID='F8JN2G36QM', identifier='org.cocoapods.FirebaseAppCheckInterop', executablePath='<DVTFilePath:0xace6ac7e0:'/Users/macbook/Library/Developer/Xcode/Archives/2026-03-02/Refloor 3-2-26, 1.10 PM.xcarchive/Products/Applications/Refloor.app/Frameworks/FirebaseAppCheckInterop.framework/FirebaseAppCheckInterop'>', hardenedRuntime='0'>'>: {
}
2026-03-02 07:42:07 +0000  Associated App Clip Identifiers Filter: Skipping because "com.apple.developer.associated-appclip-app-identifiers" is not present
2026-03-02 07:42:07 +0000  Entitlements for <IDEDistributionItem: 0xaddc29fe0; bundleID='org.cocoapods.FirebaseAppCheckInterop', path='<DVTFilePath:0xaf8dc6480:'/Users/macbook/Library/Developer/Xcode/Archives/2026-03-02/Refloor 3-2-26, 1.10 PM.xcarchive/Products/Applications/Refloor.app/Frameworks/FirebaseAppCheckInterop.framework'>', codeSigningInfo='<_DVTCodeSigningInformation_Path: 0xace73eb20; isSigned='1', isAdHocSigned='0', signingCertificate='<DVTSigningCertificate: 0xafa6ad500; name='Apple Development: Matthew Elias (5WL474P77Y)', hash='DB6CC57BBF17707F319BE0CD5155E70F3F088A25', serialNumber='38333F483CD67AA557B7C5B27DD5464C', certificateKinds='(
    "1.2.840.113635.100.6.1.12",
    "1.2.840.113635.100.6.1.2"
), issueDate='2025-08-11 05:52:50 +0000''>', entitlements='(null)', teamID='F8JN2G36QM', identifier='org.cocoapods.FirebaseAppCheckInterop', executablePath='<DVTFilePath:0xace6ac7e0:'/Users/macbook/Library/Developer/Xcode/Archives/2026-03-02/Refloor 3-2-26, 1.10 PM.xcarchive/Products/Applications/Refloor.app/Frameworks/FirebaseAppCheckInterop.framework/FirebaseAppCheckInterop'>', hardenedRuntime='0'>'> are: {
}
2026-03-02 07:42:07 +0000  Writing entitlements for <IDEDistributionItem: 0xaddc29fe0; bundleID='org.cocoapods.FirebaseAppCheckInterop', path='<DVTFilePath:0xaf8dc6480:'/Users/macbook/Library/Developer/Xcode/Archives/2026-03-02/Refloor 3-2-26, 1.10 PM.xcarchive/Products/Applications/Refloor.app/Frameworks/FirebaseAppCheckInterop.framework'>', codeSigningInfo='<_DVTCodeSigningInformation_Path: 0xace73eb20; isSigned='1', isAdHocSigned='0', signingCertificate='<DVTSigningCertificate: 0xafa6ad500; name='Apple Development: Matthew Elias (5WL474P77Y)', hash='DB6CC57BBF17707F319BE0CD5155E70F3F088A25', serialNumber='38333F483CD67AA557B7C5B27DD5464C', certificateKinds='(
    "1.2.840.113635.100.6.1.12",
    "1.2.840.113635.100.6.1.2"
), issueDate='2025-08-11 05:52:50 +0000''>', entitlements='(null)', teamID='F8JN2G36QM', identifier='org.cocoapods.FirebaseAppCheckInterop', executablePath='<DVTFilePath:0xace6ac7e0:'/Users/macbook/Library/Developer/Xcode/Archives/2026-03-02/Refloor 3-2-26, 1.10 PM.xcarchive/Products/Applications/Refloor.app/Frameworks/FirebaseAppCheckInterop.framework/FirebaseAppCheckInterop'>', hardenedRuntime='0'>'> to: /var/folders/r3/81p5d_c505l5g5hf9p01yqdh0000gn/T/XcodeDistPipeline.~~~xtDOCp/entitlements~~~Eklt1U
2026-03-02 07:42:07 +0000  invoking codesign: <NSConcreteTask: 0xb01e4c7d0; launchPath='/usr/bin/codesign', arguments='(
    "-f",
    "-s",
    6179D3F817E001159E608D43AF9CEF8975C575F3,
    "--entitlements",
    "/var/folders/r3/81p5d_c505l5g5hf9p01yqdh0000gn/T/XcodeDistPipeline.~~~xtDOCp/entitlements~~~Eklt1U",
    "--preserve-metadata=identifier,flags,runtime,launch-constraints,library-constraints",
    "--generate-entitlement-der",
    "--strip-disallowed-xattrs",
    "-vvv",
    "/var/folders/r3/81p5d_c505l5g5hf9p01yqdh0000gn/T/XcodeDistPipeline.~~~xtDOCp/Root/Payload/Refloor.app/Frameworks/FirebaseAppCheckInterop.framework"
)'>
2026-03-02 07:42:07 +0000  codesign output: /var/folders/r3/81p5d_c505l5g5hf9p01yqdh0000gn/T/XcodeDistPipeline.~~~xtDOCp/Root/Payload/Refloor.app/Frameworks/FirebaseAppCheckInterop.framework: replacing existing signature
/var/folders/r3/81p5d_c505l5g5hf9p01yqdh0000gn/T/XcodeDistPipeline.~~~xtDOCp/Root/Payload/Refloor.app/Frameworks/FirebaseAppCheckInterop.framework: signed bundle with Mach-O thin (arm64) [org.cocoapods.FirebaseAppCheckInterop]
2026-03-02 07:42:07 +0000  Entitlements for <IDEDistributionItem: 0xa798bb3c0; bundleID='org.cocoapods.FirebaseAuth', path='<DVTFilePath:0xace6ac8c0:'/Users/macbook/Library/Developer/Xcode/Archives/2026-03-02/Refloor 3-2-26, 1.10 PM.xcarchive/Products/Applications/Refloor.app/Frameworks/FirebaseAuth.framework'>', codeSigningInfo='<_DVTCodeSigningInformation_Path: 0xa798bb420; isSigned='1', isAdHocSigned='0', signingCertificate='<DVTSigningCertificate: 0xafa6ad5c0; name='Apple Development: Matthew Elias (5WL474P77Y)', hash='DB6CC57BBF17707F319BE0CD5155E70F3F088A25', serialNumber='38333F483CD67AA557B7C5B27DD5464C', certificateKinds='(
    "1.2.840.113635.100.6.1.12",
    "1.2.840.113635.100.6.1.2"
), issueDate='2025-08-11 05:52:50 +0000''>', entitlements='(null)', teamID='F8JN2G36QM', identifier='org.cocoapods.FirebaseAuth', executablePath='<DVTFilePath:0xa79835bc0:'/Users/macbook/Library/Developer/Xcode/Archives/2026-03-02/Refloor 3-2-26, 1.10 PM.xcarchive/Products/Applications/Refloor.app/Frameworks/FirebaseAuth.framework/FirebaseAuth'>', hardenedRuntime='0'>'>: {
}
2026-03-02 07:42:07 +0000  Associated App Clip Identifiers Filter: Skipping because "com.apple.developer.associated-appclip-app-identifiers" is not present
2026-03-02 07:42:07 +0000  Entitlements for <IDEDistributionItem: 0xa798bb3c0; bundleID='org.cocoapods.FirebaseAuth', path='<DVTFilePath:0xace6ac8c0:'/Users/macbook/Library/Developer/Xcode/Archives/2026-03-02/Refloor 3-2-26, 1.10 PM.xcarchive/Products/Applications/Refloor.app/Frameworks/FirebaseAuth.framework'>', codeSigningInfo='<_DVTCodeSigningInformation_Path: 0xa798bb420; isSigned='1', isAdHocSigned='0', signingCertificate='<DVTSigningCertificate: 0xafa6ad500; name='Apple Development: Matthew Elias (5WL474P77Y)', hash='DB6CC57BBF17707F319BE0CD5155E70F3F088A25', serialNumber='38333F483CD67AA557B7C5B27DD5464C', certificateKinds='(
    "1.2.840.113635.100.6.1.12",
    "1.2.840.113635.100.6.1.2"
), issueDate='2025-08-11 05:52:50 +0000''>', entitlements='(null)', teamID='F8JN2G36QM', identifier='org.cocoapods.FirebaseAuth', executablePath='<DVTFilePath:0xa79835bc0:'/Users/macbook/Library/Developer/Xcode/Archives/2026-03-02/Refloor 3-2-26, 1.10 PM.xcarchive/Products/Applications/Refloor.app/Frameworks/FirebaseAuth.framework/FirebaseAuth'>', hardenedRuntime='0'>'> are: {
}
2026-03-02 07:42:07 +0000  Writing entitlements for <IDEDistributionItem: 0xa798bb3c0; bundleID='org.cocoapods.FirebaseAuth', path='<DVTFilePath:0xace6ac8c0:'/Users/macbook/Library/Developer/Xcode/Archives/2026-03-02/Refloor 3-2-26, 1.10 PM.xcarchive/Products/Applications/Refloor.app/Frameworks/FirebaseAuth.framework'>', codeSigningInfo='<_DVTCodeSigningInformation_Path: 0xa798bb420; isSigned='1', isAdHocSigned='0', signingCertificate='<DVTSigningCertificate: 0xafa6ad500; name='Apple Development: Matthew Elias (5WL474P77Y)', hash='DB6CC57BBF17707F319BE0CD5155E70F3F088A25', serialNumber='38333F483CD67AA557B7C5B27DD5464C', certificateKinds='(
    "1.2.840.113635.100.6.1.12",
    "1.2.840.113635.100.6.1.2"
), issueDate='2025-08-11 05:52:50 +0000''>', entitlements='(null)', teamID='F8JN2G36QM', identifier='org.cocoapods.FirebaseAuth', executablePath='<DVTFilePath:0xa79835bc0:'/Users/macbook/Library/Developer/Xcode/Archives/2026-03-02/Refloor 3-2-26, 1.10 PM.xcarchive/Products/Applications/Refloor.app/Frameworks/FirebaseAuth.framework/FirebaseAuth'>', hardenedRuntime='0'>'> to: /var/folders/r3/81p5d_c505l5g5hf9p01yqdh0000gn/T/XcodeDistPipeline.~~~xtDOCp/entitlements~~~myO7mT
2026-03-02 07:42:07 +0000  invoking codesign: <NSConcreteTask: 0xb01e4c7d0; launchPath='/usr/bin/codesign', arguments='(
    "-f",
    "-s",
    6179D3F817E001159E608D43AF9CEF8975C575F3,
    "--entitlements",
    "/var/folders/r3/81p5d_c505l5g5hf9p01yqdh0000gn/T/XcodeDistPipeline.~~~xtDOCp/entitlements~~~myO7mT",
    "--preserve-metadata=identifier,flags,runtime,launch-constraints,library-constraints",
    "--generate-entitlement-der",
    "--strip-disallowed-xattrs",
    "-vvv",
    "/var/folders/r3/81p5d_c505l5g5hf9p01yqdh0000gn/T/XcodeDistPipeline.~~~xtDOCp/Root/Payload/Refloor.app/Frameworks/FirebaseAuth.framework"
)'>
2026-03-02 07:42:07 +0000  codesign output: /var/folders/r3/81p5d_c505l5g5hf9p01yqdh0000gn/T/XcodeDistPipeline.~~~xtDOCp/Root/Payload/Refloor.app/Frameworks/FirebaseAuth.framework: replacing existing signature
/var/folders/r3/81p5d_c505l5g5hf9p01yqdh0000gn/T/XcodeDistPipeline.~~~xtDOCp/Root/Payload/Refloor.app/Frameworks/FirebaseAuth.framework: signed bundle with Mach-O thin (arm64) [org.cocoapods.FirebaseAuth]
2026-03-02 07:42:07 +0000  Entitlements for <IDEDistributionItem: 0xa79853420; bundleID='org.cocoapods.FirebaseAuthInterop', path='<DVTFilePath:0xace6aca10:'/Users/macbook/Library/Developer/Xcode/Archives/2026-03-02/Refloor 3-2-26, 1.10 PM.xcarchive/Products/Applications/Refloor.app/Frameworks/FirebaseAuthInterop.framework'>', codeSigningInfo='<_DVTCodeSigningInformation_Path: 0xa798539c0; isSigned='1', isAdHocSigned='0', signingCertificate='<DVTSigningCertificate: 0xafa6ad5c0; name='Apple Development: Matthew Elias (5WL474P77Y)', hash='DB6CC57BBF17707F319BE0CD5155E70F3F088A25', serialNumber='38333F483CD67AA557B7C5B27DD5464C', certificateKinds='(
    "1.2.840.113635.100.6.1.12",
    "1.2.840.113635.100.6.1.2"
), issueDate='2025-08-11 05:52:50 +0000''>', entitlements='(null)', teamID='F8JN2G36QM', identifier='org.cocoapods.FirebaseAuthInterop', executablePath='<DVTFilePath:0xace6aca80:'/Users/macbook/Library/Developer/Xcode/Archives/2026-03-02/Refloor 3-2-26, 1.10 PM.xcarchive/Products/Applications/Refloor.app/Frameworks/FirebaseAuthInterop.framework/FirebaseAuthInterop'>', hardenedRuntime='0'>'>: {
}
2026-03-02 07:42:07 +0000  Associated App Clip Identifiers Filter: Skipping because "com.apple.developer.associated-appclip-app-identifiers" is not present
2026-03-02 07:42:07 +0000  Entitlements for <IDEDistributionItem: 0xa79853420; bundleID='org.cocoapods.FirebaseAuthInterop', path='<DVTFilePath:0xace6aca10:'/Users/macbook/Library/Developer/Xcode/Archives/2026-03-02/Refloor 3-2-26, 1.10 PM.xcarchive/Products/Applications/Refloor.app/Frameworks/FirebaseAuthInterop.framework'>', codeSigningInfo='<_DVTCodeSigningInformation_Path: 0xa798539c0; isSigned='1', isAdHocSigned='0', signingCertificate='<DVTSigningCertificate: 0xafa6ad500; name='Apple Development: Matthew Elias (5WL474P77Y)', hash='DB6CC57BBF17707F319BE0CD5155E70F3F088A25', serialNumber='38333F483CD67AA557B7C5B27DD5464C', certificateKinds='(
    "1.2.840.113635.100.6.1.12",
    "1.2.840.113635.100.6.1.2"
), issueDate='2025-08-11 05:52:50 +0000''>', entitlements='(null)', teamID='F8JN2G36QM', identifier='org.cocoapods.FirebaseAuthInterop', executablePath='<DVTFilePath:0xace6aca80:'/Users/macbook/Library/Developer/Xcode/Archives/2026-03-02/Refloor 3-2-26, 1.10 PM.xcarchive/Products/Applications/Refloor.app/Frameworks/FirebaseAuthInterop.framework/FirebaseAuthInterop'>', hardenedRuntime='0'>'> are: {
}
2026-03-02 07:42:07 +0000  Writing entitlements for <IDEDistributionItem: 0xa79853420; bundleID='org.cocoapods.FirebaseAuthInterop', path='<DVTFilePath:0xace6aca10:'/Users/macbook/Library/Developer/Xcode/Archives/2026-03-02/Refloor 3-2-26, 1.10 PM.xcarchive/Products/Applications/Refloor.app/Frameworks/FirebaseAuthInterop.framework'>', codeSigningInfo='<_DVTCodeSigningInformation_Path: 0xa798539c0; isSigned='1', isAdHocSigned='0', signingCertificate='<DVTSigningCertificate: 0xafa6ad500; name='Apple Development: Matthew Elias (5WL474P77Y)', hash='DB6CC57BBF17707F319BE0CD5155E70F3F088A25', serialNumber='38333F483CD67AA557B7C5B27DD5464C', certificateKinds='(
    "1.2.840.113635.100.6.1.12",
    "1.2.840.113635.100.6.1.2"
), issueDate='2025-08-11 05:52:50 +0000''>', entitlements='(null)', teamID='F8JN2G36QM', identifier='org.cocoapods.FirebaseAuthInterop', executablePath='<DVTFilePath:0xace6aca80:'/Users/macbook/Library/Developer/Xcode/Archives/2026-03-02/Refloor 3-2-26, 1.10 PM.xcarchive/Products/Applications/Refloor.app/Frameworks/FirebaseAuthInterop.framework/FirebaseAuthInterop'>', hardenedRuntime='0'>'> to: /var/folders/r3/81p5d_c505l5g5hf9p01yqdh0000gn/T/XcodeDistPipeline.~~~xtDOCp/entitlements~~~e3fYD6
2026-03-02 07:42:07 +0000  invoking codesign: <NSConcreteTask: 0xb01e4c7d0; launchPath='/usr/bin/codesign', arguments='(
    "-f",
    "-s",
    6179D3F817E001159E608D43AF9CEF8975C575F3,
    "--entitlements",
    "/var/folders/r3/81p5d_c505l5g5hf9p01yqdh0000gn/T/XcodeDistPipeline.~~~xtDOCp/entitlements~~~e3fYD6",
    "--preserve-metadata=identifier,flags,runtime,launch-constraints,library-constraints",
    "--generate-entitlement-der",
    "--strip-disallowed-xattrs",
    "-vvv",
    "/var/folders/r3/81p5d_c505l5g5hf9p01yqdh0000gn/T/XcodeDistPipeline.~~~xtDOCp/Root/Payload/Refloor.app/Frameworks/FirebaseAuthInterop.framework"
)'>
2026-03-02 07:42:07 +0000  codesign output: /var/folders/r3/81p5d_c505l5g5hf9p01yqdh0000gn/T/XcodeDistPipeline.~~~xtDOCp/Root/Payload/Refloor.app/Frameworks/FirebaseAuthInterop.framework: replacing existing signature
/var/folders/r3/81p5d_c505l5g5hf9p01yqdh0000gn/T/XcodeDistPipeline.~~~xtDOCp/Root/Payload/Refloor.app/Frameworks/FirebaseAuthInterop.framework: signed bundle with Mach-O thin (arm64) [org.cocoapods.FirebaseAuthInterop]
2026-03-02 07:42:07 +0000  Entitlements for <IDEDistributionItem: 0xace767000; bundleID='org.cocoapods.FirebaseCore', path='<DVTFilePath:0xace6acaf0:'/Users/macbook/Library/Developer/Xcode/Archives/2026-03-02/Refloor 3-2-26, 1.10 PM.xcarchive/Products/Applications/Refloor.app/Frameworks/FirebaseCore.framework'>', codeSigningInfo='<_DVTCodeSigningInformation_Path: 0xaddc2ab20; isSigned='1', isAdHocSigned='0', signingCertificate='<DVTSigningCertificate: 0xafa6ad5c0; name='Apple Development: Matthew Elias (5WL474P77Y)', hash='DB6CC57BBF17707F319BE0CD5155E70F3F088A25', serialNumber='38333F483CD67AA557B7C5B27DD5464C', certificateKinds='(
    "1.2.840.113635.100.6.1.12",
    "1.2.840.113635.100.6.1.2"
), issueDate='2025-08-11 05:52:50 +0000''>', entitlements='(null)', teamID='F8JN2G36QM', identifier='org.cocoapods.FirebaseCore', executablePath='<DVTFilePath:0xa798363a0:'/Users/macbook/Library/Developer/Xcode/Archives/2026-03-02/Refloor 3-2-26, 1.10 PM.xcarchive/Products/Applications/Refloor.app/Frameworks/FirebaseCore.framework/FirebaseCore'>', hardenedRuntime='0'>'>: {
}
2026-03-02 07:42:07 +0000  Associated App Clip Identifiers Filter: Skipping because "com.apple.developer.associated-appclip-app-identifiers" is not present
2026-03-02 07:42:07 +0000  Entitlements for <IDEDistributionItem: 0xace767000; bundleID='org.cocoapods.FirebaseCore', path='<DVTFilePath:0xace6acaf0:'/Users/macbook/Library/Developer/Xcode/Archives/2026-03-02/Refloor 3-2-26, 1.10 PM.xcarchive/Products/Applications/Refloor.app/Frameworks/FirebaseCore.framework'>', codeSigningInfo='<_DVTCodeSigningInformation_Path: 0xaddc2ab20; isSigned='1', isAdHocSigned='0', signingCertificate='<DVTSigningCertificate: 0xafa6ad500; name='Apple Development: Matthew Elias (5WL474P77Y)', hash='DB6CC57BBF17707F319BE0CD5155E70F3F088A25', serialNumber='38333F483CD67AA557B7C5B27DD5464C', certificateKinds='(
    "1.2.840.113635.100.6.1.12",
    "1.2.840.113635.100.6.1.2"
), issueDate='2025-08-11 05:52:50 +0000''>', entitlements='(null)', teamID='F8JN2G36QM', identifier='org.cocoapods.FirebaseCore', executablePath='<DVTFilePath:0xa798363a0:'/Users/macbook/Library/Developer/Xcode/Archives/2026-03-02/Refloor 3-2-26, 1.10 PM.xcarchive/Products/Applications/Refloor.app/Frameworks/FirebaseCore.framework/FirebaseCore'>', hardenedRuntime='0'>'> are: {
}
2026-03-02 07:42:07 +0000  Writing entitlements for <IDEDistributionItem: 0xace767000; bundleID='org.cocoapods.FirebaseCore', path='<DVTFilePath:0xace6acaf0:'/Users/macbook/Library/Developer/Xcode/Archives/2026-03-02/Refloor 3-2-26, 1.10 PM.xcarchive/Products/Applications/Refloor.app/Frameworks/FirebaseCore.framework'>', codeSigningInfo='<_DVTCodeSigningInformation_Path: 0xaddc2ab20; isSigned='1', isAdHocSigned='0', signingCertificate='<DVTSigningCertificate: 0xafa6ad500; name='Apple Development: Matthew Elias (5WL474P77Y)', hash='DB6CC57BBF17707F319BE0CD5155E70F3F088A25', serialNumber='38333F483CD67AA557B7C5B27DD5464C', certificateKinds='(
    "1.2.840.113635.100.6.1.12",
    "1.2.840.113635.100.6.1.2"
), issueDate='2025-08-11 05:52:50 +0000''>', entitlements='(null)', teamID='F8JN2G36QM', identifier='org.cocoapods.FirebaseCore', executablePath='<DVTFilePath:0xa798363a0:'/Users/macbook/Library/Developer/Xcode/Archives/2026-03-02/Refloor 3-2-26, 1.10 PM.xcarchive/Products/Applications/Refloor.app/Frameworks/FirebaseCore.framework/FirebaseCore'>', hardenedRuntime='0'>'> to: /var/folders/r3/81p5d_c505l5g5hf9p01yqdh0000gn/T/XcodeDistPipeline.~~~xtDOCp/entitlements~~~fWtOEI
2026-03-02 07:42:07 +0000  invoking codesign: <NSConcreteTask: 0xb01e4c7d0; launchPath='/usr/bin/codesign', arguments='(
    "-f",
    "-s",
    6179D3F817E001159E608D43AF9CEF8975C575F3,
    "--entitlements",
    "/var/folders/r3/81p5d_c505l5g5hf9p01yqdh0000gn/T/XcodeDistPipeline.~~~xtDOCp/entitlements~~~fWtOEI",
    "--preserve-metadata=identifier,flags,runtime,launch-constraints,library-constraints",
    "--generate-entitlement-der",
    "--strip-disallowed-xattrs",
    "-vvv",
    "/var/folders/r3/81p5d_c505l5g5hf9p01yqdh0000gn/T/XcodeDistPipeline.~~~xtDOCp/Root/Payload/Refloor.app/Frameworks/FirebaseCore.framework"
)'>
2026-03-02 07:42:07 +0000  codesign output: /var/folders/r3/81p5d_c505l5g5hf9p01yqdh0000gn/T/XcodeDistPipeline.~~~xtDOCp/Root/Payload/Refloor.app/Frameworks/FirebaseCore.framework: replacing existing signature
/var/folders/r3/81p5d_c505l5g5hf9p01yqdh0000gn/T/XcodeDistPipeline.~~~xtDOCp/Root/Payload/Refloor.app/Frameworks/FirebaseCore.framework: signed bundle with Mach-O thin (arm64) [org.cocoapods.FirebaseCore]
2026-03-02 07:42:07 +0000  Entitlements for <IDEDistributionItem: 0xa79853900; bundleID='org.cocoapods.FirebaseCoreExtension', path='<DVTFilePath:0xace6acee0:'/Users/macbook/Library/Developer/Xcode/Archives/2026-03-02/Refloor 3-2-26, 1.10 PM.xcarchive/Products/Applications/Refloor.app/Frameworks/FirebaseCoreExtension.framework'>', codeSigningInfo='<_DVTCodeSigningInformation_Path: 0xace6a3a20; isSigned='1', isAdHocSigned='0', signingCertificate='<DVTSigningCertificate: 0xafa6ad5c0; name='Apple Development: Matthew Elias (5WL474P77Y)', hash='DB6CC57BBF17707F319BE0CD5155E70F3F088A25', serialNumber='38333F483CD67AA557B7C5B27DD5464C', certificateKinds='(
    "1.2.840.113635.100.6.1.12",
    "1.2.840.113635.100.6.1.2"
), issueDate='2025-08-11 05:52:50 +0000''>', entitlements='(null)', teamID='F8JN2G36QM', identifier='org.cocoapods.FirebaseCoreExtension', executablePath='<DVTFilePath:0xace6acd90:'/Users/macbook/Library/Developer/Xcode/Archives/2026-03-02/Refloor 3-2-26, 1.10 PM.xcarchive/Products/Applications/Refloor.app/Frameworks/FirebaseCoreExtension.framework/FirebaseCoreExtension'>', hardenedRuntime='0'>'>: {
}
2026-03-02 07:42:07 +0000  Associated App Clip Identifiers Filter: Skipping because "com.apple.developer.associated-appclip-app-identifiers" is not present
2026-03-02 07:42:07 +0000  Entitlements for <IDEDistributionItem: 0xa79853900; bundleID='org.cocoapods.FirebaseCoreExtension', path='<DVTFilePath:0xace6acee0:'/Users/macbook/Library/Developer/Xcode/Archives/2026-03-02/Refloor 3-2-26, 1.10 PM.xcarchive/Products/Applications/Refloor.app/Frameworks/FirebaseCoreExtension.framework'>', codeSigningInfo='<_DVTCodeSigningInformation_Path: 0xace6a3a20; isSigned='1', isAdHocSigned='0', signingCertificate='<DVTSigningCertificate: 0xafa6ad500; name='Apple Development: Matthew Elias (5WL474P77Y)', hash='DB6CC57BBF17707F319BE0CD5155E70F3F088A25', serialNumber='38333F483CD67AA557B7C5B27DD5464C', certificateKinds='(
    "1.2.840.113635.100.6.1.12",
    "1.2.840.113635.100.6.1.2"
), issueDate='2025-08-11 05:52:50 +0000''>', entitlements='(null)', teamID='F8JN2G36QM', identifier='org.cocoapods.FirebaseCoreExtension', executablePath='<DVTFilePath:0xace6acd90:'/Users/macbook/Library/Developer/Xcode/Archives/2026-03-02/Refloor 3-2-26, 1.10 PM.xcarchive/Products/Applications/Refloor.app/Frameworks/FirebaseCoreExtension.framework/FirebaseCoreExtension'>', hardenedRuntime='0'>'> are: {
}
2026-03-02 07:42:07 +0000  Writing entitlements for <IDEDistributionItem: 0xa79853900; bundleID='org.cocoapods.FirebaseCoreExtension', path='<DVTFilePath:0xace6acee0:'/Users/macbook/Library/Developer/Xcode/Archives/2026-03-02/Refloor 3-2-26, 1.10 PM.xcarchive/Products/Applications/Refloor.app/Frameworks/FirebaseCoreExtension.framework'>', codeSigningInfo='<_DVTCodeSigningInformation_Path: 0xace6a3a20; isSigned='1', isAdHocSigned='0', signingCertificate='<DVTSigningCertificate: 0xafa6ad500; name='Apple Development: Matthew Elias (5WL474P77Y)', hash='DB6CC57BBF17707F319BE0CD5155E70F3F088A25', serialNumber='38333F483CD67AA557B7C5B27DD5464C', certificateKinds='(
    "1.2.840.113635.100.6.1.12",
    "1.2.840.113635.100.6.1.2"
), issueDate='2025-08-11 05:52:50 +0000''>', entitlements='(null)', teamID='F8JN2G36QM', identifier='org.cocoapods.FirebaseCoreExtension', executablePath='<DVTFilePath:0xace6acd90:'/Users/macbook/Library/Developer/Xcode/Archives/2026-03-02/Refloor 3-2-26, 1.10 PM.xcarchive/Products/Applications/Refloor.app/Frameworks/FirebaseCoreExtension.framework/FirebaseCoreExtension'>', hardenedRuntime='0'>'> to: /var/folders/r3/81p5d_c505l5g5hf9p01yqdh0000gn/T/XcodeDistPipeline.~~~xtDOCp/entitlements~~~nI92nE
2026-03-02 07:42:07 +0000  invoking codesign: <NSConcreteTask: 0xb01e4c7d0; launchPath='/usr/bin/codesign', arguments='(
    "-f",
    "-s",
    6179D3F817E001159E608D43AF9CEF8975C575F3,
    "--entitlements",
    "/var/folders/r3/81p5d_c505l5g5hf9p01yqdh0000gn/T/XcodeDistPipeline.~~~xtDOCp/entitlements~~~nI92nE",
    "--preserve-metadata=identifier,flags,runtime,launch-constraints,library-constraints",
    "--generate-entitlement-der",
    "--strip-disallowed-xattrs",
    "-vvv",
    "/var/folders/r3/81p5d_c505l5g5hf9p01yqdh0000gn/T/XcodeDistPipeline.~~~xtDOCp/Root/Payload/Refloor.app/Frameworks/FirebaseCoreExtension.framework"
)'>
2026-03-02 07:42:07 +0000  codesign output: /var/folders/r3/81p5d_c505l5g5hf9p01yqdh0000gn/T/XcodeDistPipeline.~~~xtDOCp/Root/Payload/Refloor.app/Frameworks/FirebaseCoreExtension.framework: replacing existing signature
/var/folders/r3/81p5d_c505l5g5hf9p01yqdh0000gn/T/XcodeDistPipeline.~~~xtDOCp/Root/Payload/Refloor.app/Frameworks/FirebaseCoreExtension.framework: signed bundle with Mach-O thin (arm64) [org.cocoapods.FirebaseCoreExtension]
2026-03-02 07:42:07 +0000  Entitlements for <IDEDistributionItem: 0xae8cfcf60; bundleID='org.cocoapods.FirebaseCoreInternal', path='<DVTFilePath:0xace74e060:'/Users/macbook/Library/Developer/Xcode/Archives/2026-03-02/Refloor 3-2-26, 1.10 PM.xcarchive/Products/Applications/Refloor.app/Frameworks/FirebaseCoreInternal.framework'>', codeSigningInfo='<_DVTCodeSigningInformation_Path: 0xa798bba20; isSigned='1', isAdHocSigned='0', signingCertificate='<DVTSigningCertificate: 0xafa6ad5c0; name='Apple Development: Matthew Elias (5WL474P77Y)', hash='DB6CC57BBF17707F319BE0CD5155E70F3F088A25', serialNumber='38333F483CD67AA557B7C5B27DD5464C', certificateKinds='(
    "1.2.840.113635.100.6.1.12",
    "1.2.840.113635.100.6.1.2"
), issueDate='2025-08-11 05:52:50 +0000''>', entitlements='(null)', teamID='F8JN2G36QM', identifier='org.cocoapods.FirebaseCoreInternal', executablePath='<DVTFilePath:0xace74dc70:'/Users/macbook/Library/Developer/Xcode/Archives/2026-03-02/Refloor 3-2-26, 1.10 PM.xcarchive/Products/Applications/Refloor.app/Frameworks/FirebaseCoreInternal.framework/FirebaseCoreInternal'>', hardenedRuntime='0'>'>: {
}
2026-03-02 07:42:07 +0000  Associated App Clip Identifiers Filter: Skipping because "com.apple.developer.associated-appclip-app-identifiers" is not present
2026-03-02 07:42:07 +0000  Entitlements for <IDEDistributionItem: 0xae8cfcf60; bundleID='org.cocoapods.FirebaseCoreInternal', path='<DVTFilePath:0xace74e060:'/Users/macbook/Library/Developer/Xcode/Archives/2026-03-02/Refloor 3-2-26, 1.10 PM.xcarchive/Products/Applications/Refloor.app/Frameworks/FirebaseCoreInternal.framework'>', codeSigningInfo='<_DVTCodeSigningInformation_Path: 0xa798bba20; isSigned='1', isAdHocSigned='0', signingCertificate='<DVTSigningCertificate: 0xafa6ad500; name='Apple Development: Matthew Elias (5WL474P77Y)', hash='DB6CC57BBF17707F319BE0CD5155E70F3F088A25', serialNumber='38333F483CD67AA557B7C5B27DD5464C', certificateKinds='(
    "1.2.840.113635.100.6.1.12",
    "1.2.840.113635.100.6.1.2"
), issueDate='2025-08-11 05:52:50 +0000''>', entitlements='(null)', teamID='F8JN2G36QM', identifier='org.cocoapods.FirebaseCoreInternal', executablePath='<DVTFilePath:0xace74dc70:'/Users/macbook/Library/Developer/Xcode/Archives/2026-03-02/Refloor 3-2-26, 1.10 PM.xcarchive/Products/Applications/Refloor.app/Frameworks/FirebaseCoreInternal.framework/FirebaseCoreInternal'>', hardenedRuntime='0'>'> are: {
}
2026-03-02 07:42:07 +0000  Writing entitlements for <IDEDistributionItem: 0xae8cfcf60; bundleID='org.cocoapods.FirebaseCoreInternal', path='<DVTFilePath:0xace74e060:'/Users/macbook/Library/Developer/Xcode/Archives/2026-03-02/Refloor 3-2-26, 1.10 PM.xcarchive/Products/Applications/Refloor.app/Frameworks/FirebaseCoreInternal.framework'>', codeSigningInfo='<_DVTCodeSigningInformation_Path: 0xa798bba20; isSigned='1', isAdHocSigned='0', signingCertificate='<DVTSigningCertificate: 0xafa6ad500; name='Apple Development: Matthew Elias (5WL474P77Y)', hash='DB6CC57BBF17707F319BE0CD5155E70F3F088A25', serialNumber='38333F483CD67AA557B7C5B27DD5464C', certificateKinds='(
    "1.2.840.113635.100.6.1.12",
    "1.2.840.113635.100.6.1.2"
), issueDate='2025-08-11 05:52:50 +0000''>', entitlements='(null)', teamID='F8JN2G36QM', identifier='org.cocoapods.FirebaseCoreInternal', executablePath='<DVTFilePath:0xace74dc70:'/Users/macbook/Library/Developer/Xcode/Archives/2026-03-02/Refloor 3-2-26, 1.10 PM.xcarchive/Products/Applications/Refloor.app/Frameworks/FirebaseCoreInternal.framework/FirebaseCoreInternal'>', hardenedRuntime='0'>'> to: /var/folders/r3/81p5d_c505l5g5hf9p01yqdh0000gn/T/XcodeDistPipeline.~~~xtDOCp/entitlements~~~3wCQbf
2026-03-02 07:42:07 +0000  invoking codesign: <NSConcreteTask: 0xb01e4c7d0; launchPath='/usr/bin/codesign', arguments='(
    "-f",
    "-s",
    6179D3F817E001159E608D43AF9CEF8975C575F3,
    "--entitlements",
    "/var/folders/r3/81p5d_c505l5g5hf9p01yqdh0000gn/T/XcodeDistPipeline.~~~xtDOCp/entitlements~~~3wCQbf",
    "--preserve-metadata=identifier,flags,runtime,launch-constraints,library-constraints",
    "--generate-entitlement-der",
    "--strip-disallowed-xattrs",
    "-vvv",
    "/var/folders/r3/81p5d_c505l5g5hf9p01yqdh0000gn/T/XcodeDistPipeline.~~~xtDOCp/Root/Payload/Refloor.app/Frameworks/FirebaseCoreInternal.framework"
)'>
2026-03-02 07:42:07 +0000  codesign output: /var/folders/r3/81p5d_c505l5g5hf9p01yqdh0000gn/T/XcodeDistPipeline.~~~xtDOCp/Root/Payload/Refloor.app/Frameworks/FirebaseCoreInternal.framework: replacing existing signature
/var/folders/r3/81p5d_c505l5g5hf9p01yqdh0000gn/T/XcodeDistPipeline.~~~xtDOCp/Root/Payload/Refloor.app/Frameworks/FirebaseCoreInternal.framework: signed bundle with Mach-O thin (arm64) [org.cocoapods.FirebaseCoreInternal]
2026-03-02 07:42:07 +0000  Entitlements for <IDEDistributionItem: 0xa798ba6a0; bundleID='org.cocoapods.FirebaseCrashlytics', path='<DVTFilePath:0xace74db90:'/Users/macbook/Library/Developer/Xcode/Archives/2026-03-02/Refloor 3-2-26, 1.10 PM.xcarchive/Products/Applications/Refloor.app/Frameworks/FirebaseCrashlytics.framework'>', codeSigningInfo='<_DVTCodeSigningInformation_Path: 0xa798baf40; isSigned='1', isAdHocSigned='0', signingCertificate='<DVTSigningCertificate: 0xafa6ad5c0; name='Apple Development: Matthew Elias (5WL474P77Y)', hash='DB6CC57BBF17707F319BE0CD5155E70F3F088A25', serialNumber='38333F483CD67AA557B7C5B27DD5464C', certificateKinds='(
    "1.2.840.113635.100.6.1.12",
    "1.2.840.113635.100.6.1.2"
), issueDate='2025-08-11 05:52:50 +0000''>', entitlements='(null)', teamID='F8JN2G36QM', identifier='org.cocoapods.FirebaseCrashlytics', executablePath='<DVTFilePath:0xace74ff70:'/Users/macbook/Library/Developer/Xcode/Archives/2026-03-02/Refloor 3-2-26, 1.10 PM.xcarchive/Products/Applications/Refloor.app/Frameworks/FirebaseCrashlytics.framework/FirebaseCrashlytics'>', hardenedRuntime='0'>'>: {
}
2026-03-02 07:42:07 +0000  Associated App Clip Identifiers Filter: Skipping because "com.apple.developer.associated-appclip-app-identifiers" is not present
2026-03-02 07:42:07 +0000  Entitlements for <IDEDistributionItem: 0xa798ba6a0; bundleID='org.cocoapods.FirebaseCrashlytics', path='<DVTFilePath:0xace74db90:'/Users/macbook/Library/Developer/Xcode/Archives/2026-03-02/Refloor 3-2-26, 1.10 PM.xcarchive/Products/Applications/Refloor.app/Frameworks/FirebaseCrashlytics.framework'>', codeSigningInfo='<_DVTCodeSigningInformation_Path: 0xa798baf40; isSigned='1', isAdHocSigned='0', signingCertificate='<DVTSigningCertificate: 0xafa6ad500; name='Apple Development: Matthew Elias (5WL474P77Y)', hash='DB6CC57BBF17707F319BE0CD5155E70F3F088A25', serialNumber='38333F483CD67AA557B7C5B27DD5464C', certificateKinds='(
    "1.2.840.113635.100.6.1.12",
    "1.2.840.113635.100.6.1.2"
), issueDate='2025-08-11 05:52:50 +0000''>', entitlements='(null)', teamID='F8JN2G36QM', identifier='org.cocoapods.FirebaseCrashlytics', executablePath='<DVTFilePath:0xace74ff70:'/Users/macbook/Library/Developer/Xcode/Archives/2026-03-02/Refloor 3-2-26, 1.10 PM.xcarchive/Products/Applications/Refloor.app/Frameworks/FirebaseCrashlytics.framework/FirebaseCrashlytics'>', hardenedRuntime='0'>'> are: {
}
2026-03-02 07:42:07 +0000  Writing entitlements for <IDEDistributionItem: 0xa798ba6a0; bundleID='org.cocoapods.FirebaseCrashlytics', path='<DVTFilePath:0xace74db90:'/Users/macbook/Library/Developer/Xcode/Archives/2026-03-02/Refloor 3-2-26, 1.10 PM.xcarchive/Products/Applications/Refloor.app/Frameworks/FirebaseCrashlytics.framework'>', codeSigningInfo='<_DVTCodeSigningInformation_Path: 0xa798baf40; isSigned='1', isAdHocSigned='0', signingCertificate='<DVTSigningCertificate: 0xafa6ad500; name='Apple Development: Matthew Elias (5WL474P77Y)', hash='DB6CC57BBF17707F319BE0CD5155E70F3F088A25', serialNumber='38333F483CD67AA557B7C5B27DD5464C', certificateKinds='(
    "1.2.840.113635.100.6.1.12",
    "1.2.840.113635.100.6.1.2"
), issueDate='2025-08-11 05:52:50 +0000''>', entitlements='(null)', teamID='F8JN2G36QM', identifier='org.cocoapods.FirebaseCrashlytics', executablePath='<DVTFilePath:0xace74ff70:'/Users/macbook/Library/Developer/Xcode/Archives/2026-03-02/Refloor 3-2-26, 1.10 PM.xcarchive/Products/Applications/Refloor.app/Frameworks/FirebaseCrashlytics.framework/FirebaseCrashlytics'>', hardenedRuntime='0'>'> to: /var/folders/r3/81p5d_c505l5g5hf9p01yqdh0000gn/T/XcodeDistPipeline.~~~xtDOCp/entitlements~~~heuvpo
2026-03-02 07:42:07 +0000  invoking codesign: <NSConcreteTask: 0xb01e4c7d0; launchPath='/usr/bin/codesign', arguments='(
    "-f",
    "-s",
    6179D3F817E001159E608D43AF9CEF8975C575F3,
    "--entitlements",
    "/var/folders/r3/81p5d_c505l5g5hf9p01yqdh0000gn/T/XcodeDistPipeline.~~~xtDOCp/entitlements~~~heuvpo",
    "--preserve-metadata=identifier,flags,runtime,launch-constraints,library-constraints",
    "--generate-entitlement-der",
    "--strip-disallowed-xattrs",
    "-vvv",
    "/var/folders/r3/81p5d_c505l5g5hf9p01yqdh0000gn/T/XcodeDistPipeline.~~~xtDOCp/Root/Payload/Refloor.app/Frameworks/FirebaseCrashlytics.framework"
)'>
2026-03-02 07:42:07 +0000  codesign output: /var/folders/r3/81p5d_c505l5g5hf9p01yqdh0000gn/T/XcodeDistPipeline.~~~xtDOCp/Root/Payload/Refloor.app/Frameworks/FirebaseCrashlytics.framework: replacing existing signature
/var/folders/r3/81p5d_c505l5g5hf9p01yqdh0000gn/T/XcodeDistPipeline.~~~xtDOCp/Root/Payload/Refloor.app/Frameworks/FirebaseCrashlytics.framework: signed bundle with Mach-O thin (arm64) [org.cocoapods.FirebaseCrashlytics]
2026-03-02 07:42:07 +0000  Entitlements for <IDEDistributionItem: 0xa798bb2a0; bundleID='org.cocoapods.FirebaseFirestore', path='<DVTFilePath:0xace74fe90:'/Users/macbook/Library/Developer/Xcode/Archives/2026-03-02/Refloor 3-2-26, 1.10 PM.xcarchive/Products/Applications/Refloor.app/Frameworks/FirebaseFirestore.framework'>', codeSigningInfo='<_DVTCodeSigningInformation_Path: 0xa798bbde0; isSigned='1', isAdHocSigned='0', signingCertificate='<DVTSigningCertificate: 0xafa6ad5c0; name='Apple Development: Matthew Elias (5WL474P77Y)', hash='DB6CC57BBF17707F319BE0CD5155E70F3F088A25', serialNumber='38333F483CD67AA557B7C5B27DD5464C', certificateKinds='(
    "1.2.840.113635.100.6.1.12",
    "1.2.840.113635.100.6.1.2"
), issueDate='2025-08-11 05:52:50 +0000''>', entitlements='(null)', teamID='F8JN2G36QM', identifier='org.cocoapods.FirebaseFirestore', executablePath='<DVTFilePath:0xace74fe20:'/Users/macbook/Library/Developer/Xcode/Archives/2026-03-02/Refloor 3-2-26, 1.10 PM.xcarchive/Products/Applications/Refloor.app/Frameworks/FirebaseFirestore.framework/FirebaseFirestore'>', hardenedRuntime='0'>'>: {
}
2026-03-02 07:42:07 +0000  Associated App Clip Identifiers Filter: Skipping because "com.apple.developer.associated-appclip-app-identifiers" is not present
2026-03-02 07:42:07 +0000  Entitlements for <IDEDistributionItem: 0xa798bb2a0; bundleID='org.cocoapods.FirebaseFirestore', path='<DVTFilePath:0xace74fe90:'/Users/macbook/Library/Developer/Xcode/Archives/2026-03-02/Refloor 3-2-26, 1.10 PM.xcarchive/Products/Applications/Refloor.app/Frameworks/FirebaseFirestore.framework'>', codeSigningInfo='<_DVTCodeSigningInformation_Path: 0xa798bbde0; isSigned='1', isAdHocSigned='0', signingCertificate='<DVTSigningCertificate: 0xafa6ad500; name='Apple Development: Matthew Elias (5WL474P77Y)', hash='DB6CC57BBF17707F319BE0CD5155E70F3F088A25', serialNumber='38333F483CD67AA557B7C5B27DD5464C', certificateKinds='(
    "1.2.840.113635.100.6.1.12",
    "1.2.840.113635.100.6.1.2"
), issueDate='2025-08-11 05:52:50 +0000''>', entitlements='(null)', teamID='F8JN2G36QM', identifier='org.cocoapods.FirebaseFirestore', executablePath='<DVTFilePath:0xace74fe20:'/Users/macbook/Library/Developer/Xcode/Archives/2026-03-02/Refloor 3-2-26, 1.10 PM.xcarchive/Products/Applications/Refloor.app/Frameworks/FirebaseFirestore.framework/FirebaseFirestore'>', hardenedRuntime='0'>'> are: {
}
2026-03-02 07:42:07 +0000  Writing entitlements for <IDEDistributionItem: 0xa798bb2a0; bundleID='org.cocoapods.FirebaseFirestore', path='<DVTFilePath:0xace74fe90:'/Users/macbook/Library/Developer/Xcode/Archives/2026-03-02/Refloor 3-2-26, 1.10 PM.xcarchive/Products/Applications/Refloor.app/Frameworks/FirebaseFirestore.framework'>', codeSigningInfo='<_DVTCodeSigningInformation_Path: 0xa798bbde0; isSigned='1', isAdHocSigned='0', signingCertificate='<DVTSigningCertificate: 0xafa6ad500; name='Apple Development: Matthew Elias (5WL474P77Y)', hash='DB6CC57BBF17707F319BE0CD5155E70F3F088A25', serialNumber='38333F483CD67AA557B7C5B27DD5464C', certificateKinds='(
    "1.2.840.113635.100.6.1.12",
    "1.2.840.113635.100.6.1.2"
), issueDate='2025-08-11 05:52:50 +0000''>', entitlements='(null)', teamID='F8JN2G36QM', identifier='org.cocoapods.FirebaseFirestore', executablePath='<DVTFilePath:0xace74fe20:'/Users/macbook/Library/Developer/Xcode/Archives/2026-03-02/Refloor 3-2-26, 1.10 PM.xcarchive/Products/Applications/Refloor.app/Frameworks/FirebaseFirestore.framework/FirebaseFirestore'>', hardenedRuntime='0'>'> to: /var/folders/r3/81p5d_c505l5g5hf9p01yqdh0000gn/T/XcodeDistPipeline.~~~xtDOCp/entitlements~~~a0dhPE
2026-03-02 07:42:07 +0000  invoking codesign: <NSConcreteTask: 0xb01e4c7d0; launchPath='/usr/bin/codesign', arguments='(
    "-f",
    "-s",
    6179D3F817E001159E608D43AF9CEF8975C575F3,
    "--entitlements",
    "/var/folders/r3/81p5d_c505l5g5hf9p01yqdh0000gn/T/XcodeDistPipeline.~~~xtDOCp/entitlements~~~a0dhPE",
    "--preserve-metadata=identifier,flags,runtime,launch-constraints,library-constraints",
    "--generate-entitlement-der",
    "--strip-disallowed-xattrs",
    "-vvv",
    "/var/folders/r3/81p5d_c505l5g5hf9p01yqdh0000gn/T/XcodeDistPipeline.~~~xtDOCp/Root/Payload/Refloor.app/Frameworks/FirebaseFirestore.framework"
)'>
2026-03-02 07:42:07 +0000  codesign output: /var/folders/r3/81p5d_c505l5g5hf9p01yqdh0000gn/T/XcodeDistPipeline.~~~xtDOCp/Root/Payload/Refloor.app/Frameworks/FirebaseFirestore.framework: replacing existing signature
/var/folders/r3/81p5d_c505l5g5hf9p01yqdh0000gn/T/XcodeDistPipeline.~~~xtDOCp/Root/Payload/Refloor.app/Frameworks/FirebaseFirestore.framework: signed bundle with Mach-O thin (arm64) [org.cocoapods.FirebaseFirestore]
2026-03-02 07:42:07 +0000  Entitlements for <IDEDistributionItem: 0xa798bb300; bundleID='org.cocoapods.FirebaseFirestoreInternal', path='<DVTFilePath:0xb01b12a00:'/Users/macbook/Library/Developer/Xcode/Archives/2026-03-02/Refloor 3-2-26, 1.10 PM.xcarchive/Products/Applications/Refloor.app/Frameworks/FirebaseFirestoreInternal.framework'>', codeSigningInfo='<_DVTCodeSigningInformation_Path: 0xa798b85a0; isSigned='1', isAdHocSigned='0', signingCertificate='<DVTSigningCertificate: 0xafa6ad5c0; name='Apple Development: Matthew Elias (5WL474P77Y)', hash='DB6CC57BBF17707F319BE0CD5155E70F3F088A25', serialNumber='38333F483CD67AA557B7C5B27DD5464C', certificateKinds='(
    "1.2.840.113635.100.6.1.12",
    "1.2.840.113635.100.6.1.2"
), issueDate='2025-08-11 05:52:50 +0000''>', entitlements='(null)', teamID='F8JN2G36QM', identifier='org.cocoapods.FirebaseFirestoreInternal', executablePath='<DVTFilePath:0xace74fd40:'/Users/macbook/Library/Developer/Xcode/Archives/2026-03-02/Refloor 3-2-26, 1.10 PM.xcarchive/Products/Applications/Refloor.app/Frameworks/FirebaseFirestoreInternal.framework/FirebaseFirestoreInternal'>', hardenedRuntime='0'>'>: {
}
2026-03-02 07:42:07 +0000  Associated App Clip Identifiers Filter: Skipping because "com.apple.developer.associated-appclip-app-identifiers" is not present
2026-03-02 07:42:07 +0000  Entitlements for <IDEDistributionItem: 0xa798bb300; bundleID='org.cocoapods.FirebaseFirestoreInternal', path='<DVTFilePath:0xb01b12a00:'/Users/macbook/Library/Developer/Xcode/Archives/2026-03-02/Refloor 3-2-26, 1.10 PM.xcarchive/Products/Applications/Refloor.app/Frameworks/FirebaseFirestoreInternal.framework'>', codeSigningInfo='<_DVTCodeSigningInformation_Path: 0xa798b85a0; isSigned='1', isAdHocSigned='0', signingCertificate='<DVTSigningCertificate: 0xafa6ad500; name='Apple Development: Matthew Elias (5WL474P77Y)', hash='DB6CC57BBF17707F319BE0CD5155E70F3F088A25', serialNumber='38333F483CD67AA557B7C5B27DD5464C', certificateKinds='(
    "1.2.840.113635.100.6.1.12",
    "1.2.840.113635.100.6.1.2"
), issueDate='2025-08-11 05:52:50 +0000''>', entitlements='(null)', teamID='F8JN2G36QM', identifier='org.cocoapods.FirebaseFirestoreInternal', executablePath='<DVTFilePath:0xace74fd40:'/Users/macbook/Library/Developer/Xcode/Archives/2026-03-02/Refloor 3-2-26, 1.10 PM.xcarchive/Products/Applications/Refloor.app/Frameworks/FirebaseFirestoreInternal.framework/FirebaseFirestoreInternal'>', hardenedRuntime='0'>'> are: {
}
2026-03-02 07:42:07 +0000  Writing entitlements for <IDEDistributionItem: 0xa798bb300; bundleID='org.cocoapods.FirebaseFirestoreInternal', path='<DVTFilePath:0xb01b12a00:'/Users/macbook/Library/Developer/Xcode/Archives/2026-03-02/Refloor 3-2-26, 1.10 PM.xcarchive/Products/Applications/Refloor.app/Frameworks/FirebaseFirestoreInternal.framework'>', codeSigningInfo='<_DVTCodeSigningInformation_Path: 0xa798b85a0; isSigned='1', isAdHocSigned='0', signingCertificate='<DVTSigningCertificate: 0xafa6ad500; name='Apple Development: Matthew Elias (5WL474P77Y)', hash='DB6CC57BBF17707F319BE0CD5155E70F3F088A25', serialNumber='38333F483CD67AA557B7C5B27DD5464C', certificateKinds='(
    "1.2.840.113635.100.6.1.12",
    "1.2.840.113635.100.6.1.2"
), issueDate='2025-08-11 05:52:50 +0000''>', entitlements='(null)', teamID='F8JN2G36QM', identifier='org.cocoapods.FirebaseFirestoreInternal', executablePath='<DVTFilePath:0xace74fd40:'/Users/macbook/Library/Developer/Xcode/Archives/2026-03-02/Refloor 3-2-26, 1.10 PM.xcarchive/Products/Applications/Refloor.app/Frameworks/FirebaseFirestoreInternal.framework/FirebaseFirestoreInternal'>', hardenedRuntime='0'>'> to: /var/folders/r3/81p5d_c505l5g5hf9p01yqdh0000gn/T/XcodeDistPipeline.~~~xtDOCp/entitlements~~~atJ4Rq
2026-03-02 07:42:07 +0000  invoking codesign: <NSConcreteTask: 0xb01e4c7d0; launchPath='/usr/bin/codesign', arguments='(
    "-f",
    "-s",
    6179D3F817E001159E608D43AF9CEF8975C575F3,
    "--entitlements",
    "/var/folders/r3/81p5d_c505l5g5hf9p01yqdh0000gn/T/XcodeDistPipeline.~~~xtDOCp/entitlements~~~atJ4Rq",
    "--preserve-metadata=identifier,flags,runtime,launch-constraints,library-constraints",
    "--generate-entitlement-der",
    "--strip-disallowed-xattrs",
    "-vvv",
    "/var/folders/r3/81p5d_c505l5g5hf9p01yqdh0000gn/T/XcodeDistPipeline.~~~xtDOCp/Root/Payload/Refloor.app/Frameworks/FirebaseFirestoreInternal.framework"
)'>
2026-03-02 07:42:07 +0000  codesign output: /var/folders/r3/81p5d_c505l5g5hf9p01yqdh0000gn/T/XcodeDistPipeline.~~~xtDOCp/Root/Payload/Refloor.app/Frameworks/FirebaseFirestoreInternal.framework: replacing existing signature
/var/folders/r3/81p5d_c505l5g5hf9p01yqdh0000gn/T/XcodeDistPipeline.~~~xtDOCp/Root/Payload/Refloor.app/Frameworks/FirebaseFirestoreInternal.framework: signed bundle with Mach-O thin (arm64) [org.cocoapods.FirebaseFirestoreInternal]
2026-03-02 07:42:07 +0000  Entitlements for <IDEDistributionItem: 0xace72f120; bundleID='org.cocoapods.FirebaseInstallations', path='<DVTFilePath:0xace74fc60:'/Users/macbook/Library/Developer/Xcode/Archives/2026-03-02/Refloor 3-2-26, 1.10 PM.xcarchive/Products/Applications/Refloor.app/Frameworks/FirebaseInstallations.framework'>', codeSigningInfo='<_DVTCodeSigningInformation_Path: 0xace72ef40; isSigned='1', isAdHocSigned='0', signingCertificate='<DVTSigningCertificate: 0xafa6ad5c0; name='Apple Development: Matthew Elias (5WL474P77Y)', hash='DB6CC57BBF17707F319BE0CD5155E70F3F088A25', serialNumber='38333F483CD67AA557B7C5B27DD5464C', certificateKinds='(
    "1.2.840.113635.100.6.1.12",
    "1.2.840.113635.100.6.1.2"
), issueDate='2025-08-11 05:52:50 +0000''>', entitlements='(null)', teamID='F8JN2G36QM', identifier='org.cocoapods.FirebaseInstallations', executablePath='<DVTFilePath:0xace74fb80:'/Users/macbook/Library/Developer/Xcode/Archives/2026-03-02/Refloor 3-2-26, 1.10 PM.xcarchive/Products/Applications/Refloor.app/Frameworks/FirebaseInstallations.framework/FirebaseInstallations'>', hardenedRuntime='0'>'>: {
}
2026-03-02 07:42:07 +0000  Associated App Clip Identifiers Filter: Skipping because "com.apple.developer.associated-appclip-app-identifiers" is not present
2026-03-02 07:42:07 +0000  Entitlements for <IDEDistributionItem: 0xace72f120; bundleID='org.cocoapods.FirebaseInstallations', path='<DVTFilePath:0xace74fc60:'/Users/macbook/Library/Developer/Xcode/Archives/2026-03-02/Refloor 3-2-26, 1.10 PM.xcarchive/Products/Applications/Refloor.app/Frameworks/FirebaseInstallations.framework'>', codeSigningInfo='<_DVTCodeSigningInformation_Path: 0xace72ef40; isSigned='1', isAdHocSigned='0', signingCertificate='<DVTSigningCertificate: 0xafa6ad500; name='Apple Development: Matthew Elias (5WL474P77Y)', hash='DB6CC57BBF17707F319BE0CD5155E70F3F088A25', serialNumber='38333F483CD67AA557B7C5B27DD5464C', certificateKinds='(
    "1.2.840.113635.100.6.1.12",
    "1.2.840.113635.100.6.1.2"
), issueDate='2025-08-11 05:52:50 +0000''>', entitlements='(null)', teamID='F8JN2G36QM', identifier='org.cocoapods.FirebaseInstallations', executablePath='<DVTFilePath:0xace74fb80:'/Users/macbook/Library/Developer/Xcode/Archives/2026-03-02/Refloor 3-2-26, 1.10 PM.xcarchive/Products/Applications/Refloor.app/Frameworks/FirebaseInstallations.framework/FirebaseInstallations'>', hardenedRuntime='0'>'> are: {
}
2026-03-02 07:42:07 +0000  Writing entitlements for <IDEDistributionItem: 0xace72f120; bundleID='org.cocoapods.FirebaseInstallations', path='<DVTFilePath:0xace74fc60:'/Users/macbook/Library/Developer/Xcode/Archives/2026-03-02/Refloor 3-2-26, 1.10 PM.xcarchive/Products/Applications/Refloor.app/Frameworks/FirebaseInstallations.framework'>', codeSigningInfo='<_DVTCodeSigningInformation_Path: 0xace72ef40; isSigned='1', isAdHocSigned='0', signingCertificate='<DVTSigningCertificate: 0xafa6ad500; name='Apple Development: Matthew Elias (5WL474P77Y)', hash='DB6CC57BBF17707F319BE0CD5155E70F3F088A25', serialNumber='38333F483CD67AA557B7C5B27DD5464C', certificateKinds='(
    "1.2.840.113635.100.6.1.12",
    "1.2.840.113635.100.6.1.2"
), issueDate='2025-08-11 05:52:50 +0000''>', entitlements='(null)', teamID='F8JN2G36QM', identifier='org.cocoapods.FirebaseInstallations', executablePath='<DVTFilePath:0xace74fb80:'/Users/macbook/Library/Developer/Xcode/Archives/2026-03-02/Refloor 3-2-26, 1.10 PM.xcarchive/Products/Applications/Refloor.app/Frameworks/FirebaseInstallations.framework/FirebaseInstallations'>', hardenedRuntime='0'>'> to: /var/folders/r3/81p5d_c505l5g5hf9p01yqdh0000gn/T/XcodeDistPipeline.~~~xtDOCp/entitlements~~~UIvJKN
2026-03-02 07:42:07 +0000  invoking codesign: <NSConcreteTask: 0xb01e4c7d0; launchPath='/usr/bin/codesign', arguments='(
    "-f",
    "-s",
    6179D3F817E001159E608D43AF9CEF8975C575F3,
    "--entitlements",
    "/var/folders/r3/81p5d_c505l5g5hf9p01yqdh0000gn/T/XcodeDistPipeline.~~~xtDOCp/entitlements~~~UIvJKN",
    "--preserve-metadata=identifier,flags,runtime,launch-constraints,library-constraints",
    "--generate-entitlement-der",
    "--strip-disallowed-xattrs",
    "-vvv",
    "/var/folders/r3/81p5d_c505l5g5hf9p01yqdh0000gn/T/XcodeDistPipeline.~~~xtDOCp/Root/Payload/Refloor.app/Frameworks/FirebaseInstallations.framework"
)'>
2026-03-02 07:42:07 +0000  codesign output: /var/folders/r3/81p5d_c505l5g5hf9p01yqdh0000gn/T/XcodeDistPipeline.~~~xtDOCp/Root/Payload/Refloor.app/Frameworks/FirebaseInstallations.framework: replacing existing signature
/var/folders/r3/81p5d_c505l5g5hf9p01yqdh0000gn/T/XcodeDistPipeline.~~~xtDOCp/Root/Payload/Refloor.app/Frameworks/FirebaseInstallations.framework: signed bundle with Mach-O thin (arm64) [org.cocoapods.FirebaseInstallations]
2026-03-02 07:42:07 +0000  Entitlements for <IDEDistributionItem: 0xace6b3f00; bundleID='org.cocoapods.FirebaseMessaging', path='<DVTFilePath:0xace74faa0:'/Users/macbook/Library/Developer/Xcode/Archives/2026-03-02/Refloor 3-2-26, 1.10 PM.xcarchive/Products/Applications/Refloor.app/Frameworks/FirebaseMessaging.framework'>', codeSigningInfo='<_DVTCodeSigningInformation_Path: 0xa798538a0; isSigned='1', isAdHocSigned='0', signingCertificate='<DVTSigningCertificate: 0xafa6ad5c0; name='Apple Development: Matthew Elias (5WL474P77Y)', hash='DB6CC57BBF17707F319BE0CD5155E70F3F088A25', serialNumber='38333F483CD67AA557B7C5B27DD5464C', certificateKinds='(
    "1.2.840.113635.100.6.1.12",
    "1.2.840.113635.100.6.1.2"
), issueDate='2025-08-11 05:52:50 +0000''>', entitlements='(null)', teamID='F8JN2G36QM', identifier='org.cocoapods.FirebaseMessaging', executablePath='<DVTFilePath:0xace74fa30:'/Users/macbook/Library/Developer/Xcode/Archives/2026-03-02/Refloor 3-2-26, 1.10 PM.xcarchive/Products/Applications/Refloor.app/Frameworks/FirebaseMessaging.framework/FirebaseMessaging'>', hardenedRuntime='0'>'>: {
}
2026-03-02 07:42:07 +0000  Associated App Clip Identifiers Filter: Skipping because "com.apple.developer.associated-appclip-app-identifiers" is not present
2026-03-02 07:42:07 +0000  Entitlements for <IDEDistributionItem: 0xace6b3f00; bundleID='org.cocoapods.FirebaseMessaging', path='<DVTFilePath:0xace74faa0:'/Users/macbook/Library/Developer/Xcode/Archives/2026-03-02/Refloor 3-2-26, 1.10 PM.xcarchive/Products/Applications/Refloor.app/Frameworks/FirebaseMessaging.framework'>', codeSigningInfo='<_DVTCodeSigningInformation_Path: 0xa798538a0; isSigned='1', isAdHocSigned='0', signingCertificate='<DVTSigningCertificate: 0xafa6ad500; name='Apple Development: Matthew Elias (5WL474P77Y)', hash='DB6CC57BBF17707F319BE0CD5155E70F3F088A25', serialNumber='38333F483CD67AA557B7C5B27DD5464C', certificateKinds='(
    "1.2.840.113635.100.6.1.12",
    "1.2.840.113635.100.6.1.2"
), issueDate='2025-08-11 05:52:50 +0000''>', entitlements='(null)', teamID='F8JN2G36QM', identifier='org.cocoapods.FirebaseMessaging', executablePath='<DVTFilePath:0xace74fa30:'/Users/macbook/Library/Developer/Xcode/Archives/2026-03-02/Refloor 3-2-26, 1.10 PM.xcarchive/Products/Applications/Refloor.app/Frameworks/FirebaseMessaging.framework/FirebaseMessaging'>', hardenedRuntime='0'>'> are: {
}
2026-03-02 07:42:07 +0000  Writing entitlements for <IDEDistributionItem: 0xace6b3f00; bundleID='org.cocoapods.FirebaseMessaging', path='<DVTFilePath:0xace74faa0:'/Users/macbook/Library/Developer/Xcode/Archives/2026-03-02/Refloor 3-2-26, 1.10 PM.xcarchive/Products/Applications/Refloor.app/Frameworks/FirebaseMessaging.framework'>', codeSigningInfo='<_DVTCodeSigningInformation_Path: 0xa798538a0; isSigned='1', isAdHocSigned='0', signingCertificate='<DVTSigningCertificate: 0xafa6ad500; name='Apple Development: Matthew Elias (5WL474P77Y)', hash='DB6CC57BBF17707F319BE0CD5155E70F3F088A25', serialNumber='38333F483CD67AA557B7C5B27DD5464C', certificateKinds='(
    "1.2.840.113635.100.6.1.12",
    "1.2.840.113635.100.6.1.2"
), issueDate='2025-08-11 05:52:50 +0000''>', entitlements='(null)', teamID='F8JN2G36QM', identifier='org.cocoapods.FirebaseMessaging', executablePath='<DVTFilePath:0xace74fa30:'/Users/macbook/Library/Developer/Xcode/Archives/2026-03-02/Refloor 3-2-26, 1.10 PM.xcarchive/Products/Applications/Refloor.app/Frameworks/FirebaseMessaging.framework/FirebaseMessaging'>', hardenedRuntime='0'>'> to: /var/folders/r3/81p5d_c505l5g5hf9p01yqdh0000gn/T/XcodeDistPipeline.~~~xtDOCp/entitlements~~~bCdLJZ
2026-03-02 07:42:07 +0000  invoking codesign: <NSConcreteTask: 0xb01e4c7d0; launchPath='/usr/bin/codesign', arguments='(
    "-f",
    "-s",
    6179D3F817E001159E608D43AF9CEF8975C575F3,
    "--entitlements",
    "/var/folders/r3/81p5d_c505l5g5hf9p01yqdh0000gn/T/XcodeDistPipeline.~~~xtDOCp/entitlements~~~bCdLJZ",
    "--preserve-metadata=identifier,flags,runtime,launch-constraints,library-constraints",
    "--generate-entitlement-der",
    "--strip-disallowed-xattrs",
    "-vvv",
    "/var/folders/r3/81p5d_c505l5g5hf9p01yqdh0000gn/T/XcodeDistPipeline.~~~xtDOCp/Root/Payload/Refloor.app/Frameworks/FirebaseMessaging.framework"
)'>
2026-03-02 07:42:07 +0000  codesign output: /var/folders/r3/81p5d_c505l5g5hf9p01yqdh0000gn/T/XcodeDistPipeline.~~~xtDOCp/Root/Payload/Refloor.app/Frameworks/FirebaseMessaging.framework: replacing existing signature
/var/folders/r3/81p5d_c505l5g5hf9p01yqdh0000gn/T/XcodeDistPipeline.~~~xtDOCp/Root/Payload/Refloor.app/Frameworks/FirebaseMessaging.framework: signed bundle with Mach-O thin (arm64) [org.cocoapods.FirebaseMessaging]
2026-03-02 07:42:07 +0000  Entitlements for <IDEDistributionItem: 0xa798bb1e0; bundleID='org.cocoapods.FirebaseRemoteConfigInterop', path='<DVTFilePath:0xb01c54180:'/Users/macbook/Library/Developer/Xcode/Archives/2026-03-02/Refloor 3-2-26, 1.10 PM.xcarchive/Products/Applications/Refloor.app/Frameworks/FirebaseRemoteConfigInterop.framework'>', codeSigningInfo='<_DVTCodeSigningInformation_Path: 0xa798bb480; isSigned='1', isAdHocSigned='0', signingCertificate='<DVTSigningCertificate: 0xafa6ad5c0; name='Apple Development: Matthew Elias (5WL474P77Y)', hash='DB6CC57BBF17707F319BE0CD5155E70F3F088A25', serialNumber='38333F483CD67AA557B7C5B27DD5464C', certificateKinds='(
    "1.2.840.113635.100.6.1.12",
    "1.2.840.113635.100.6.1.2"
), issueDate='2025-08-11 05:52:50 +0000''>', entitlements='(null)', teamID='F8JN2G36QM', identifier='org.cocoapods.FirebaseRemoteConfigInterop', executablePath='<DVTFilePath:0xace74f8e0:'/Users/macbook/Library/Developer/Xcode/Archives/2026-03-02/Refloor 3-2-26, 1.10 PM.xcarchive/Products/Applications/Refloor.app/Frameworks/FirebaseRemoteConfigInterop.framework/FirebaseRemoteConfigInterop'>', hardenedRuntime='0'>'>: {
}
2026-03-02 07:42:07 +0000  Associated App Clip Identifiers Filter: Skipping because "com.apple.developer.associated-appclip-app-identifiers" is not present
2026-03-02 07:42:07 +0000  Entitlements for <IDEDistributionItem: 0xa798bb1e0; bundleID='org.cocoapods.FirebaseRemoteConfigInterop', path='<DVTFilePath:0xb01c54180:'/Users/macbook/Library/Developer/Xcode/Archives/2026-03-02/Refloor 3-2-26, 1.10 PM.xcarchive/Products/Applications/Refloor.app/Frameworks/FirebaseRemoteConfigInterop.framework'>', codeSigningInfo='<_DVTCodeSigningInformation_Path: 0xa798bb480; isSigned='1', isAdHocSigned='0', signingCertificate='<DVTSigningCertificate: 0xafa6ad500; name='Apple Development: Matthew Elias (5WL474P77Y)', hash='DB6CC57BBF17707F319BE0CD5155E70F3F088A25', serialNumber='38333F483CD67AA557B7C5B27DD5464C', certificateKinds='(
    "1.2.840.113635.100.6.1.12",
    "1.2.840.113635.100.6.1.2"
), issueDate='2025-08-11 05:52:50 +0000''>', entitlements='(null)', teamID='F8JN2G36QM', identifier='org.cocoapods.FirebaseRemoteConfigInterop', executablePath='<DVTFilePath:0xace74f8e0:'/Users/macbook/Library/Developer/Xcode/Archives/2026-03-02/Refloor 3-2-26, 1.10 PM.xcarchive/Products/Applications/Refloor.app/Frameworks/FirebaseRemoteConfigInterop.framework/FirebaseRemoteConfigInterop'>', hardenedRuntime='0'>'> are: {
}
2026-03-02 07:42:07 +0000  Writing entitlements for <IDEDistributionItem: 0xa798bb1e0; bundleID='org.cocoapods.FirebaseRemoteConfigInterop', path='<DVTFilePath:0xb01c54180:'/Users/macbook/Library/Developer/Xcode/Archives/2026-03-02/Refloor 3-2-26, 1.10 PM.xcarchive/Products/Applications/Refloor.app/Frameworks/FirebaseRemoteConfigInterop.framework'>', codeSigningInfo='<_DVTCodeSigningInformation_Path: 0xa798bb480; isSigned='1', isAdHocSigned='0', signingCertificate='<DVTSigningCertificate: 0xafa6ad500; name='Apple Development: Matthew Elias (5WL474P77Y)', hash='DB6CC57BBF17707F319BE0CD5155E70F3F088A25', serialNumber='38333F483CD67AA557B7C5B27DD5464C', certificateKinds='(
    "1.2.840.113635.100.6.1.12",
    "1.2.840.113635.100.6.1.2"
), issueDate='2025-08-11 05:52:50 +0000''>', entitlements='(null)', teamID='F8JN2G36QM', identifier='org.cocoapods.FirebaseRemoteConfigInterop', executablePath='<DVTFilePath:0xace74f8e0:'/Users/macbook/Library/Developer/Xcode/Archives/2026-03-02/Refloor 3-2-26, 1.10 PM.xcarchive/Products/Applications/Refloor.app/Frameworks/FirebaseRemoteConfigInterop.framework/FirebaseRemoteConfigInterop'>', hardenedRuntime='0'>'> to: /var/folders/r3/81p5d_c505l5g5hf9p01yqdh0000gn/T/XcodeDistPipeline.~~~xtDOCp/entitlements~~~zWCgs9
2026-03-02 07:42:07 +0000  invoking codesign: <NSConcreteTask: 0xb01e4c7d0; launchPath='/usr/bin/codesign', arguments='(
    "-f",
    "-s",
    6179D3F817E001159E608D43AF9CEF8975C575F3,
    "--entitlements",
    "/var/folders/r3/81p5d_c505l5g5hf9p01yqdh0000gn/T/XcodeDistPipeline.~~~xtDOCp/entitlements~~~zWCgs9",
    "--preserve-metadata=identifier,flags,runtime,launch-constraints,library-constraints",
    "--generate-entitlement-der",
    "--strip-disallowed-xattrs",
    "-vvv",
    "/var/folders/r3/81p5d_c505l5g5hf9p01yqdh0000gn/T/XcodeDistPipeline.~~~xtDOCp/Root/Payload/Refloor.app/Frameworks/FirebaseRemoteConfigInterop.framework"
)'>
2026-03-02 07:42:07 +0000  codesign output: /var/folders/r3/81p5d_c505l5g5hf9p01yqdh0000gn/T/XcodeDistPipeline.~~~xtDOCp/Root/Payload/Refloor.app/Frameworks/FirebaseRemoteConfigInterop.framework: replacing existing signature
/var/folders/r3/81p5d_c505l5g5hf9p01yqdh0000gn/T/XcodeDistPipeline.~~~xtDOCp/Root/Payload/Refloor.app/Frameworks/FirebaseRemoteConfigInterop.framework: signed bundle with Mach-O thin (arm64) [org.cocoapods.FirebaseRemoteConfigInterop]
2026-03-02 07:42:07 +0000  Entitlements for <IDEDistributionItem: 0xa798b8720; bundleID='org.cocoapods.FirebaseSessions', path='<DVTFilePath:0xace74f870:'/Users/macbook/Library/Developer/Xcode/Archives/2026-03-02/Refloor 3-2-26, 1.10 PM.xcarchive/Products/Applications/Refloor.app/Frameworks/FirebaseSessions.framework'>', codeSigningInfo='<_DVTCodeSigningInformation_Path: 0xa798bb120; isSigned='1', isAdHocSigned='0', signingCertificate='<DVTSigningCertificate: 0xafa6ad5c0; name='Apple Development: Matthew Elias (5WL474P77Y)', hash='DB6CC57BBF17707F319BE0CD5155E70F3F088A25', serialNumber='38333F483CD67AA557B7C5B27DD5464C', certificateKinds='(
    "1.2.840.113635.100.6.1.12",
    "1.2.840.113635.100.6.1.2"
), issueDate='2025-08-11 05:52:50 +0000''>', entitlements='(null)', teamID='F8JN2G36QM', identifier='org.cocoapods.FirebaseSessions', executablePath='<DVTFilePath:0xace74f800:'/Users/macbook/Library/Developer/Xcode/Archives/2026-03-02/Refloor 3-2-26, 1.10 PM.xcarchive/Products/Applications/Refloor.app/Frameworks/FirebaseSessions.framework/FirebaseSessions'>', hardenedRuntime='0'>'>: {
}
2026-03-02 07:42:07 +0000  Associated App Clip Identifiers Filter: Skipping because "com.apple.developer.associated-appclip-app-identifiers" is not present
2026-03-02 07:42:07 +0000  Entitlements for <IDEDistributionItem: 0xa798b8720; bundleID='org.cocoapods.FirebaseSessions', path='<DVTFilePath:0xace74f870:'/Users/macbook/Library/Developer/Xcode/Archives/2026-03-02/Refloor 3-2-26, 1.10 PM.xcarchive/Products/Applications/Refloor.app/Frameworks/FirebaseSessions.framework'>', codeSigningInfo='<_DVTCodeSigningInformation_Path: 0xa798bb120; isSigned='1', isAdHocSigned='0', signingCertificate='<DVTSigningCertificate: 0xafa6ad500; name='Apple Development: Matthew Elias (5WL474P77Y)', hash='DB6CC57BBF17707F319BE0CD5155E70F3F088A25', serialNumber='38333F483CD67AA557B7C5B27DD5464C', certificateKinds='(
    "1.2.840.113635.100.6.1.12",
    "1.2.840.113635.100.6.1.2"
), issueDate='2025-08-11 05:52:50 +0000''>', entitlements='(null)', teamID='F8JN2G36QM', identifier='org.cocoapods.FirebaseSessions', executablePath='<DVTFilePath:0xace74f800:'/Users/macbook/Library/Developer/Xcode/Archives/2026-03-02/Refloor 3-2-26, 1.10 PM.xcarchive/Products/Applications/Refloor.app/Frameworks/FirebaseSessions.framework/FirebaseSessions'>', hardenedRuntime='0'>'> are: {
}
2026-03-02 07:42:07 +0000  Writing entitlements for <IDEDistributionItem: 0xa798b8720; bundleID='org.cocoapods.FirebaseSessions', path='<DVTFilePath:0xace74f870:'/Users/macbook/Library/Developer/Xcode/Archives/2026-03-02/Refloor 3-2-26, 1.10 PM.xcarchive/Products/Applications/Refloor.app/Frameworks/FirebaseSessions.framework'>', codeSigningInfo='<_DVTCodeSigningInformation_Path: 0xa798bb120; isSigned='1', isAdHocSigned='0', signingCertificate='<DVTSigningCertificate: 0xafa6ad500; name='Apple Development: Matthew Elias (5WL474P77Y)', hash='DB6CC57BBF17707F319BE0CD5155E70F3F088A25', serialNumber='38333F483CD67AA557B7C5B27DD5464C', certificateKinds='(
    "1.2.840.113635.100.6.1.12",
    "1.2.840.113635.100.6.1.2"
), issueDate='2025-08-11 05:52:50 +0000''>', entitlements='(null)', teamID='F8JN2G36QM', identifier='org.cocoapods.FirebaseSessions', executablePath='<DVTFilePath:0xace74f800:'/Users/macbook/Library/Developer/Xcode/Archives/2026-03-02/Refloor 3-2-26, 1.10 PM.xcarchive/Products/Applications/Refloor.app/Frameworks/FirebaseSessions.framework/FirebaseSessions'>', hardenedRuntime='0'>'> to: /var/folders/r3/81p5d_c505l5g5hf9p01yqdh0000gn/T/XcodeDistPipeline.~~~xtDOCp/entitlements~~~xycoTR
2026-03-02 07:42:07 +0000  invoking codesign: <NSConcreteTask: 0xb01e4c7d0; launchPath='/usr/bin/codesign', arguments='(
    "-f",
    "-s",
    6179D3F817E001159E608D43AF9CEF8975C575F3,
    "--entitlements",
    "/var/folders/r3/81p5d_c505l5g5hf9p01yqdh0000gn/T/XcodeDistPipeline.~~~xtDOCp/entitlements~~~xycoTR",
    "--preserve-metadata=identifier,flags,runtime,launch-constraints,library-constraints",
    "--generate-entitlement-der",
    "--strip-disallowed-xattrs",
    "-vvv",
    "/var/folders/r3/81p5d_c505l5g5hf9p01yqdh0000gn/T/XcodeDistPipeline.~~~xtDOCp/Root/Payload/Refloor.app/Frameworks/FirebaseSessions.framework"
)'>
2026-03-02 07:42:08 +0000  codesign output: /var/folders/r3/81p5d_c505l5g5hf9p01yqdh0000gn/T/XcodeDistPipeline.~~~xtDOCp/Root/Payload/Refloor.app/Frameworks/FirebaseSessions.framework: replacing existing signature
/var/folders/r3/81p5d_c505l5g5hf9p01yqdh0000gn/T/XcodeDistPipeline.~~~xtDOCp/Root/Payload/Refloor.app/Frameworks/FirebaseSessions.framework: signed bundle with Mach-O thin (arm64) [org.cocoapods.FirebaseSessions]
2026-03-02 07:42:08 +0000  Entitlements for <IDEDistributionItem: 0xace6a3c60; bundleID='org.cocoapods.FirebaseSharedSwift', path='<DVTFilePath:0xace74f720:'/Users/macbook/Library/Developer/Xcode/Archives/2026-03-02/Refloor 3-2-26, 1.10 PM.xcarchive/Products/Applications/Refloor.app/Frameworks/FirebaseSharedSwift.framework'>', codeSigningInfo='<_DVTCodeSigningInformation_Path: 0xa798534e0; isSigned='1', isAdHocSigned='0', signingCertificate='<DVTSigningCertificate: 0xafa6ad5c0; name='Apple Development: Matthew Elias (5WL474P77Y)', hash='DB6CC57BBF17707F319BE0CD5155E70F3F088A25', serialNumber='38333F483CD67AA557B7C5B27DD5464C', certificateKinds='(
    "1.2.840.113635.100.6.1.12",
    "1.2.840.113635.100.6.1.2"
), issueDate='2025-08-11 05:52:50 +0000''>', entitlements='(null)', teamID='F8JN2G36QM', identifier='org.cocoapods.FirebaseSharedSwift', executablePath='<DVTFilePath:0xace74f6b0:'/Users/macbook/Library/Developer/Xcode/Archives/2026-03-02/Refloor 3-2-26, 1.10 PM.xcarchive/Products/Applications/Refloor.app/Frameworks/FirebaseSharedSwift.framework/FirebaseSharedSwift'>', hardenedRuntime='0'>'>: {
}
2026-03-02 07:42:08 +0000  Associated App Clip Identifiers Filter: Skipping because "com.apple.developer.associated-appclip-app-identifiers" is not present
2026-03-02 07:42:08 +0000  Entitlements for <IDEDistributionItem: 0xace6a3c60; bundleID='org.cocoapods.FirebaseSharedSwift', path='<DVTFilePath:0xace74f720:'/Users/macbook/Library/Developer/Xcode/Archives/2026-03-02/Refloor 3-2-26, 1.10 PM.xcarchive/Products/Applications/Refloor.app/Frameworks/FirebaseSharedSwift.framework'>', codeSigningInfo='<_DVTCodeSigningInformation_Path: 0xa798534e0; isSigned='1', isAdHocSigned='0', signingCertificate='<DVTSigningCertificate: 0xafa6ad500; name='Apple Development: Matthew Elias (5WL474P77Y)', hash='DB6CC57BBF17707F319BE0CD5155E70F3F088A25', serialNumber='38333F483CD67AA557B7C5B27DD5464C', certificateKinds='(
    "1.2.840.113635.100.6.1.12",
    "1.2.840.113635.100.6.1.2"
), issueDate='2025-08-11 05:52:50 +0000''>', entitlements='(null)', teamID='F8JN2G36QM', identifier='org.cocoapods.FirebaseSharedSwift', executablePath='<DVTFilePath:0xace74f6b0:'/Users/macbook/Library/Developer/Xcode/Archives/2026-03-02/Refloor 3-2-26, 1.10 PM.xcarchive/Products/Applications/Refloor.app/Frameworks/FirebaseSharedSwift.framework/FirebaseSharedSwift'>', hardenedRuntime='0'>'> are: {
}
2026-03-02 07:42:08 +0000  Writing entitlements for <IDEDistributionItem: 0xace6a3c60; bundleID='org.cocoapods.FirebaseSharedSwift', path='<DVTFilePath:0xace74f720:'/Users/macbook/Library/Developer/Xcode/Archives/2026-03-02/Refloor 3-2-26, 1.10 PM.xcarchive/Products/Applications/Refloor.app/Frameworks/FirebaseSharedSwift.framework'>', codeSigningInfo='<_DVTCodeSigningInformation_Path: 0xa798534e0; isSigned='1', isAdHocSigned='0', signingCertificate='<DVTSigningCertificate: 0xafa6ad500; name='Apple Development: Matthew Elias (5WL474P77Y)', hash='DB6CC57BBF17707F319BE0CD5155E70F3F088A25', serialNumber='38333F483CD67AA557B7C5B27DD5464C', certificateKinds='(
    "1.2.840.113635.100.6.1.12",
    "1.2.840.113635.100.6.1.2"
), issueDate='2025-08-11 05:52:50 +0000''>', entitlements='(null)', teamID='F8JN2G36QM', identifier='org.cocoapods.FirebaseSharedSwift', executablePath='<DVTFilePath:0xace74f6b0:'/Users/macbook/Library/Developer/Xcode/Archives/2026-03-02/Refloor 3-2-26, 1.10 PM.xcarchive/Products/Applications/Refloor.app/Frameworks/FirebaseSharedSwift.framework/FirebaseSharedSwift'>', hardenedRuntime='0'>'> to: /var/folders/r3/81p5d_c505l5g5hf9p01yqdh0000gn/T/XcodeDistPipeline.~~~xtDOCp/entitlements~~~QPOmok
2026-03-02 07:42:08 +0000  invoking codesign: <NSConcreteTask: 0xb01e4c7d0; launchPath='/usr/bin/codesign', arguments='(
    "-f",
    "-s",
    6179D3F817E001159E608D43AF9CEF8975C575F3,
    "--entitlements",
    "/var/folders/r3/81p5d_c505l5g5hf9p01yqdh0000gn/T/XcodeDistPipeline.~~~xtDOCp/entitlements~~~QPOmok",
    "--preserve-metadata=identifier,flags,runtime,launch-constraints,library-constraints",
    "--generate-entitlement-der",
    "--strip-disallowed-xattrs",
    "-vvv",
    "/var/folders/r3/81p5d_c505l5g5hf9p01yqdh0000gn/T/XcodeDistPipeline.~~~xtDOCp/Root/Payload/Refloor.app/Frameworks/FirebaseSharedSwift.framework"
)'>
2026-03-02 07:42:08 +0000  codesign output: /var/folders/r3/81p5d_c505l5g5hf9p01yqdh0000gn/T/XcodeDistPipeline.~~~xtDOCp/Root/Payload/Refloor.app/Frameworks/FirebaseSharedSwift.framework: replacing existing signature
/var/folders/r3/81p5d_c505l5g5hf9p01yqdh0000gn/T/XcodeDistPipeline.~~~xtDOCp/Root/Payload/Refloor.app/Frameworks/FirebaseSharedSwift.framework: signed bundle with Mach-O thin (arm64) [org.cocoapods.FirebaseSharedSwift]
2026-03-02 07:42:08 +0000  Entitlements for <IDEDistributionItem: 0xa798b96e0; bundleID='org.cocoapods.GTMSessionFetcher', path='<DVTFilePath:0xace74f090:'/Users/macbook/Library/Developer/Xcode/Archives/2026-03-02/Refloor 3-2-26, 1.10 PM.xcarchive/Products/Applications/Refloor.app/Frameworks/GTMSessionFetcher.framework'>', codeSigningInfo='<_DVTCodeSigningInformation_Path: 0xa798bbe40; isSigned='1', isAdHocSigned='0', signingCertificate='<DVTSigningCertificate: 0xafa6ad5c0; name='Apple Development: Matthew Elias (5WL474P77Y)', hash='DB6CC57BBF17707F319BE0CD5155E70F3F088A25', serialNumber='38333F483CD67AA557B7C5B27DD5464C', certificateKinds='(
    "1.2.840.113635.100.6.1.12",
    "1.2.840.113635.100.6.1.2"
), issueDate='2025-08-11 05:52:50 +0000''>', entitlements='(null)', teamID='F8JN2G36QM', identifier='org.cocoapods.GTMSessionFetcher', executablePath='<DVTFilePath:0xace74f020:'/Users/macbook/Library/Developer/Xcode/Archives/2026-03-02/Refloor 3-2-26, 1.10 PM.xcarchive/Products/Applications/Refloor.app/Frameworks/GTMSessionFetcher.framework/GTMSessionFetcher'>', hardenedRuntime='0'>'>: {
}
2026-03-02 07:42:08 +0000  Associated App Clip Identifiers Filter: Skipping because "com.apple.developer.associated-appclip-app-identifiers" is not present
2026-03-02 07:42:08 +0000  Entitlements for <IDEDistributionItem: 0xa798b96e0; bundleID='org.cocoapods.GTMSessionFetcher', path='<DVTFilePath:0xace74f090:'/Users/macbook/Library/Developer/Xcode/Archives/2026-03-02/Refloor 3-2-26, 1.10 PM.xcarchive/Products/Applications/Refloor.app/Frameworks/GTMSessionFetcher.framework'>', codeSigningInfo='<_DVTCodeSigningInformation_Path: 0xa798bbe40; isSigned='1', isAdHocSigned='0', signingCertificate='<DVTSigningCertificate: 0xafa6ad500; name='Apple Development: Matthew Elias (5WL474P77Y)', hash='DB6CC57BBF17707F319BE0CD5155E70F3F088A25', serialNumber='38333F483CD67AA557B7C5B27DD5464C', certificateKinds='(
    "1.2.840.113635.100.6.1.12",
    "1.2.840.113635.100.6.1.2"
), issueDate='2025-08-11 05:52:50 +0000''>', entitlements='(null)', teamID='F8JN2G36QM', identifier='org.cocoapods.GTMSessionFetcher', executablePath='<DVTFilePath:0xace74f020:'/Users/macbook/Library/Developer/Xcode/Archives/2026-03-02/Refloor 3-2-26, 1.10 PM.xcarchive/Products/Applications/Refloor.app/Frameworks/GTMSessionFetcher.framework/GTMSessionFetcher'>', hardenedRuntime='0'>'> are: {
}
2026-03-02 07:42:08 +0000  Writing entitlements for <IDEDistributionItem: 0xa798b96e0; bundleID='org.cocoapods.GTMSessionFetcher', path='<DVTFilePath:0xace74f090:'/Users/macbook/Library/Developer/Xcode/Archives/2026-03-02/Refloor 3-2-26, 1.10 PM.xcarchive/Products/Applications/Refloor.app/Frameworks/GTMSessionFetcher.framework'>', codeSigningInfo='<_DVTCodeSigningInformation_Path: 0xa798bbe40; isSigned='1', isAdHocSigned='0', signingCertificate='<DVTSigningCertificate: 0xafa6ad500; name='Apple Development: Matthew Elias (5WL474P77Y)', hash='DB6CC57BBF17707F319BE0CD5155E70F3F088A25', serialNumber='38333F483CD67AA557B7C5B27DD5464C', certificateKinds='(
    "1.2.840.113635.100.6.1.12",
    "1.2.840.113635.100.6.1.2"
), issueDate='2025-08-11 05:52:50 +0000''>', entitlements='(null)', teamID='F8JN2G36QM', identifier='org.cocoapods.GTMSessionFetcher', executablePath='<DVTFilePath:0xace74f020:'/Users/macbook/Library/Developer/Xcode/Archives/2026-03-02/Refloor 3-2-26, 1.10 PM.xcarchive/Products/Applications/Refloor.app/Frameworks/GTMSessionFetcher.framework/GTMSessionFetcher'>', hardenedRuntime='0'>'> to: /var/folders/r3/81p5d_c505l5g5hf9p01yqdh0000gn/T/XcodeDistPipeline.~~~xtDOCp/entitlements~~~yUOF5N
2026-03-02 07:42:08 +0000  invoking codesign: <NSConcreteTask: 0xb01e4c7d0; launchPath='/usr/bin/codesign', arguments='(
    "-f",
    "-s",
    6179D3F817E001159E608D43AF9CEF8975C575F3,
    "--entitlements",
    "/var/folders/r3/81p5d_c505l5g5hf9p01yqdh0000gn/T/XcodeDistPipeline.~~~xtDOCp/entitlements~~~yUOF5N",
    "--preserve-metadata=identifier,flags,runtime,launch-constraints,library-constraints",
    "--generate-entitlement-der",
    "--strip-disallowed-xattrs",
    "-vvv",
    "/var/folders/r3/81p5d_c505l5g5hf9p01yqdh0000gn/T/XcodeDistPipeline.~~~xtDOCp/Root/Payload/Refloor.app/Frameworks/GTMSessionFetcher.framework"
)'>
2026-03-02 07:42:08 +0000  codesign output: /var/folders/r3/81p5d_c505l5g5hf9p01yqdh0000gn/T/XcodeDistPipeline.~~~xtDOCp/Root/Payload/Refloor.app/Frameworks/GTMSessionFetcher.framework: replacing existing signature
/var/folders/r3/81p5d_c505l5g5hf9p01yqdh0000gn/T/XcodeDistPipeline.~~~xtDOCp/Root/Payload/Refloor.app/Frameworks/GTMSessionFetcher.framework: signed bundle with Mach-O thin (arm64) [org.cocoapods.GTMSessionFetcher]
2026-03-02 07:42:08 +0000  Entitlements for <IDEDistributionItem: 0xa798ba640; bundleID='org.cocoapods.GoogleDataTransport', path='<DVTFilePath:0xace74f640:'/Users/macbook/Library/Developer/Xcode/Archives/2026-03-02/Refloor 3-2-26, 1.10 PM.xcarchive/Products/Applications/Refloor.app/Frameworks/GoogleDataTransport.framework'>', codeSigningInfo='<_DVTCodeSigningInformation_Path: 0xa798ba3a0; isSigned='1', isAdHocSigned='0', signingCertificate='<DVTSigningCertificate: 0xafa6ad5c0; name='Apple Development: Matthew Elias (5WL474P77Y)', hash='DB6CC57BBF17707F319BE0CD5155E70F3F088A25', serialNumber='38333F483CD67AA557B7C5B27DD5464C', certificateKinds='(
    "1.2.840.113635.100.6.1.12",
    "1.2.840.113635.100.6.1.2"
), issueDate='2025-08-11 05:52:50 +0000''>', entitlements='(null)', teamID='F8JN2G36QM', identifier='org.cocoapods.GoogleDataTransport', executablePath='<DVTFilePath:0xace74f5d0:'/Users/macbook/Library/Developer/Xcode/Archives/2026-03-02/Refloor 3-2-26, 1.10 PM.xcarchive/Products/Applications/Refloor.app/Frameworks/GoogleDataTransport.framework/GoogleDataTransport'>', hardenedRuntime='0'>'>: {
}
2026-03-02 07:42:08 +0000  Associated App Clip Identifiers Filter: Skipping because "com.apple.developer.associated-appclip-app-identifiers" is not present
2026-03-02 07:42:08 +0000  Entitlements for <IDEDistributionItem: 0xa798ba640; bundleID='org.cocoapods.GoogleDataTransport', path='<DVTFilePath:0xace74f640:'/Users/macbook/Library/Developer/Xcode/Archives/2026-03-02/Refloor 3-2-26, 1.10 PM.xcarchive/Products/Applications/Refloor.app/Frameworks/GoogleDataTransport.framework'>', codeSigningInfo='<_DVTCodeSigningInformation_Path: 0xa798ba3a0; isSigned='1', isAdHocSigned='0', signingCertificate='<DVTSigningCertificate: 0xafa6ad500; name='Apple Development: Matthew Elias (5WL474P77Y)', hash='DB6CC57BBF17707F319BE0CD5155E70F3F088A25', serialNumber='38333F483CD67AA557B7C5B27DD5464C', certificateKinds='(
    "1.2.840.113635.100.6.1.12",
    "1.2.840.113635.100.6.1.2"
), issueDate='2025-08-11 05:52:50 +0000''>', entitlements='(null)', teamID='F8JN2G36QM', identifier='org.cocoapods.GoogleDataTransport', executablePath='<DVTFilePath:0xace74f5d0:'/Users/macbook/Library/Developer/Xcode/Archives/2026-03-02/Refloor 3-2-26, 1.10 PM.xcarchive/Products/Applications/Refloor.app/Frameworks/GoogleDataTransport.framework/GoogleDataTransport'>', hardenedRuntime='0'>'> are: {
}
2026-03-02 07:42:08 +0000  Writing entitlements for <IDEDistributionItem: 0xa798ba640; bundleID='org.cocoapods.GoogleDataTransport', path='<DVTFilePath:0xace74f640:'/Users/macbook/Library/Developer/Xcode/Archives/2026-03-02/Refloor 3-2-26, 1.10 PM.xcarchive/Products/Applications/Refloor.app/Frameworks/GoogleDataTransport.framework'>', codeSigningInfo='<_DVTCodeSigningInformation_Path: 0xa798ba3a0; isSigned='1', isAdHocSigned='0', signingCertificate='<DVTSigningCertificate: 0xafa6ad500; name='Apple Development: Matthew Elias (5WL474P77Y)', hash='DB6CC57BBF17707F319BE0CD5155E70F3F088A25', serialNumber='38333F483CD67AA557B7C5B27DD5464C', certificateKinds='(
    "1.2.840.113635.100.6.1.12",
    "1.2.840.113635.100.6.1.2"
), issueDate='2025-08-11 05:52:50 +0000''>', entitlements='(null)', teamID='F8JN2G36QM', identifier='org.cocoapods.GoogleDataTransport', executablePath='<DVTFilePath:0xace74f5d0:'/Users/macbook/Library/Developer/Xcode/Archives/2026-03-02/Refloor 3-2-26, 1.10 PM.xcarchive/Products/Applications/Refloor.app/Frameworks/GoogleDataTransport.framework/GoogleDataTransport'>', hardenedRuntime='0'>'> to: /var/folders/r3/81p5d_c505l5g5hf9p01yqdh0000gn/T/XcodeDistPipeline.~~~xtDOCp/entitlements~~~yVsbjK
2026-03-02 07:42:08 +0000  invoking codesign: <NSConcreteTask: 0xb01e4c7d0; launchPath='/usr/bin/codesign', arguments='(
    "-f",
    "-s",
    6179D3F817E001159E608D43AF9CEF8975C575F3,
    "--entitlements",
    "/var/folders/r3/81p5d_c505l5g5hf9p01yqdh0000gn/T/XcodeDistPipeline.~~~xtDOCp/entitlements~~~yVsbjK",
    "--preserve-metadata=identifier,flags,runtime,launch-constraints,library-constraints",
    "--generate-entitlement-der",
    "--strip-disallowed-xattrs",
    "-vvv",
    "/var/folders/r3/81p5d_c505l5g5hf9p01yqdh0000gn/T/XcodeDistPipeline.~~~xtDOCp/Root/Payload/Refloor.app/Frameworks/GoogleDataTransport.framework"
)'>
2026-03-02 07:42:08 +0000  codesign output: /var/folders/r3/81p5d_c505l5g5hf9p01yqdh0000gn/T/XcodeDistPipeline.~~~xtDOCp/Root/Payload/Refloor.app/Frameworks/GoogleDataTransport.framework: replacing existing signature
/var/folders/r3/81p5d_c505l5g5hf9p01yqdh0000gn/T/XcodeDistPipeline.~~~xtDOCp/Root/Payload/Refloor.app/Frameworks/GoogleDataTransport.framework: signed bundle with Mach-O thin (arm64) [org.cocoapods.GoogleDataTransport]
2026-03-02 07:42:08 +0000  Entitlements for <IDEDistributionItem: 0xa798badc0; bundleID='org.cocoapods.GoogleUtilities', path='<DVTFilePath:0xace74f480:'/Users/macbook/Library/Developer/Xcode/Archives/2026-03-02/Refloor 3-2-26, 1.10 PM.xcarchive/Products/Applications/Refloor.app/Frameworks/GoogleUtilities.framework'>', codeSigningInfo='<_DVTCodeSigningInformation_Path: 0xa798bae20; isSigned='1', isAdHocSigned='0', signingCertificate='<DVTSigningCertificate: 0xafa6ad5c0; name='Apple Development: Matthew Elias (5WL474P77Y)', hash='DB6CC57BBF17707F319BE0CD5155E70F3F088A25', serialNumber='38333F483CD67AA557B7C5B27DD5464C', certificateKinds='(
    "1.2.840.113635.100.6.1.12",
    "1.2.840.113635.100.6.1.2"
), issueDate='2025-08-11 05:52:50 +0000''>', entitlements='(null)', teamID='F8JN2G36QM', identifier='org.cocoapods.GoogleUtilities', executablePath='<DVTFilePath:0xa798395c0:'/Users/macbook/Library/Developer/Xcode/Archives/2026-03-02/Refloor 3-2-26, 1.10 PM.xcarchive/Products/Applications/Refloor.app/Frameworks/GoogleUtilities.framework/GoogleUtilities'>', hardenedRuntime='0'>'>: {
}
2026-03-02 07:42:08 +0000  Associated App Clip Identifiers Filter: Skipping because "com.apple.developer.associated-appclip-app-identifiers" is not present
2026-03-02 07:42:08 +0000  Entitlements for <IDEDistributionItem: 0xa798badc0; bundleID='org.cocoapods.GoogleUtilities', path='<DVTFilePath:0xace74f480:'/Users/macbook/Library/Developer/Xcode/Archives/2026-03-02/Refloor 3-2-26, 1.10 PM.xcarchive/Products/Applications/Refloor.app/Frameworks/GoogleUtilities.framework'>', codeSigningInfo='<_DVTCodeSigningInformation_Path: 0xa798bae20; isSigned='1', isAdHocSigned='0', signingCertificate='<DVTSigningCertificate: 0xafa6ad500; name='Apple Development: Matthew Elias (5WL474P77Y)', hash='DB6CC57BBF17707F319BE0CD5155E70F3F088A25', serialNumber='38333F483CD67AA557B7C5B27DD5464C', certificateKinds='(
    "1.2.840.113635.100.6.1.12",
    "1.2.840.113635.100.6.1.2"
), issueDate='2025-08-11 05:52:50 +0000''>', entitlements='(null)', teamID='F8JN2G36QM', identifier='org.cocoapods.GoogleUtilities', executablePath='<DVTFilePath:0xa798395c0:'/Users/macbook/Library/Developer/Xcode/Archives/2026-03-02/Refloor 3-2-26, 1.10 PM.xcarchive/Products/Applications/Refloor.app/Frameworks/GoogleUtilities.framework/GoogleUtilities'>', hardenedRuntime='0'>'> are: {
}
2026-03-02 07:42:08 +0000  Writing entitlements for <IDEDistributionItem: 0xa798badc0; bundleID='org.cocoapods.GoogleUtilities', path='<DVTFilePath:0xace74f480:'/Users/macbook/Library/Developer/Xcode/Archives/2026-03-02/Refloor 3-2-26, 1.10 PM.xcarchive/Products/Applications/Refloor.app/Frameworks/GoogleUtilities.framework'>', codeSigningInfo='<_DVTCodeSigningInformation_Path: 0xa798bae20; isSigned='1', isAdHocSigned='0', signingCertificate='<DVTSigningCertificate: 0xafa6ad500; name='Apple Development: Matthew Elias (5WL474P77Y)', hash='DB6CC57BBF17707F319BE0CD5155E70F3F088A25', serialNumber='38333F483CD67AA557B7C5B27DD5464C', certificateKinds='(
    "1.2.840.113635.100.6.1.12",
    "1.2.840.113635.100.6.1.2"
), issueDate='2025-08-11 05:52:50 +0000''>', entitlements='(null)', teamID='F8JN2G36QM', identifier='org.cocoapods.GoogleUtilities', executablePath='<DVTFilePath:0xa798395c0:'/Users/macbook/Library/Developer/Xcode/Archives/2026-03-02/Refloor 3-2-26, 1.10 PM.xcarchive/Products/Applications/Refloor.app/Frameworks/GoogleUtilities.framework/GoogleUtilities'>', hardenedRuntime='0'>'> to: /var/folders/r3/81p5d_c505l5g5hf9p01yqdh0000gn/T/XcodeDistPipeline.~~~xtDOCp/entitlements~~~36hHMZ
2026-03-02 07:42:08 +0000  invoking codesign: <NSConcreteTask: 0xb01e4c7d0; launchPath='/usr/bin/codesign', arguments='(
    "-f",
    "-s",
    6179D3F817E001159E608D43AF9CEF8975C575F3,
    "--entitlements",
    "/var/folders/r3/81p5d_c505l5g5hf9p01yqdh0000gn/T/XcodeDistPipeline.~~~xtDOCp/entitlements~~~36hHMZ",
    "--preserve-metadata=identifier,flags,runtime,launch-constraints,library-constraints",
    "--generate-entitlement-der",
    "--strip-disallowed-xattrs",
    "-vvv",
    "/var/folders/r3/81p5d_c505l5g5hf9p01yqdh0000gn/T/XcodeDistPipeline.~~~xtDOCp/Root/Payload/Refloor.app/Frameworks/GoogleUtilities.framework"
)'>
2026-03-02 07:42:08 +0000  codesign output: /var/folders/r3/81p5d_c505l5g5hf9p01yqdh0000gn/T/XcodeDistPipeline.~~~xtDOCp/Root/Payload/Refloor.app/Frameworks/GoogleUtilities.framework: replacing existing signature
/var/folders/r3/81p5d_c505l5g5hf9p01yqdh0000gn/T/XcodeDistPipeline.~~~xtDOCp/Root/Payload/Refloor.app/Frameworks/GoogleUtilities.framework: signed bundle with Mach-O thin (arm64) [org.cocoapods.GoogleUtilities]
2026-03-02 07:42:08 +0000  Entitlements for <IDEDistributionItem: 0xa798bac40; bundleID='org.cocoapods.IQKeyboardManagerSwift', path='<DVTFilePath:0xb01c54300:'/Users/macbook/Library/Developer/Xcode/Archives/2026-03-02/Refloor 3-2-26, 1.10 PM.xcarchive/Products/Applications/Refloor.app/Frameworks/IQKeyboardManagerSwift.framework'>', codeSigningInfo='<_DVTCodeSigningInformation_Path: 0xa798babe0; isSigned='1', isAdHocSigned='0', signingCertificate='<DVTSigningCertificate: 0xafa6ad5c0; name='Apple Development: Matthew Elias (5WL474P77Y)', hash='DB6CC57BBF17707F319BE0CD5155E70F3F088A25', serialNumber='38333F483CD67AA557B7C5B27DD5464C', certificateKinds='(
    "1.2.840.113635.100.6.1.12",
    "1.2.840.113635.100.6.1.2"
), issueDate='2025-08-11 05:52:50 +0000''>', entitlements='(null)', teamID='F8JN2G36QM', identifier='org.cocoapods.IQKeyboardManagerSwift', executablePath='<DVTFilePath:0xace74ea00:'/Users/macbook/Library/Developer/Xcode/Archives/2026-03-02/Refloor 3-2-26, 1.10 PM.xcarchive/Products/Applications/Refloor.app/Frameworks/IQKeyboardManagerSwift.framework/IQKeyboardManagerSwift'>', hardenedRuntime='0'>'>: {
}
2026-03-02 07:42:08 +0000  Associated App Clip Identifiers Filter: Skipping because "com.apple.developer.associated-appclip-app-identifiers" is not present
2026-03-02 07:42:08 +0000  Entitlements for <IDEDistributionItem: 0xa798bac40; bundleID='org.cocoapods.IQKeyboardManagerSwift', path='<DVTFilePath:0xb01c54300:'/Users/macbook/Library/Developer/Xcode/Archives/2026-03-02/Refloor 3-2-26, 1.10 PM.xcarchive/Products/Applications/Refloor.app/Frameworks/IQKeyboardManagerSwift.framework'>', codeSigningInfo='<_DVTCodeSigningInformation_Path: 0xa798babe0; isSigned='1', isAdHocSigned='0', signingCertificate='<DVTSigningCertificate: 0xafa6ad500; name='Apple Development: Matthew Elias (5WL474P77Y)', hash='DB6CC57BBF17707F319BE0CD5155E70F3F088A25', serialNumber='38333F483CD67AA557B7C5B27DD5464C', certificateKinds='(
    "1.2.840.113635.100.6.1.12",
    "1.2.840.113635.100.6.1.2"
), issueDate='2025-08-11 05:52:50 +0000''>', entitlements='(null)', teamID='F8JN2G36QM', identifier='org.cocoapods.IQKeyboardManagerSwift', executablePath='<DVTFilePath:0xace74ea00:'/Users/macbook/Library/Developer/Xcode/Archives/2026-03-02/Refloor 3-2-26, 1.10 PM.xcarchive/Products/Applications/Refloor.app/Frameworks/IQKeyboardManagerSwift.framework/IQKeyboardManagerSwift'>', hardenedRuntime='0'>'> are: {
}
2026-03-02 07:42:08 +0000  Writing entitlements for <IDEDistributionItem: 0xa798bac40; bundleID='org.cocoapods.IQKeyboardManagerSwift', path='<DVTFilePath:0xb01c54300:'/Users/macbook/Library/Developer/Xcode/Archives/2026-03-02/Refloor 3-2-26, 1.10 PM.xcarchive/Products/Applications/Refloor.app/Frameworks/IQKeyboardManagerSwift.framework'>', codeSigningInfo='<_DVTCodeSigningInformation_Path: 0xa798babe0; isSigned='1', isAdHocSigned='0', signingCertificate='<DVTSigningCertificate: 0xafa6ad500; name='Apple Development: Matthew Elias (5WL474P77Y)', hash='DB6CC57BBF17707F319BE0CD5155E70F3F088A25', serialNumber='38333F483CD67AA557B7C5B27DD5464C', certificateKinds='(
    "1.2.840.113635.100.6.1.12",
    "1.2.840.113635.100.6.1.2"
), issueDate='2025-08-11 05:52:50 +0000''>', entitlements='(null)', teamID='F8JN2G36QM', identifier='org.cocoapods.IQKeyboardManagerSwift', executablePath='<DVTFilePath:0xace74ea00:'/Users/macbook/Library/Developer/Xcode/Archives/2026-03-02/Refloor 3-2-26, 1.10 PM.xcarchive/Products/Applications/Refloor.app/Frameworks/IQKeyboardManagerSwift.framework/IQKeyboardManagerSwift'>', hardenedRuntime='0'>'> to: /var/folders/r3/81p5d_c505l5g5hf9p01yqdh0000gn/T/XcodeDistPipeline.~~~xtDOCp/entitlements~~~NMFTha
2026-03-02 07:42:08 +0000  invoking codesign: <NSConcreteTask: 0xb01e4c7d0; launchPath='/usr/bin/codesign', arguments='(
    "-f",
    "-s",
    6179D3F817E001159E608D43AF9CEF8975C575F3,
    "--entitlements",
    "/var/folders/r3/81p5d_c505l5g5hf9p01yqdh0000gn/T/XcodeDistPipeline.~~~xtDOCp/entitlements~~~NMFTha",
    "--preserve-metadata=identifier,flags,runtime,launch-constraints,library-constraints",
    "--generate-entitlement-der",
    "--strip-disallowed-xattrs",
    "-vvv",
    "/var/folders/r3/81p5d_c505l5g5hf9p01yqdh0000gn/T/XcodeDistPipeline.~~~xtDOCp/Root/Payload/Refloor.app/Frameworks/IQKeyboardManagerSwift.framework"
)'>
2026-03-02 07:42:08 +0000  codesign output: /var/folders/r3/81p5d_c505l5g5hf9p01yqdh0000gn/T/XcodeDistPipeline.~~~xtDOCp/Root/Payload/Refloor.app/Frameworks/IQKeyboardManagerSwift.framework: replacing existing signature
/var/folders/r3/81p5d_c505l5g5hf9p01yqdh0000gn/T/XcodeDistPipeline.~~~xtDOCp/Root/Payload/Refloor.app/Frameworks/IQKeyboardManagerSwift.framework: signed bundle with Mach-O thin (arm64) [org.cocoapods.IQKeyboardManagerSwift]
2026-03-02 07:42:08 +0000  Entitlements for <IDEDistributionItem: 0xa798bafa0; bundleID='org.cocoapods.JWTCodable', path='<DVTFilePath:0xace74e920:'/Users/macbook/Library/Developer/Xcode/Archives/2026-03-02/Refloor 3-2-26, 1.10 PM.xcarchive/Products/Applications/Refloor.app/Frameworks/JWTCodable.framework'>', codeSigningInfo='<_DVTCodeSigningInformation_Path: 0xa798bb000; isSigned='1', isAdHocSigned='0', signingCertificate='<DVTSigningCertificate: 0xafa6ad5c0; name='Apple Development: Matthew Elias (5WL474P77Y)', hash='DB6CC57BBF17707F319BE0CD5155E70F3F088A25', serialNumber='38333F483CD67AA557B7C5B27DD5464C', certificateKinds='(
    "1.2.840.113635.100.6.1.12",
    "1.2.840.113635.100.6.1.2"
), issueDate='2025-08-11 05:52:50 +0000''>', entitlements='(null)', teamID='F8JN2G36QM', identifier='org.cocoapods.JWTCodable', executablePath='<DVTFilePath:0xa7983b300:'/Users/macbook/Library/Developer/Xcode/Archives/2026-03-02/Refloor 3-2-26, 1.10 PM.xcarchive/Products/Applications/Refloor.app/Frameworks/JWTCodable.framework/JWTCodable'>', hardenedRuntime='0'>'>: {
}
2026-03-02 07:42:08 +0000  Associated App Clip Identifiers Filter: Skipping because "com.apple.developer.associated-appclip-app-identifiers" is not present
2026-03-02 07:42:08 +0000  Entitlements for <IDEDistributionItem: 0xa798bafa0; bundleID='org.cocoapods.JWTCodable', path='<DVTFilePath:0xace74e920:'/Users/macbook/Library/Developer/Xcode/Archives/2026-03-02/Refloor 3-2-26, 1.10 PM.xcarchive/Products/Applications/Refloor.app/Frameworks/JWTCodable.framework'>', codeSigningInfo='<_DVTCodeSigningInformation_Path: 0xa798bb000; isSigned='1', isAdHocSigned='0', signingCertificate='<DVTSigningCertificate: 0xafa6ad500; name='Apple Development: Matthew Elias (5WL474P77Y)', hash='DB6CC57BBF17707F319BE0CD5155E70F3F088A25', serialNumber='38333F483CD67AA557B7C5B27DD5464C', certificateKinds='(
    "1.2.840.113635.100.6.1.12",
    "1.2.840.113635.100.6.1.2"
), issueDate='2025-08-11 05:52:50 +0000''>', entitlements='(null)', teamID='F8JN2G36QM', identifier='org.cocoapods.JWTCodable', executablePath='<DVTFilePath:0xa7983b300:'/Users/macbook/Library/Developer/Xcode/Archives/2026-03-02/Refloor 3-2-26, 1.10 PM.xcarchive/Products/Applications/Refloor.app/Frameworks/JWTCodable.framework/JWTCodable'>', hardenedRuntime='0'>'> are: {
}
2026-03-02 07:42:08 +0000  Writing entitlements for <IDEDistributionItem: 0xa798bafa0; bundleID='org.cocoapods.JWTCodable', path='<DVTFilePath:0xace74e920:'/Users/macbook/Library/Developer/Xcode/Archives/2026-03-02/Refloor 3-2-26, 1.10 PM.xcarchive/Products/Applications/Refloor.app/Frameworks/JWTCodable.framework'>', codeSigningInfo='<_DVTCodeSigningInformation_Path: 0xa798bb000; isSigned='1', isAdHocSigned='0', signingCertificate='<DVTSigningCertificate: 0xafa6ad500; name='Apple Development: Matthew Elias (5WL474P77Y)', hash='DB6CC57BBF17707F319BE0CD5155E70F3F088A25', serialNumber='38333F483CD67AA557B7C5B27DD5464C', certificateKinds='(
    "1.2.840.113635.100.6.1.12",
    "1.2.840.113635.100.6.1.2"
), issueDate='2025-08-11 05:52:50 +0000''>', entitlements='(null)', teamID='F8JN2G36QM', identifier='org.cocoapods.JWTCodable', executablePath='<DVTFilePath:0xa7983b300:'/Users/macbook/Library/Developer/Xcode/Archives/2026-03-02/Refloor 3-2-26, 1.10 PM.xcarchive/Products/Applications/Refloor.app/Frameworks/JWTCodable.framework/JWTCodable'>', hardenedRuntime='0'>'> to: /var/folders/r3/81p5d_c505l5g5hf9p01yqdh0000gn/T/XcodeDistPipeline.~~~xtDOCp/entitlements~~~U74ZRy
2026-03-02 07:42:08 +0000  invoking codesign: <NSConcreteTask: 0xb01e4c7d0; launchPath='/usr/bin/codesign', arguments='(
    "-f",
    "-s",
    6179D3F817E001159E608D43AF9CEF8975C575F3,
    "--entitlements",
    "/var/folders/r3/81p5d_c505l5g5hf9p01yqdh0000gn/T/XcodeDistPipeline.~~~xtDOCp/entitlements~~~U74ZRy",
    "--preserve-metadata=identifier,flags,runtime,launch-constraints,library-constraints",
    "--generate-entitlement-der",
    "--strip-disallowed-xattrs",
    "-vvv",
    "/var/folders/r3/81p5d_c505l5g5hf9p01yqdh0000gn/T/XcodeDistPipeline.~~~xtDOCp/Root/Payload/Refloor.app/Frameworks/JWTCodable.framework"
)'>
2026-03-02 07:42:08 +0000  codesign output: /var/folders/r3/81p5d_c505l5g5hf9p01yqdh0000gn/T/XcodeDistPipeline.~~~xtDOCp/Root/Payload/Refloor.app/Frameworks/JWTCodable.framework: replacing existing signature
/var/folders/r3/81p5d_c505l5g5hf9p01yqdh0000gn/T/XcodeDistPipeline.~~~xtDOCp/Root/Payload/Refloor.app/Frameworks/JWTCodable.framework: signed bundle with Mach-O thin (arm64) [org.cocoapods.JWTCodable]
2026-03-02 07:42:08 +0000  Entitlements for <IDEDistributionItem: 0xa798bb720; bundleID='org.cocoapods.KituraContracts', path='<DVTFilePath:0xace74e8b0:'/Users/macbook/Library/Developer/Xcode/Archives/2026-03-02/Refloor 3-2-26, 1.10 PM.xcarchive/Products/Applications/Refloor.app/Frameworks/KituraContracts.framework'>', codeSigningInfo='<_DVTCodeSigningInformation_Path: 0xa798bbae0; isSigned='1', isAdHocSigned='0', signingCertificate='<DVTSigningCertificate: 0xafa6ad5c0; name='Apple Development: Matthew Elias (5WL474P77Y)', hash='DB6CC57BBF17707F319BE0CD5155E70F3F088A25', serialNumber='38333F483CD67AA557B7C5B27DD5464C', certificateKinds='(
    "1.2.840.113635.100.6.1.12",
    "1.2.840.113635.100.6.1.2"
), issueDate='2025-08-11 05:52:50 +0000''>', entitlements='(null)', teamID='F8JN2G36QM', identifier='org.cocoapods.KituraContracts', executablePath='<DVTFilePath:0xa7983b660:'/Users/macbook/Library/Developer/Xcode/Archives/2026-03-02/Refloor 3-2-26, 1.10 PM.xcarchive/Products/Applications/Refloor.app/Frameworks/KituraContracts.framework/KituraContracts'>', hardenedRuntime='0'>'>: {
}
2026-03-02 07:42:08 +0000  Associated App Clip Identifiers Filter: Skipping because "com.apple.developer.associated-appclip-app-identifiers" is not present
2026-03-02 07:42:08 +0000  Entitlements for <IDEDistributionItem: 0xa798bb720; bundleID='org.cocoapods.KituraContracts', path='<DVTFilePath:0xace74e8b0:'/Users/macbook/Library/Developer/Xcode/Archives/2026-03-02/Refloor 3-2-26, 1.10 PM.xcarchive/Products/Applications/Refloor.app/Frameworks/KituraContracts.framework'>', codeSigningInfo='<_DVTCodeSigningInformation_Path: 0xa798bbae0; isSigned='1', isAdHocSigned='0', signingCertificate='<DVTSigningCertificate: 0xafa6ad500; name='Apple Development: Matthew Elias (5WL474P77Y)', hash='DB6CC57BBF17707F319BE0CD5155E70F3F088A25', serialNumber='38333F483CD67AA557B7C5B27DD5464C', certificateKinds='(
    "1.2.840.113635.100.6.1.12",
    "1.2.840.113635.100.6.1.2"
), issueDate='2025-08-11 05:52:50 +0000''>', entitlements='(null)', teamID='F8JN2G36QM', identifier='org.cocoapods.KituraContracts', executablePath='<DVTFilePath:0xa7983b660:'/Users/macbook/Library/Developer/Xcode/Archives/2026-03-02/Refloor 3-2-26, 1.10 PM.xcarchive/Products/Applications/Refloor.app/Frameworks/KituraContracts.framework/KituraContracts'>', hardenedRuntime='0'>'> are: {
}
2026-03-02 07:42:08 +0000  Writing entitlements for <IDEDistributionItem: 0xa798bb720; bundleID='org.cocoapods.KituraContracts', path='<DVTFilePath:0xace74e8b0:'/Users/macbook/Library/Developer/Xcode/Archives/2026-03-02/Refloor 3-2-26, 1.10 PM.xcarchive/Products/Applications/Refloor.app/Frameworks/KituraContracts.framework'>', codeSigningInfo='<_DVTCodeSigningInformation_Path: 0xa798bbae0; isSigned='1', isAdHocSigned='0', signingCertificate='<DVTSigningCertificate: 0xafa6ad500; name='Apple Development: Matthew Elias (5WL474P77Y)', hash='DB6CC57BBF17707F319BE0CD5155E70F3F088A25', serialNumber='38333F483CD67AA557B7C5B27DD5464C', certificateKinds='(
    "1.2.840.113635.100.6.1.12",
    "1.2.840.113635.100.6.1.2"
), issueDate='2025-08-11 05:52:50 +0000''>', entitlements='(null)', teamID='F8JN2G36QM', identifier='org.cocoapods.KituraContracts', executablePath='<DVTFilePath:0xa7983b660:'/Users/macbook/Library/Developer/Xcode/Archives/2026-03-02/Refloor 3-2-26, 1.10 PM.xcarchive/Products/Applications/Refloor.app/Frameworks/KituraContracts.framework/KituraContracts'>', hardenedRuntime='0'>'> to: /var/folders/r3/81p5d_c505l5g5hf9p01yqdh0000gn/T/XcodeDistPipeline.~~~xtDOCp/entitlements~~~nDpyhf
2026-03-02 07:42:08 +0000  invoking codesign: <NSConcreteTask: 0xb01e4c7d0; launchPath='/usr/bin/codesign', arguments='(
    "-f",
    "-s",
    6179D3F817E001159E608D43AF9CEF8975C575F3,
    "--entitlements",
    "/var/folders/r3/81p5d_c505l5g5hf9p01yqdh0000gn/T/XcodeDistPipeline.~~~xtDOCp/entitlements~~~nDpyhf",
    "--preserve-metadata=identifier,flags,runtime,launch-constraints,library-constraints",
    "--generate-entitlement-der",
    "--strip-disallowed-xattrs",
    "-vvv",
    "/var/folders/r3/81p5d_c505l5g5hf9p01yqdh0000gn/T/XcodeDistPipeline.~~~xtDOCp/Root/Payload/Refloor.app/Frameworks/KituraContracts.framework"
)'>
2026-03-02 07:42:08 +0000  codesign output: /var/folders/r3/81p5d_c505l5g5hf9p01yqdh0000gn/T/XcodeDistPipeline.~~~xtDOCp/Root/Payload/Refloor.app/Frameworks/KituraContracts.framework: replacing existing signature
/var/folders/r3/81p5d_c505l5g5hf9p01yqdh0000gn/T/XcodeDistPipeline.~~~xtDOCp/Root/Payload/Refloor.app/Frameworks/KituraContracts.framework: signed bundle with Mach-O thin (arm64) [org.cocoapods.KituraContracts]
2026-03-02 07:42:08 +0000  Entitlements for <IDEDistributionItem: 0xa79853f00; bundleID='org.cocoapods.LoggerAPI', path='<DVTFilePath:0xace74e530:'/Users/macbook/Library/Developer/Xcode/Archives/2026-03-02/Refloor 3-2-26, 1.10 PM.xcarchive/Products/Applications/Refloor.app/Frameworks/LoggerAPI.framework'>', codeSigningInfo='<_DVTCodeSigningInformation_Path: 0xa79853f60; isSigned='1', isAdHocSigned='0', signingCertificate='<DVTSigningCertificate: 0xafa6ad5c0; name='Apple Development: Matthew Elias (5WL474P77Y)', hash='DB6CC57BBF17707F319BE0CD5155E70F3F088A25', serialNumber='38333F483CD67AA557B7C5B27DD5464C', certificateKinds='(
    "1.2.840.113635.100.6.1.12",
    "1.2.840.113635.100.6.1.2"
), issueDate='2025-08-11 05:52:50 +0000''>', entitlements='(null)', teamID='F8JN2G36QM', identifier='org.cocoapods.LoggerAPI', executablePath='<DVTFilePath:0xa7983c240:'/Users/macbook/Library/Developer/Xcode/Archives/2026-03-02/Refloor 3-2-26, 1.10 PM.xcarchive/Products/Applications/Refloor.app/Frameworks/LoggerAPI.framework/LoggerAPI'>', hardenedRuntime='0'>'>: {
}
2026-03-02 07:42:08 +0000  Associated App Clip Identifiers Filter: Skipping because "com.apple.developer.associated-appclip-app-identifiers" is not present
2026-03-02 07:42:08 +0000  Entitlements for <IDEDistributionItem: 0xa79853f00; bundleID='org.cocoapods.LoggerAPI', path='<DVTFilePath:0xace74e530:'/Users/macbook/Library/Developer/Xcode/Archives/2026-03-02/Refloor 3-2-26, 1.10 PM.xcarchive/Products/Applications/Refloor.app/Frameworks/LoggerAPI.framework'>', codeSigningInfo='<_DVTCodeSigningInformation_Path: 0xa79853f60; isSigned='1', isAdHocSigned='0', signingCertificate='<DVTSigningCertificate: 0xafa6ad500; name='Apple Development: Matthew Elias (5WL474P77Y)', hash='DB6CC57BBF17707F319BE0CD5155E70F3F088A25', serialNumber='38333F483CD67AA557B7C5B27DD5464C', certificateKinds='(
    "1.2.840.113635.100.6.1.12",
    "1.2.840.113635.100.6.1.2"
), issueDate='2025-08-11 05:52:50 +0000''>', entitlements='(null)', teamID='F8JN2G36QM', identifier='org.cocoapods.LoggerAPI', executablePath='<DVTFilePath:0xa7983c240:'/Users/macbook/Library/Developer/Xcode/Archives/2026-03-02/Refloor 3-2-26, 1.10 PM.xcarchive/Products/Applications/Refloor.app/Frameworks/LoggerAPI.framework/LoggerAPI'>', hardenedRuntime='0'>'> are: {
}
2026-03-02 07:42:08 +0000  Writing entitlements for <IDEDistributionItem: 0xa79853f00; bundleID='org.cocoapods.LoggerAPI', path='<DVTFilePath:0xace74e530:'/Users/macbook/Library/Developer/Xcode/Archives/2026-03-02/Refloor 3-2-26, 1.10 PM.xcarchive/Products/Applications/Refloor.app/Frameworks/LoggerAPI.framework'>', codeSigningInfo='<_DVTCodeSigningInformation_Path: 0xa79853f60; isSigned='1', isAdHocSigned='0', signingCertificate='<DVTSigningCertificate: 0xafa6ad500; name='Apple Development: Matthew Elias (5WL474P77Y)', hash='DB6CC57BBF17707F319BE0CD5155E70F3F088A25', serialNumber='38333F483CD67AA557B7C5B27DD5464C', certificateKinds='(
    "1.2.840.113635.100.6.1.12",
    "1.2.840.113635.100.6.1.2"
), issueDate='2025-08-11 05:52:50 +0000''>', entitlements='(null)', teamID='F8JN2G36QM', identifier='org.cocoapods.LoggerAPI', executablePath='<DVTFilePath:0xa7983c240:'/Users/macbook/Library/Developer/Xcode/Archives/2026-03-02/Refloor 3-2-26, 1.10 PM.xcarchive/Products/Applications/Refloor.app/Frameworks/LoggerAPI.framework/LoggerAPI'>', hardenedRuntime='0'>'> to: /var/folders/r3/81p5d_c505l5g5hf9p01yqdh0000gn/T/XcodeDistPipeline.~~~xtDOCp/entitlements~~~rbrzWf
2026-03-02 07:42:08 +0000  invoking codesign: <NSConcreteTask: 0xb01e4c7d0; launchPath='/usr/bin/codesign', arguments='(
    "-f",
    "-s",
    6179D3F817E001159E608D43AF9CEF8975C575F3,
    "--entitlements",
    "/var/folders/r3/81p5d_c505l5g5hf9p01yqdh0000gn/T/XcodeDistPipeline.~~~xtDOCp/entitlements~~~rbrzWf",
    "--preserve-metadata=identifier,flags,runtime,launch-constraints,library-constraints",
    "--generate-entitlement-der",
    "--strip-disallowed-xattrs",
    "-vvv",
    "/var/folders/r3/81p5d_c505l5g5hf9p01yqdh0000gn/T/XcodeDistPipeline.~~~xtDOCp/Root/Payload/Refloor.app/Frameworks/LoggerAPI.framework"
)'>
2026-03-02 07:42:08 +0000  codesign output: /var/folders/r3/81p5d_c505l5g5hf9p01yqdh0000gn/T/XcodeDistPipeline.~~~xtDOCp/Root/Payload/Refloor.app/Frameworks/LoggerAPI.framework: replacing existing signature
/var/folders/r3/81p5d_c505l5g5hf9p01yqdh0000gn/T/XcodeDistPipeline.~~~xtDOCp/Root/Payload/Refloor.app/Frameworks/LoggerAPI.framework: signed bundle with Mach-O thin (arm64) [org.cocoapods.LoggerAPI]
2026-03-02 07:42:08 +0000  Entitlements for <IDEDistributionItem: 0xa798bbea0; bundleID='org.cocoapods.Logging', path='<DVTFilePath:0xace74e4c0:'/Users/macbook/Library/Developer/Xcode/Archives/2026-03-02/Refloor 3-2-26, 1.10 PM.xcarchive/Products/Applications/Refloor.app/Frameworks/Logging.framework'>', codeSigningInfo='<_DVTCodeSigningInformation_Path: 0xa798bbc00; isSigned='1', isAdHocSigned='0', signingCertificate='<DVTSigningCertificate: 0xafa6ad5c0; name='Apple Development: Matthew Elias (5WL474P77Y)', hash='DB6CC57BBF17707F319BE0CD5155E70F3F088A25', serialNumber='38333F483CD67AA557B7C5B27DD5464C', certificateKinds='(
    "1.2.840.113635.100.6.1.12",
    "1.2.840.113635.100.6.1.2"
), issueDate='2025-08-11 05:52:50 +0000''>', entitlements='(null)', teamID='F8JN2G36QM', identifier='org.cocoapods.Logging', executablePath='<DVTFilePath:0xa7983c5a0:'/Users/macbook/Library/Developer/Xcode/Archives/2026-03-02/Refloor 3-2-26, 1.10 PM.xcarchive/Products/Applications/Refloor.app/Frameworks/Logging.framework/Logging'>', hardenedRuntime='0'>'>: {
}
2026-03-02 07:42:08 +0000  Associated App Clip Identifiers Filter: Skipping because "com.apple.developer.associated-appclip-app-identifiers" is not present
2026-03-02 07:42:08 +0000  Entitlements for <IDEDistributionItem: 0xa798bbea0; bundleID='org.cocoapods.Logging', path='<DVTFilePath:0xace74e4c0:'/Users/macbook/Library/Developer/Xcode/Archives/2026-03-02/Refloor 3-2-26, 1.10 PM.xcarchive/Products/Applications/Refloor.app/Frameworks/Logging.framework'>', codeSigningInfo='<_DVTCodeSigningInformation_Path: 0xa798bbc00; isSigned='1', isAdHocSigned='0', signingCertificate='<DVTSigningCertificate: 0xafa6ad500; name='Apple Development: Matthew Elias (5WL474P77Y)', hash='DB6CC57BBF17707F319BE0CD5155E70F3F088A25', serialNumber='38333F483CD67AA557B7C5B27DD5464C', certificateKinds='(
    "1.2.840.113635.100.6.1.12",
    "1.2.840.113635.100.6.1.2"
), issueDate='2025-08-11 05:52:50 +0000''>', entitlements='(null)', teamID='F8JN2G36QM', identifier='org.cocoapods.Logging', executablePath='<DVTFilePath:0xa7983c5a0:'/Users/macbook/Library/Developer/Xcode/Archives/2026-03-02/Refloor 3-2-26, 1.10 PM.xcarchive/Products/Applications/Refloor.app/Frameworks/Logging.framework/Logging'>', hardenedRuntime='0'>'> are: {
}
2026-03-02 07:42:08 +0000  Writing entitlements for <IDEDistributionItem: 0xa798bbea0; bundleID='org.cocoapods.Logging', path='<DVTFilePath:0xace74e4c0:'/Users/macbook/Library/Developer/Xcode/Archives/2026-03-02/Refloor 3-2-26, 1.10 PM.xcarchive/Products/Applications/Refloor.app/Frameworks/Logging.framework'>', codeSigningInfo='<_DVTCodeSigningInformation_Path: 0xa798bbc00; isSigned='1', isAdHocSigned='0', signingCertificate='<DVTSigningCertificate: 0xafa6ad500; name='Apple Development: Matthew Elias (5WL474P77Y)', hash='DB6CC57BBF17707F319BE0CD5155E70F3F088A25', serialNumber='38333F483CD67AA557B7C5B27DD5464C', certificateKinds='(
    "1.2.840.113635.100.6.1.12",
    "1.2.840.113635.100.6.1.2"
), issueDate='2025-08-11 05:52:50 +0000''>', entitlements='(null)', teamID='F8JN2G36QM', identifier='org.cocoapods.Logging', executablePath='<DVTFilePath:0xa7983c5a0:'/Users/macbook/Library/Developer/Xcode/Archives/2026-03-02/Refloor 3-2-26, 1.10 PM.xcarchive/Products/Applications/Refloor.app/Frameworks/Logging.framework/Logging'>', hardenedRuntime='0'>'> to: /var/folders/r3/81p5d_c505l5g5hf9p01yqdh0000gn/T/XcodeDistPipeline.~~~xtDOCp/entitlements~~~13vxYo
2026-03-02 07:42:08 +0000  invoking codesign: <NSConcreteTask: 0xb01e4c7d0; launchPath='/usr/bin/codesign', arguments='(
    "-f",
    "-s",
    6179D3F817E001159E608D43AF9CEF8975C575F3,
    "--entitlements",
    "/var/folders/r3/81p5d_c505l5g5hf9p01yqdh0000gn/T/XcodeDistPipeline.~~~xtDOCp/entitlements~~~13vxYo",
    "--preserve-metadata=identifier,flags,runtime,launch-constraints,library-constraints",
    "--generate-entitlement-der",
    "--strip-disallowed-xattrs",
    "-vvv",
    "/var/folders/r3/81p5d_c505l5g5hf9p01yqdh0000gn/T/XcodeDistPipeline.~~~xtDOCp/Root/Payload/Refloor.app/Frameworks/Logging.framework"
)'>
2026-03-02 07:42:08 +0000  codesign output: /var/folders/r3/81p5d_c505l5g5hf9p01yqdh0000gn/T/XcodeDistPipeline.~~~xtDOCp/Root/Payload/Refloor.app/Frameworks/Logging.framework: replacing existing signature
/var/folders/r3/81p5d_c505l5g5hf9p01yqdh0000gn/T/XcodeDistPipeline.~~~xtDOCp/Root/Payload/Refloor.app/Frameworks/Logging.framework: signed bundle with Mach-O thin (arm64) [org.cocoapods.Logging]
2026-03-02 07:42:08 +0000  Entitlements for <IDEDistributionItem: 0xa798b9ec0; bundleID='org.cocoapods.MaterialShowcase', path='<DVTFilePath:0xace74e450:'/Users/macbook/Library/Developer/Xcode/Archives/2026-03-02/Refloor 3-2-26, 1.10 PM.xcarchive/Products/Applications/Refloor.app/Frameworks/MaterialShowcase.framework'>', codeSigningInfo='<_DVTCodeSigningInformation_Path: 0xa798bb0c0; isSigned='1', isAdHocSigned='0', signingCertificate='<DVTSigningCertificate: 0xafa6ad5c0; name='Apple Development: Matthew Elias (5WL474P77Y)', hash='DB6CC57BBF17707F319BE0CD5155E70F3F088A25', serialNumber='38333F483CD67AA557B7C5B27DD5464C', certificateKinds='(
    "1.2.840.113635.100.6.1.12",
    "1.2.840.113635.100.6.1.2"
), issueDate='2025-08-11 05:52:50 +0000''>', entitlements='(null)', teamID='F8JN2G36QM', identifier='org.cocoapods.MaterialShowcase', executablePath='<DVTFilePath:0xace74e370:'/Users/macbook/Library/Developer/Xcode/Archives/2026-03-02/Refloor 3-2-26, 1.10 PM.xcarchive/Products/Applications/Refloor.app/Frameworks/MaterialShowcase.framework/MaterialShowcase'>', hardenedRuntime='0'>'>: {
}
2026-03-02 07:42:08 +0000  Associated App Clip Identifiers Filter: Skipping because "com.apple.developer.associated-appclip-app-identifiers" is not present
2026-03-02 07:42:08 +0000  Entitlements for <IDEDistributionItem: 0xa798b9ec0; bundleID='org.cocoapods.MaterialShowcase', path='<DVTFilePath:0xace74e450:'/Users/macbook/Library/Developer/Xcode/Archives/2026-03-02/Refloor 3-2-26, 1.10 PM.xcarchive/Products/Applications/Refloor.app/Frameworks/MaterialShowcase.framework'>', codeSigningInfo='<_DVTCodeSigningInformation_Path: 0xa798bb0c0; isSigned='1', isAdHocSigned='0', signingCertificate='<DVTSigningCertificate: 0xafa6ad500; name='Apple Development: Matthew Elias (5WL474P77Y)', hash='DB6CC57BBF17707F319BE0CD5155E70F3F088A25', serialNumber='38333F483CD67AA557B7C5B27DD5464C', certificateKinds='(
    "1.2.840.113635.100.6.1.12",
    "1.2.840.113635.100.6.1.2"
), issueDate='2025-08-11 05:52:50 +0000''>', entitlements='(null)', teamID='F8JN2G36QM', identifier='org.cocoapods.MaterialShowcase', executablePath='<DVTFilePath:0xace74e370:'/Users/macbook/Library/Developer/Xcode/Archives/2026-03-02/Refloor 3-2-26, 1.10 PM.xcarchive/Products/Applications/Refloor.app/Frameworks/MaterialShowcase.framework/MaterialShowcase'>', hardenedRuntime='0'>'> are: {
}
2026-03-02 07:42:08 +0000  Writing entitlements for <IDEDistributionItem: 0xa798b9ec0; bundleID='org.cocoapods.MaterialShowcase', path='<DVTFilePath:0xace74e450:'/Users/macbook/Library/Developer/Xcode/Archives/2026-03-02/Refloor 3-2-26, 1.10 PM.xcarchive/Products/Applications/Refloor.app/Frameworks/MaterialShowcase.framework'>', codeSigningInfo='<_DVTCodeSigningInformation_Path: 0xa798bb0c0; isSigned='1', isAdHocSigned='0', signingCertificate='<DVTSigningCertificate: 0xafa6ad500; name='Apple Development: Matthew Elias (5WL474P77Y)', hash='DB6CC57BBF17707F319BE0CD5155E70F3F088A25', serialNumber='38333F483CD67AA557B7C5B27DD5464C', certificateKinds='(
    "1.2.840.113635.100.6.1.12",
    "1.2.840.113635.100.6.1.2"
), issueDate='2025-08-11 05:52:50 +0000''>', entitlements='(null)', teamID='F8JN2G36QM', identifier='org.cocoapods.MaterialShowcase', executablePath='<DVTFilePath:0xace74e370:'/Users/macbook/Library/Developer/Xcode/Archives/2026-03-02/Refloor 3-2-26, 1.10 PM.xcarchive/Products/Applications/Refloor.app/Frameworks/MaterialShowcase.framework/MaterialShowcase'>', hardenedRuntime='0'>'> to: /var/folders/r3/81p5d_c505l5g5hf9p01yqdh0000gn/T/XcodeDistPipeline.~~~xtDOCp/entitlements~~~fumhOg
2026-03-02 07:42:08 +0000  invoking codesign: <NSConcreteTask: 0xb01e4c7d0; launchPath='/usr/bin/codesign', arguments='(
    "-f",
    "-s",
    6179D3F817E001159E608D43AF9CEF8975C575F3,
    "--entitlements",
    "/var/folders/r3/81p5d_c505l5g5hf9p01yqdh0000gn/T/XcodeDistPipeline.~~~xtDOCp/entitlements~~~fumhOg",
    "--preserve-metadata=identifier,flags,runtime,launch-constraints,library-constraints",
    "--generate-entitlement-der",
    "--strip-disallowed-xattrs",
    "-vvv",
    "/var/folders/r3/81p5d_c505l5g5hf9p01yqdh0000gn/T/XcodeDistPipeline.~~~xtDOCp/Root/Payload/Refloor.app/Frameworks/MaterialShowcase.framework"
)'>
2026-03-02 07:42:08 +0000  codesign output: /var/folders/r3/81p5d_c505l5g5hf9p01yqdh0000gn/T/XcodeDistPipeline.~~~xtDOCp/Root/Payload/Refloor.app/Frameworks/MaterialShowcase.framework: replacing existing signature
/var/folders/r3/81p5d_c505l5g5hf9p01yqdh0000gn/T/XcodeDistPipeline.~~~xtDOCp/Root/Payload/Refloor.app/Frameworks/MaterialShowcase.framework: signed bundle with Mach-O thin (arm64) [org.cocoapods.MaterialShowcase]
2026-03-02 07:42:08 +0000  Entitlements for <IDEDistributionItem: 0xace73e040; bundleID='org.cocoapods.ObjectMapper', path='<DVTFilePath:0xace74fbf0:'/Users/macbook/Library/Developer/Xcode/Archives/2026-03-02/Refloor 3-2-26, 1.10 PM.xcarchive/Products/Applications/Refloor.app/Frameworks/ObjectMapper.framework'>', codeSigningInfo='<_DVTCodeSigningInformation_Path: 0xae332d740; isSigned='1', isAdHocSigned='0', signingCertificate='<DVTSigningCertificate: 0xafa6ad5c0; name='Apple Development: Matthew Elias (5WL474P77Y)', hash='DB6CC57BBF17707F319BE0CD5155E70F3F088A25', serialNumber='38333F483CD67AA557B7C5B27DD5464C', certificateKinds='(
    "1.2.840.113635.100.6.1.12",
    "1.2.840.113635.100.6.1.2"
), issueDate='2025-08-11 05:52:50 +0000''>', entitlements='(null)', teamID='F8JN2G36QM', identifier='org.cocoapods.ObjectMapper', executablePath='<DVTFilePath:0xa7983d3e0:'/Users/macbook/Library/Developer/Xcode/Archives/2026-03-02/Refloor 3-2-26, 1.10 PM.xcarchive/Products/Applications/Refloor.app/Frameworks/ObjectMapper.framework/ObjectMapper'>', hardenedRuntime='0'>'>: {
}
2026-03-02 07:42:08 +0000  Associated App Clip Identifiers Filter: Skipping because "com.apple.developer.associated-appclip-app-identifiers" is not present
2026-03-02 07:42:08 +0000  Entitlements for <IDEDistributionItem: 0xace73e040; bundleID='org.cocoapods.ObjectMapper', path='<DVTFilePath:0xace74fbf0:'/Users/macbook/Library/Developer/Xcode/Archives/2026-03-02/Refloor 3-2-26, 1.10 PM.xcarchive/Products/Applications/Refloor.app/Frameworks/ObjectMapper.framework'>', codeSigningInfo='<_DVTCodeSigningInformation_Path: 0xae332d740; isSigned='1', isAdHocSigned='0', signingCertificate='<DVTSigningCertificate: 0xafa6ad500; name='Apple Development: Matthew Elias (5WL474P77Y)', hash='DB6CC57BBF17707F319BE0CD5155E70F3F088A25', serialNumber='38333F483CD67AA557B7C5B27DD5464C', certificateKinds='(
    "1.2.840.113635.100.6.1.12",
    "1.2.840.113635.100.6.1.2"
), issueDate='2025-08-11 05:52:50 +0000''>', entitlements='(null)', teamID='F8JN2G36QM', identifier='org.cocoapods.ObjectMapper', executablePath='<DVTFilePath:0xa7983d3e0:'/Users/macbook/Library/Developer/Xcode/Archives/2026-03-02/Refloor 3-2-26, 1.10 PM.xcarchive/Products/Applications/Refloor.app/Frameworks/ObjectMapper.framework/ObjectMapper'>', hardenedRuntime='0'>'> are: {
}
2026-03-02 07:42:08 +0000  Writing entitlements for <IDEDistributionItem: 0xace73e040; bundleID='org.cocoapods.ObjectMapper', path='<DVTFilePath:0xace74fbf0:'/Users/macbook/Library/Developer/Xcode/Archives/2026-03-02/Refloor 3-2-26, 1.10 PM.xcarchive/Products/Applications/Refloor.app/Frameworks/ObjectMapper.framework'>', codeSigningInfo='<_DVTCodeSigningInformation_Path: 0xae332d740; isSigned='1', isAdHocSigned='0', signingCertificate='<DVTSigningCertificate: 0xafa6ad500; name='Apple Development: Matthew Elias (5WL474P77Y)', hash='DB6CC57BBF17707F319BE0CD5155E70F3F088A25', serialNumber='38333F483CD67AA557B7C5B27DD5464C', certificateKinds='(
    "1.2.840.113635.100.6.1.12",
    "1.2.840.113635.100.6.1.2"
), issueDate='2025-08-11 05:52:50 +0000''>', entitlements='(null)', teamID='F8JN2G36QM', identifier='org.cocoapods.ObjectMapper', executablePath='<DVTFilePath:0xa7983d3e0:'/Users/macbook/Library/Developer/Xcode/Archives/2026-03-02/Refloor 3-2-26, 1.10 PM.xcarchive/Products/Applications/Refloor.app/Frameworks/ObjectMapper.framework/ObjectMapper'>', hardenedRuntime='0'>'> to: /var/folders/r3/81p5d_c505l5g5hf9p01yqdh0000gn/T/XcodeDistPipeline.~~~xtDOCp/entitlements~~~YTF0da
2026-03-02 07:42:08 +0000  invoking codesign: <NSConcreteTask: 0xb01e4c7d0; launchPath='/usr/bin/codesign', arguments='(
    "-f",
    "-s",
    6179D3F817E001159E608D43AF9CEF8975C575F3,
    "--entitlements",
    "/var/folders/r3/81p5d_c505l5g5hf9p01yqdh0000gn/T/XcodeDistPipeline.~~~xtDOCp/entitlements~~~YTF0da",
    "--preserve-metadata=identifier,flags,runtime,launch-constraints,library-constraints",
    "--generate-entitlement-der",
    "--strip-disallowed-xattrs",
    "-vvv",
    "/var/folders/r3/81p5d_c505l5g5hf9p01yqdh0000gn/T/XcodeDistPipeline.~~~xtDOCp/Root/Payload/Refloor.app/Frameworks/ObjectMapper.framework"
)'>
2026-03-02 07:42:08 +0000  codesign output: /var/folders/r3/81p5d_c505l5g5hf9p01yqdh0000gn/T/XcodeDistPipeline.~~~xtDOCp/Root/Payload/Refloor.app/Frameworks/ObjectMapper.framework: replacing existing signature
/var/folders/r3/81p5d_c505l5g5hf9p01yqdh0000gn/T/XcodeDistPipeline.~~~xtDOCp/Root/Payload/Refloor.app/Frameworks/ObjectMapper.framework: signed bundle with Mach-O thin (arm64) [org.cocoapods.ObjectMapper]
2026-03-02 07:42:08 +0000  Entitlements for <IDEDistributionItem: 0xad92a93e0; bundleID='org.cocoapods.ObjectMapper-Realm', path='<DVTFilePath:0xace74e220:'/Users/macbook/Library/Developer/Xcode/Archives/2026-03-02/Refloor 3-2-26, 1.10 PM.xcarchive/Products/Applications/Refloor.app/Frameworks/ObjectMapper_Realm.framework'>', codeSigningInfo='<_DVTCodeSigningInformation_Path: 0xace72ebe0; isSigned='1', isAdHocSigned='0', signingCertificate='<DVTSigningCertificate: 0xafa6ad5c0; name='Apple Development: Matthew Elias (5WL474P77Y)', hash='DB6CC57BBF17707F319BE0CD5155E70F3F088A25', serialNumber='38333F483CD67AA557B7C5B27DD5464C', certificateKinds='(
    "1.2.840.113635.100.6.1.12",
    "1.2.840.113635.100.6.1.2"
), issueDate='2025-08-11 05:52:50 +0000''>', entitlements='(null)', teamID='F8JN2G36QM', identifier='org.cocoapods.ObjectMapper-Realm', executablePath='<DVTFilePath:0xace74c070:'/Users/macbook/Library/Developer/Xcode/Archives/2026-03-02/Refloor 3-2-26, 1.10 PM.xcarchive/Products/Applications/Refloor.app/Frameworks/ObjectMapper_Realm.framework/ObjectMapper_Realm'>', hardenedRuntime='0'>'>: {
}
2026-03-02 07:42:08 +0000  Associated App Clip Identifiers Filter: Skipping because "com.apple.developer.associated-appclip-app-identifiers" is not present
2026-03-02 07:42:08 +0000  Entitlements for <IDEDistributionItem: 0xad92a93e0; bundleID='org.cocoapods.ObjectMapper-Realm', path='<DVTFilePath:0xace74e220:'/Users/macbook/Library/Developer/Xcode/Archives/2026-03-02/Refloor 3-2-26, 1.10 PM.xcarchive/Products/Applications/Refloor.app/Frameworks/ObjectMapper_Realm.framework'>', codeSigningInfo='<_DVTCodeSigningInformation_Path: 0xace72ebe0; isSigned='1', isAdHocSigned='0', signingCertificate='<DVTSigningCertificate: 0xafa6ad500; name='Apple Development: Matthew Elias (5WL474P77Y)', hash='DB6CC57BBF17707F319BE0CD5155E70F3F088A25', serialNumber='38333F483CD67AA557B7C5B27DD5464C', certificateKinds='(
    "1.2.840.113635.100.6.1.12",
    "1.2.840.113635.100.6.1.2"
), issueDate='2025-08-11 05:52:50 +0000''>', entitlements='(null)', teamID='F8JN2G36QM', identifier='org.cocoapods.ObjectMapper-Realm', executablePath='<DVTFilePath:0xace74c070:'/Users/macbook/Library/Developer/Xcode/Archives/2026-03-02/Refloor 3-2-26, 1.10 PM.xcarchive/Products/Applications/Refloor.app/Frameworks/ObjectMapper_Realm.framework/ObjectMapper_Realm'>', hardenedRuntime='0'>'> are: {
}
2026-03-02 07:42:08 +0000  Writing entitlements for <IDEDistributionItem: 0xad92a93e0; bundleID='org.cocoapods.ObjectMapper-Realm', path='<DVTFilePath:0xace74e220:'/Users/macbook/Library/Developer/Xcode/Archives/2026-03-02/Refloor 3-2-26, 1.10 PM.xcarchive/Products/Applications/Refloor.app/Frameworks/ObjectMapper_Realm.framework'>', codeSigningInfo='<_DVTCodeSigningInformation_Path: 0xace72ebe0; isSigned='1', isAdHocSigned='0', signingCertificate='<DVTSigningCertificate: 0xafa6ad500; name='Apple Development: Matthew Elias (5WL474P77Y)', hash='DB6CC57BBF17707F319BE0CD5155E70F3F088A25', serialNumber='38333F483CD67AA557B7C5B27DD5464C', certificateKinds='(
    "1.2.840.113635.100.6.1.12",
    "1.2.840.113635.100.6.1.2"
), issueDate='2025-08-11 05:52:50 +0000''>', entitlements='(null)', teamID='F8JN2G36QM', identifier='org.cocoapods.ObjectMapper-Realm', executablePath='<DVTFilePath:0xace74c070:'/Users/macbook/Library/Developer/Xcode/Archives/2026-03-02/Refloor 3-2-26, 1.10 PM.xcarchive/Products/Applications/Refloor.app/Frameworks/ObjectMapper_Realm.framework/ObjectMapper_Realm'>', hardenedRuntime='0'>'> to: /var/folders/r3/81p5d_c505l5g5hf9p01yqdh0000gn/T/XcodeDistPipeline.~~~xtDOCp/entitlements~~~3FoWon
2026-03-02 07:42:08 +0000  invoking codesign: <NSConcreteTask: 0xb01e4c7d0; launchPath='/usr/bin/codesign', arguments='(
    "-f",
    "-s",
    6179D3F817E001159E608D43AF9CEF8975C575F3,
    "--entitlements",
    "/var/folders/r3/81p5d_c505l5g5hf9p01yqdh0000gn/T/XcodeDistPipeline.~~~xtDOCp/entitlements~~~3FoWon",
    "--preserve-metadata=identifier,flags,runtime,launch-constraints,library-constraints",
    "--generate-entitlement-der",
    "--strip-disallowed-xattrs",
    "-vvv",
    "/var/folders/r3/81p5d_c505l5g5hf9p01yqdh0000gn/T/XcodeDistPipeline.~~~xtDOCp/Root/Payload/Refloor.app/Frameworks/ObjectMapper_Realm.framework"
)'>
2026-03-02 07:42:08 +0000  codesign output: /var/folders/r3/81p5d_c505l5g5hf9p01yqdh0000gn/T/XcodeDistPipeline.~~~xtDOCp/Root/Payload/Refloor.app/Frameworks/ObjectMapper_Realm.framework: replacing existing signature
/var/folders/r3/81p5d_c505l5g5hf9p01yqdh0000gn/T/XcodeDistPipeline.~~~xtDOCp/Root/Payload/Refloor.app/Frameworks/ObjectMapper_Realm.framework: signed bundle with Mach-O thin (arm64) [org.cocoapods.ObjectMapper-Realm]
2026-03-02 07:42:08 +0000  Entitlements for <IDEDistributionItem: 0xaea63d6e0; bundleID='com.walletone.ios.PayCardsRecognizer', path='<DVTFilePath:0xace74f330:'/Users/macbook/Library/Developer/Xcode/Archives/2026-03-02/Refloor 3-2-26, 1.10 PM.xcarchive/Products/Applications/Refloor.app/Frameworks/PayCardsRecognizer.framework'>', codeSigningInfo='<_DVTCodeSigningInformation_Path: 0xace73fc60; isSigned='1', isAdHocSigned='0', signingCertificate='<DVTSigningCertificate: 0xafa6ad5c0; name='Apple Development: Matthew Elias (5WL474P77Y)', hash='DB6CC57BBF17707F319BE0CD5155E70F3F088A25', serialNumber='38333F483CD67AA557B7C5B27DD5464C', certificateKinds='(
    "1.2.840.113635.100.6.1.12",
    "1.2.840.113635.100.6.1.2"
), issueDate='2025-08-11 05:52:50 +0000''>', entitlements='(null)', teamID='F8JN2G36QM', identifier='com.walletone.ios.PayCardsRecognizer', executablePath='<DVTFilePath:0xace74c3f0:'/Users/macbook/Library/Developer/Xcode/Archives/2026-03-02/Refloor 3-2-26, 1.10 PM.xcarchive/Products/Applications/Refloor.app/Frameworks/PayCardsRecognizer.framework/PayCardsRecognizer'>', hardenedRuntime='0'>'>: {
}
2026-03-02 07:42:08 +0000  Associated App Clip Identifiers Filter: Skipping because "com.apple.developer.associated-appclip-app-identifiers" is not present
2026-03-02 07:42:08 +0000  Entitlements for <IDEDistributionItem: 0xaea63d6e0; bundleID='com.walletone.ios.PayCardsRecognizer', path='<DVTFilePath:0xace74f330:'/Users/macbook/Library/Developer/Xcode/Archives/2026-03-02/Refloor 3-2-26, 1.10 PM.xcarchive/Products/Applications/Refloor.app/Frameworks/PayCardsRecognizer.framework'>', codeSigningInfo='<_DVTCodeSigningInformation_Path: 0xace73fc60; isSigned='1', isAdHocSigned='0', signingCertificate='<DVTSigningCertificate: 0xafa6ad500; name='Apple Development: Matthew Elias (5WL474P77Y)', hash='DB6CC57BBF17707F319BE0CD5155E70F3F088A25', serialNumber='38333F483CD67AA557B7C5B27DD5464C', certificateKinds='(
    "1.2.840.113635.100.6.1.12",
    "1.2.840.113635.100.6.1.2"
), issueDate='2025-08-11 05:52:50 +0000''>', entitlements='(null)', teamID='F8JN2G36QM', identifier='com.walletone.ios.PayCardsRecognizer', executablePath='<DVTFilePath:0xace74c3f0:'/Users/macbook/Library/Developer/Xcode/Archives/2026-03-02/Refloor 3-2-26, 1.10 PM.xcarchive/Products/Applications/Refloor.app/Frameworks/PayCardsRecognizer.framework/PayCardsRecognizer'>', hardenedRuntime='0'>'> are: {
}
2026-03-02 07:42:08 +0000  Writing entitlements for <IDEDistributionItem: 0xaea63d6e0; bundleID='com.walletone.ios.PayCardsRecognizer', path='<DVTFilePath:0xace74f330:'/Users/macbook/Library/Developer/Xcode/Archives/2026-03-02/Refloor 3-2-26, 1.10 PM.xcarchive/Products/Applications/Refloor.app/Frameworks/PayCardsRecognizer.framework'>', codeSigningInfo='<_DVTCodeSigningInformation_Path: 0xace73fc60; isSigned='1', isAdHocSigned='0', signingCertificate='<DVTSigningCertificate: 0xafa6ad500; name='Apple Development: Matthew Elias (5WL474P77Y)', hash='DB6CC57BBF17707F319BE0CD5155E70F3F088A25', serialNumber='38333F483CD67AA557B7C5B27DD5464C', certificateKinds='(
    "1.2.840.113635.100.6.1.12",
    "1.2.840.113635.100.6.1.2"
), issueDate='2025-08-11 05:52:50 +0000''>', entitlements='(null)', teamID='F8JN2G36QM', identifier='com.walletone.ios.PayCardsRecognizer', executablePath='<DVTFilePath:0xace74c3f0:'/Users/macbook/Library/Developer/Xcode/Archives/2026-03-02/Refloor 3-2-26, 1.10 PM.xcarchive/Products/Applications/Refloor.app/Frameworks/PayCardsRecognizer.framework/PayCardsRecognizer'>', hardenedRuntime='0'>'> to: /var/folders/r3/81p5d_c505l5g5hf9p01yqdh0000gn/T/XcodeDistPipeline.~~~xtDOCp/entitlements~~~U89rGV
2026-03-02 07:42:08 +0000  invoking codesign: <NSConcreteTask: 0xb01e4c7d0; launchPath='/usr/bin/codesign', arguments='(
    "-f",
    "-s",
    6179D3F817E001159E608D43AF9CEF8975C575F3,
    "--entitlements",
    "/var/folders/r3/81p5d_c505l5g5hf9p01yqdh0000gn/T/XcodeDistPipeline.~~~xtDOCp/entitlements~~~U89rGV",
    "--preserve-metadata=identifier,flags,runtime,launch-constraints,library-constraints",
    "--generate-entitlement-der",
    "--strip-disallowed-xattrs",
    "-vvv",
    "/var/folders/r3/81p5d_c505l5g5hf9p01yqdh0000gn/T/XcodeDistPipeline.~~~xtDOCp/Root/Payload/Refloor.app/Frameworks/PayCardsRecognizer.framework"
)'>
2026-03-02 07:42:08 +0000  codesign output: /var/folders/r3/81p5d_c505l5g5hf9p01yqdh0000gn/T/XcodeDistPipeline.~~~xtDOCp/Root/Payload/Refloor.app/Frameworks/PayCardsRecognizer.framework: replacing existing signature
/var/folders/r3/81p5d_c505l5g5hf9p01yqdh0000gn/T/XcodeDistPipeline.~~~xtDOCp/Root/Payload/Refloor.app/Frameworks/PayCardsRecognizer.framework: signed bundle with Mach-O universal (arm64) [com.walletone.ios.PayCardsRecognizer]
2026-03-02 07:42:08 +0000  Entitlements for <IDEDistributionItem: 0xae8c19c80; bundleID='org.cocoapods.Promises', path='<DVTFilePath:0xace74d7a0:'/Users/macbook/Library/Developer/Xcode/Archives/2026-03-02/Refloor 3-2-26, 1.10 PM.xcarchive/Products/Applications/Refloor.app/Frameworks/Promises.framework'>', codeSigningInfo='<_DVTCodeSigningInformation_Path: 0xa798bbb40; isSigned='1', isAdHocSigned='0', signingCertificate='<DVTSigningCertificate: 0xafa6ad5c0; name='Apple Development: Matthew Elias (5WL474P77Y)', hash='DB6CC57BBF17707F319BE0CD5155E70F3F088A25', serialNumber='38333F483CD67AA557B7C5B27DD5464C', certificateKinds='(
    "1.2.840.113635.100.6.1.12",
    "1.2.840.113635.100.6.1.2"
), issueDate='2025-08-11 05:52:50 +0000''>', entitlements='(null)', teamID='F8JN2G36QM', identifier='org.cocoapods.Promises', executablePath='<DVTFilePath:0xa7983e940:'/Users/macbook/Library/Developer/Xcode/Archives/2026-03-02/Refloor 3-2-26, 1.10 PM.xcarchive/Products/Applications/Refloor.app/Frameworks/Promises.framework/Promises'>', hardenedRuntime='0'>'>: {
}
2026-03-02 07:42:08 +0000  Associated App Clip Identifiers Filter: Skipping because "com.apple.developer.associated-appclip-app-identifiers" is not present
2026-03-02 07:42:08 +0000  Entitlements for <IDEDistributionItem: 0xae8c19c80; bundleID='org.cocoapods.Promises', path='<DVTFilePath:0xace74d7a0:'/Users/macbook/Library/Developer/Xcode/Archives/2026-03-02/Refloor 3-2-26, 1.10 PM.xcarchive/Products/Applications/Refloor.app/Frameworks/Promises.framework'>', codeSigningInfo='<_DVTCodeSigningInformation_Path: 0xa798bbb40; isSigned='1', isAdHocSigned='0', signingCertificate='<DVTSigningCertificate: 0xafa6ad500; name='Apple Development: Matthew Elias (5WL474P77Y)', hash='DB6CC57BBF17707F319BE0CD5155E70F3F088A25', serialNumber='38333F483CD67AA557B7C5B27DD5464C', certificateKinds='(
    "1.2.840.113635.100.6.1.12",
    "1.2.840.113635.100.6.1.2"
), issueDate='2025-08-11 05:52:50 +0000''>', entitlements='(null)', teamID='F8JN2G36QM', identifier='org.cocoapods.Promises', executablePath='<DVTFilePath:0xa7983e940:'/Users/macbook/Library/Developer/Xcode/Archives/2026-03-02/Refloor 3-2-26, 1.10 PM.xcarchive/Products/Applications/Refloor.app/Frameworks/Promises.framework/Promises'>', hardenedRuntime='0'>'> are: {
}
2026-03-02 07:42:08 +0000  Writing entitlements for <IDEDistributionItem: 0xae8c19c80; bundleID='org.cocoapods.Promises', path='<DVTFilePath:0xace74d7a0:'/Users/macbook/Library/Developer/Xcode/Archives/2026-03-02/Refloor 3-2-26, 1.10 PM.xcarchive/Products/Applications/Refloor.app/Frameworks/Promises.framework'>', codeSigningInfo='<_DVTCodeSigningInformation_Path: 0xa798bbb40; isSigned='1', isAdHocSigned='0', signingCertificate='<DVTSigningCertificate: 0xafa6ad500; name='Apple Development: Matthew Elias (5WL474P77Y)', hash='DB6CC57BBF17707F319BE0CD5155E70F3F088A25', serialNumber='38333F483CD67AA557B7C5B27DD5464C', certificateKinds='(
    "1.2.840.113635.100.6.1.12",
    "1.2.840.113635.100.6.1.2"
), issueDate='2025-08-11 05:52:50 +0000''>', entitlements='(null)', teamID='F8JN2G36QM', identifier='org.cocoapods.Promises', executablePath='<DVTFilePath:0xa7983e940:'/Users/macbook/Library/Developer/Xcode/Archives/2026-03-02/Refloor 3-2-26, 1.10 PM.xcarchive/Products/Applications/Refloor.app/Frameworks/Promises.framework/Promises'>', hardenedRuntime='0'>'> to: /var/folders/r3/81p5d_c505l5g5hf9p01yqdh0000gn/T/XcodeDistPipeline.~~~xtDOCp/entitlements~~~VqsiJg
2026-03-02 07:42:08 +0000  invoking codesign: <NSConcreteTask: 0xb01e4c7d0; launchPath='/usr/bin/codesign', arguments='(
    "-f",
    "-s",
    6179D3F817E001159E608D43AF9CEF8975C575F3,
    "--entitlements",
    "/var/folders/r3/81p5d_c505l5g5hf9p01yqdh0000gn/T/XcodeDistPipeline.~~~xtDOCp/entitlements~~~VqsiJg",
    "--preserve-metadata=identifier,flags,runtime,launch-constraints,library-constraints",
    "--generate-entitlement-der",
    "--strip-disallowed-xattrs",
    "-vvv",
    "/var/folders/r3/81p5d_c505l5g5hf9p01yqdh0000gn/T/XcodeDistPipeline.~~~xtDOCp/Root/Payload/Refloor.app/Frameworks/Promises.framework"
)'>
2026-03-02 07:42:08 +0000  codesign output: /var/folders/r3/81p5d_c505l5g5hf9p01yqdh0000gn/T/XcodeDistPipeline.~~~xtDOCp/Root/Payload/Refloor.app/Frameworks/Promises.framework: replacing existing signature
/var/folders/r3/81p5d_c505l5g5hf9p01yqdh0000gn/T/XcodeDistPipeline.~~~xtDOCp/Root/Payload/Refloor.app/Frameworks/Promises.framework: signed bundle with Mach-O thin (arm64) [org.cocoapods.Promises]
2026-03-02 07:42:08 +0000  Entitlements for <IDEDistributionItem: 0xa798b9860; bundleID='org.cocoapods.Realm', path='<DVTFilePath:0xa7983eb80:'/Users/macbook/Library/Developer/Xcode/Archives/2026-03-02/Refloor 3-2-26, 1.10 PM.xcarchive/Products/Applications/Refloor.app/Frameworks/Realm.framework'>', codeSigningInfo='<_DVTCodeSigningInformation_Path: 0xa798bb240; isSigned='1', isAdHocSigned='0', signingCertificate='<DVTSigningCertificate: 0xafa6ad5c0; name='Apple Development: Matthew Elias (5WL474P77Y)', hash='DB6CC57BBF17707F319BE0CD5155E70F3F088A25', serialNumber='38333F483CD67AA557B7C5B27DD5464C', certificateKinds='(
    "1.2.840.113635.100.6.1.12",
    "1.2.840.113635.100.6.1.2"
), issueDate='2025-08-11 05:52:50 +0000''>', entitlements='(null)', teamID='F8JN2G36QM', identifier='org.cocoapods.Realm', executablePath='<DVTFilePath:0xa7983ee80:'/Users/macbook/Library/Developer/Xcode/Archives/2026-03-02/Refloor 3-2-26, 1.10 PM.xcarchive/Products/Applications/Refloor.app/Frameworks/Realm.framework/Realm'>', hardenedRuntime='0'>'>: {
}
2026-03-02 07:42:08 +0000  Associated App Clip Identifiers Filter: Skipping because "com.apple.developer.associated-appclip-app-identifiers" is not present
2026-03-02 07:42:08 +0000  Entitlements for <IDEDistributionItem: 0xa798b9860; bundleID='org.cocoapods.Realm', path='<DVTFilePath:0xa7983eb80:'/Users/macbook/Library/Developer/Xcode/Archives/2026-03-02/Refloor 3-2-26, 1.10 PM.xcarchive/Products/Applications/Refloor.app/Frameworks/Realm.framework'>', codeSigningInfo='<_DVTCodeSigningInformation_Path: 0xa798bb240; isSigned='1', isAdHocSigned='0', signingCertificate='<DVTSigningCertificate: 0xafa6ad500; name='Apple Development: Matthew Elias (5WL474P77Y)', hash='DB6CC57BBF17707F319BE0CD5155E70F3F088A25', serialNumber='38333F483CD67AA557B7C5B27DD5464C', certificateKinds='(
    "1.2.840.113635.100.6.1.12",
    "1.2.840.113635.100.6.1.2"
), issueDate='2025-08-11 05:52:50 +0000''>', entitlements='(null)', teamID='F8JN2G36QM', identifier='org.cocoapods.Realm', executablePath='<DVTFilePath:0xa7983ee80:'/Users/macbook/Library/Developer/Xcode/Archives/2026-03-02/Refloor 3-2-26, 1.10 PM.xcarchive/Products/Applications/Refloor.app/Frameworks/Realm.framework/Realm'>', hardenedRuntime='0'>'> are: {
}
2026-03-02 07:42:08 +0000  Writing entitlements for <IDEDistributionItem: 0xa798b9860; bundleID='org.cocoapods.Realm', path='<DVTFilePath:0xa7983eb80:'/Users/macbook/Library/Developer/Xcode/Archives/2026-03-02/Refloor 3-2-26, 1.10 PM.xcarchive/Products/Applications/Refloor.app/Frameworks/Realm.framework'>', codeSigningInfo='<_DVTCodeSigningInformation_Path: 0xa798bb240; isSigned='1', isAdHocSigned='0', signingCertificate='<DVTSigningCertificate: 0xafa6ad500; name='Apple Development: Matthew Elias (5WL474P77Y)', hash='DB6CC57BBF17707F319BE0CD5155E70F3F088A25', serialNumber='38333F483CD67AA557B7C5B27DD5464C', certificateKinds='(
    "1.2.840.113635.100.6.1.12",
    "1.2.840.113635.100.6.1.2"
), issueDate='2025-08-11 05:52:50 +0000''>', entitlements='(null)', teamID='F8JN2G36QM', identifier='org.cocoapods.Realm', executablePath='<DVTFilePath:0xa7983ee80:'/Users/macbook/Library/Developer/Xcode/Archives/2026-03-02/Refloor 3-2-26, 1.10 PM.xcarchive/Products/Applications/Refloor.app/Frameworks/Realm.framework/Realm'>', hardenedRuntime='0'>'> to: /var/folders/r3/81p5d_c505l5g5hf9p01yqdh0000gn/T/XcodeDistPipeline.~~~xtDOCp/entitlements~~~oTssfn
2026-03-02 07:42:08 +0000  invoking codesign: <NSConcreteTask: 0xb01e4c7d0; launchPath='/usr/bin/codesign', arguments='(
    "-f",
    "-s",
    6179D3F817E001159E608D43AF9CEF8975C575F3,
    "--entitlements",
    "/var/folders/r3/81p5d_c505l5g5hf9p01yqdh0000gn/T/XcodeDistPipeline.~~~xtDOCp/entitlements~~~oTssfn",
    "--preserve-metadata=identifier,flags,runtime,launch-constraints,library-constraints",
    "--generate-entitlement-der",
    "--strip-disallowed-xattrs",
    "-vvv",
    "/var/folders/r3/81p5d_c505l5g5hf9p01yqdh0000gn/T/XcodeDistPipeline.~~~xtDOCp/Root/Payload/Refloor.app/Frameworks/Realm.framework"
)'>
2026-03-02 07:42:08 +0000  codesign output: /var/folders/r3/81p5d_c505l5g5hf9p01yqdh0000gn/T/XcodeDistPipeline.~~~xtDOCp/Root/Payload/Refloor.app/Frameworks/Realm.framework: replacing existing signature
/var/folders/r3/81p5d_c505l5g5hf9p01yqdh0000gn/T/XcodeDistPipeline.~~~xtDOCp/Root/Payload/Refloor.app/Frameworks/Realm.framework: signed bundle with Mach-O thin (arm64) [org.cocoapods.Realm]
2026-03-02 07:42:08 +0000  Entitlements for <IDEDistributionItem: 0xa798bbf00; bundleID='org.cocoapods.RealmSwift', path='<DVTFilePath:0xace74d570:'/Users/macbook/Library/Developer/Xcode/Archives/2026-03-02/Refloor 3-2-26, 1.10 PM.xcarchive/Products/Applications/Refloor.app/Frameworks/RealmSwift.framework'>', codeSigningInfo='<_DVTCodeSigningInformation_Path: 0xa798ba400; isSigned='1', isAdHocSigned='0', signingCertificate='<DVTSigningCertificate: 0xafa6ad5c0; name='Apple Development: Matthew Elias (5WL474P77Y)', hash='DB6CC57BBF17707F319BE0CD5155E70F3F088A25', serialNumber='38333F483CD67AA557B7C5B27DD5464C', certificateKinds='(
    "1.2.840.113635.100.6.1.12",
    "1.2.840.113635.100.6.1.2"
), issueDate='2025-08-11 05:52:50 +0000''>', entitlements='(null)', teamID='F8JN2G36QM', identifier='org.cocoapods.RealmSwift', executablePath='<DVTFilePath:0xa7983f4e0:'/Users/macbook/Library/Developer/Xcode/Archives/2026-03-02/Refloor 3-2-26, 1.10 PM.xcarchive/Products/Applications/Refloor.app/Frameworks/RealmSwift.framework/RealmSwift'>', hardenedRuntime='0'>'>: {
}
2026-03-02 07:42:08 +0000  Associated App Clip Identifiers Filter: Skipping because "com.apple.developer.associated-appclip-app-identifiers" is not present
2026-03-02 07:42:08 +0000  Entitlements for <IDEDistributionItem: 0xa798bbf00; bundleID='org.cocoapods.RealmSwift', path='<DVTFilePath:0xace74d570:'/Users/macbook/Library/Developer/Xcode/Archives/2026-03-02/Refloor 3-2-26, 1.10 PM.xcarchive/Products/Applications/Refloor.app/Frameworks/RealmSwift.framework'>', codeSigningInfo='<_DVTCodeSigningInformation_Path: 0xa798ba400; isSigned='1', isAdHocSigned='0', signingCertificate='<DVTSigningCertificate: 0xafa6ad500; name='Apple Development: Matthew Elias (5WL474P77Y)', hash='DB6CC57BBF17707F319BE0CD5155E70F3F088A25', serialNumber='38333F483CD67AA557B7C5B27DD5464C', certificateKinds='(
    "1.2.840.113635.100.6.1.12",
    "1.2.840.113635.100.6.1.2"
), issueDate='2025-08-11 05:52:50 +0000''>', entitlements='(null)', teamID='F8JN2G36QM', identifier='org.cocoapods.RealmSwift', executablePath='<DVTFilePath:0xa7983f4e0:'/Users/macbook/Library/Developer/Xcode/Archives/2026-03-02/Refloor 3-2-26, 1.10 PM.xcarchive/Products/Applications/Refloor.app/Frameworks/RealmSwift.framework/RealmSwift'>', hardenedRuntime='0'>'> are: {
}
2026-03-02 07:42:08 +0000  Writing entitlements for <IDEDistributionItem: 0xa798bbf00; bundleID='org.cocoapods.RealmSwift', path='<DVTFilePath:0xace74d570:'/Users/macbook/Library/Developer/Xcode/Archives/2026-03-02/Refloor 3-2-26, 1.10 PM.xcarchive/Products/Applications/Refloor.app/Frameworks/RealmSwift.framework'>', codeSigningInfo='<_DVTCodeSigningInformation_Path: 0xa798ba400; isSigned='1', isAdHocSigned='0', signingCertificate='<DVTSigningCertificate: 0xafa6ad500; name='Apple Development: Matthew Elias (5WL474P77Y)', hash='DB6CC57BBF17707F319BE0CD5155E70F3F088A25', serialNumber='38333F483CD67AA557B7C5B27DD5464C', certificateKinds='(
    "1.2.840.113635.100.6.1.12",
    "1.2.840.113635.100.6.1.2"
), issueDate='2025-08-11 05:52:50 +0000''>', entitlements='(null)', teamID='F8JN2G36QM', identifier='org.cocoapods.RealmSwift', executablePath='<DVTFilePath:0xa7983f4e0:'/Users/macbook/Library/Developer/Xcode/Archives/2026-03-02/Refloor 3-2-26, 1.10 PM.xcarchive/Products/Applications/Refloor.app/Frameworks/RealmSwift.framework/RealmSwift'>', hardenedRuntime='0'>'> to: /var/folders/r3/81p5d_c505l5g5hf9p01yqdh0000gn/T/XcodeDistPipeline.~~~xtDOCp/entitlements~~~wqRqa9
2026-03-02 07:42:08 +0000  invoking codesign: <NSConcreteTask: 0xb01e4c7d0; launchPath='/usr/bin/codesign', arguments='(
    "-f",
    "-s",
    6179D3F817E001159E608D43AF9CEF8975C575F3,
    "--entitlements",
    "/var/folders/r3/81p5d_c505l5g5hf9p01yqdh0000gn/T/XcodeDistPipeline.~~~xtDOCp/entitlements~~~wqRqa9",
    "--preserve-metadata=identifier,flags,runtime,launch-constraints,library-constraints",
    "--generate-entitlement-der",
    "--strip-disallowed-xattrs",
    "-vvv",
    "/var/folders/r3/81p5d_c505l5g5hf9p01yqdh0000gn/T/XcodeDistPipeline.~~~xtDOCp/Root/Payload/Refloor.app/Frameworks/RealmSwift.framework"
)'>
2026-03-02 07:42:08 +0000  codesign output: /var/folders/r3/81p5d_c505l5g5hf9p01yqdh0000gn/T/XcodeDistPipeline.~~~xtDOCp/Root/Payload/Refloor.app/Frameworks/RealmSwift.framework: replacing existing signature
/var/folders/r3/81p5d_c505l5g5hf9p01yqdh0000gn/T/XcodeDistPipeline.~~~xtDOCp/Root/Payload/Refloor.app/Frameworks/RealmSwift.framework: signed bundle with Mach-O thin (arm64) [org.cocoapods.RealmSwift]
2026-03-02 07:42:08 +0000  Entitlements for <IDEDistributionItem: 0xace73dc20; bundleID='org.cocoapods.RecaptchaInterop', path='<DVTFilePath:0xace74d420:'/Users/macbook/Library/Developer/Xcode/Archives/2026-03-02/Refloor 3-2-26, 1.10 PM.xcarchive/Products/Applications/Refloor.app/Frameworks/RecaptchaInterop.framework'>', codeSigningInfo='<_DVTCodeSigningInformation_Path: 0xace767720; isSigned='1', isAdHocSigned='0', signingCertificate='<DVTSigningCertificate: 0xafa6ad5c0; name='Apple Development: Matthew Elias (5WL474P77Y)', hash='DB6CC57BBF17707F319BE0CD5155E70F3F088A25', serialNumber='38333F483CD67AA557B7C5B27DD5464C', certificateKinds='(
    "1.2.840.113635.100.6.1.12",
    "1.2.840.113635.100.6.1.2"
), issueDate='2025-08-11 05:52:50 +0000''>', entitlements='(null)', teamID='F8JN2G36QM', identifier='org.cocoapods.RecaptchaInterop', executablePath='<DVTFilePath:0xace74d3b0:'/Users/macbook/Library/Developer/Xcode/Archives/2026-03-02/Refloor 3-2-26, 1.10 PM.xcarchive/Products/Applications/Refloor.app/Frameworks/RecaptchaInterop.framework/RecaptchaInterop'>', hardenedRuntime='0'>'>: {
}
2026-03-02 07:42:08 +0000  Associated App Clip Identifiers Filter: Skipping because "com.apple.developer.associated-appclip-app-identifiers" is not present
2026-03-02 07:42:08 +0000  Entitlements for <IDEDistributionItem: 0xace73dc20; bundleID='org.cocoapods.RecaptchaInterop', path='<DVTFilePath:0xace74d420:'/Users/macbook/Library/Developer/Xcode/Archives/2026-03-02/Refloor 3-2-26, 1.10 PM.xcarchive/Products/Applications/Refloor.app/Frameworks/RecaptchaInterop.framework'>', codeSigningInfo='<_DVTCodeSigningInformation_Path: 0xace767720; isSigned='1', isAdHocSigned='0', signingCertificate='<DVTSigningCertificate: 0xafa6ad500; name='Apple Development: Matthew Elias (5WL474P77Y)', hash='DB6CC57BBF17707F319BE0CD5155E70F3F088A25', serialNumber='38333F483CD67AA557B7C5B27DD5464C', certificateKinds='(
    "1.2.840.113635.100.6.1.12",
    "1.2.840.113635.100.6.1.2"
), issueDate='2025-08-11 05:52:50 +0000''>', entitlements='(null)', teamID='F8JN2G36QM', identifier='org.cocoapods.RecaptchaInterop', executablePath='<DVTFilePath:0xace74d3b0:'/Users/macbook/Library/Developer/Xcode/Archives/2026-03-02/Refloor 3-2-26, 1.10 PM.xcarchive/Products/Applications/Refloor.app/Frameworks/RecaptchaInterop.framework/RecaptchaInterop'>', hardenedRuntime='0'>'> are: {
}
2026-03-02 07:42:08 +0000  Writing entitlements for <IDEDistributionItem: 0xace73dc20; bundleID='org.cocoapods.RecaptchaInterop', path='<DVTFilePath:0xace74d420:'/Users/macbook/Library/Developer/Xcode/Archives/2026-03-02/Refloor 3-2-26, 1.10 PM.xcarchive/Products/Applications/Refloor.app/Frameworks/RecaptchaInterop.framework'>', codeSigningInfo='<_DVTCodeSigningInformation_Path: 0xace767720; isSigned='1', isAdHocSigned='0', signingCertificate='<DVTSigningCertificate: 0xafa6ad500; name='Apple Development: Matthew Elias (5WL474P77Y)', hash='DB6CC57BBF17707F319BE0CD5155E70F3F088A25', serialNumber='38333F483CD67AA557B7C5B27DD5464C', certificateKinds='(
    "1.2.840.113635.100.6.1.12",
    "1.2.840.113635.100.6.1.2"
), issueDate='2025-08-11 05:52:50 +0000''>', entitlements='(null)', teamID='F8JN2G36QM', identifier='org.cocoapods.RecaptchaInterop', executablePath='<DVTFilePath:0xace74d3b0:'/Users/macbook/Library/Developer/Xcode/Archives/2026-03-02/Refloor 3-2-26, 1.10 PM.xcarchive/Products/Applications/Refloor.app/Frameworks/RecaptchaInterop.framework/RecaptchaInterop'>', hardenedRuntime='0'>'> to: /var/folders/r3/81p5d_c505l5g5hf9p01yqdh0000gn/T/XcodeDistPipeline.~~~xtDOCp/entitlements~~~H92KKq
2026-03-02 07:42:08 +0000  invoking codesign: <NSConcreteTask: 0xb01e4c7d0; launchPath='/usr/bin/codesign', arguments='(
    "-f",
    "-s",
    6179D3F817E001159E608D43AF9CEF8975C575F3,
    "--entitlements",
    "/var/folders/r3/81p5d_c505l5g5hf9p01yqdh0000gn/T/XcodeDistPipeline.~~~xtDOCp/entitlements~~~H92KKq",
    "--preserve-metadata=identifier,flags,runtime,launch-constraints,library-constraints",
    "--generate-entitlement-der",
    "--strip-disallowed-xattrs",
    "-vvv",
    "/var/folders/r3/81p5d_c505l5g5hf9p01yqdh0000gn/T/XcodeDistPipeline.~~~xtDOCp/Root/Payload/Refloor.app/Frameworks/RecaptchaInterop.framework"
)'>
2026-03-02 07:42:09 +0000  codesign output: /var/folders/r3/81p5d_c505l5g5hf9p01yqdh0000gn/T/XcodeDistPipeline.~~~xtDOCp/Root/Payload/Refloor.app/Frameworks/RecaptchaInterop.framework: replacing existing signature
/var/folders/r3/81p5d_c505l5g5hf9p01yqdh0000gn/T/XcodeDistPipeline.~~~xtDOCp/Root/Payload/Refloor.app/Frameworks/RecaptchaInterop.framework: signed bundle with Mach-O thin (arm64) [org.cocoapods.RecaptchaInterop]
2026-03-02 07:42:09 +0000  Entitlements for <IDEDistributionItem: 0xa79853360; bundleID='org.cocoapods.SDWebImage', path='<DVTFilePath:0xace74d340:'/Users/macbook/Library/Developer/Xcode/Archives/2026-03-02/Refloor 3-2-26, 1.10 PM.xcarchive/Products/Applications/Refloor.app/Frameworks/SDWebImage.framework'>', codeSigningInfo='<_DVTCodeSigningInformation_Path: 0xa798bbf60; isSigned='1', isAdHocSigned='0', signingCertificate='<DVTSigningCertificate: 0xafa6ad5c0; name='Apple Development: Matthew Elias (5WL474P77Y)', hash='DB6CC57BBF17707F319BE0CD5155E70F3F088A25', serialNumber='38333F483CD67AA557B7C5B27DD5464C', certificateKinds='(
    "1.2.840.113635.100.6.1.12",
    "1.2.840.113635.100.6.1.2"
), issueDate='2025-08-11 05:52:50 +0000''>', entitlements='(null)', teamID='F8JN2G36QM', identifier='org.cocoapods.SDWebImage', executablePath='<DVTFilePath:0xa7983fb40:'/Users/macbook/Library/Developer/Xcode/Archives/2026-03-02/Refloor 3-2-26, 1.10 PM.xcarchive/Products/Applications/Refloor.app/Frameworks/SDWebImage.framework/SDWebImage'>', hardenedRuntime='0'>'>: {
}
2026-03-02 07:42:09 +0000  Associated App Clip Identifiers Filter: Skipping because "com.apple.developer.associated-appclip-app-identifiers" is not present
2026-03-02 07:42:09 +0000  Entitlements for <IDEDistributionItem: 0xa79853360; bundleID='org.cocoapods.SDWebImage', path='<DVTFilePath:0xace74d340:'/Users/macbook/Library/Developer/Xcode/Archives/2026-03-02/Refloor 3-2-26, 1.10 PM.xcarchive/Products/Applications/Refloor.app/Frameworks/SDWebImage.framework'>', codeSigningInfo='<_DVTCodeSigningInformation_Path: 0xa798bbf60; isSigned='1', isAdHocSigned='0', signingCertificate='<DVTSigningCertificate: 0xafa6ad500; name='Apple Development: Matthew Elias (5WL474P77Y)', hash='DB6CC57BBF17707F319BE0CD5155E70F3F088A25', serialNumber='38333F483CD67AA557B7C5B27DD5464C', certificateKinds='(
    "1.2.840.113635.100.6.1.12",
    "1.2.840.113635.100.6.1.2"
), issueDate='2025-08-11 05:52:50 +0000''>', entitlements='(null)', teamID='F8JN2G36QM', identifier='org.cocoapods.SDWebImage', executablePath='<DVTFilePath:0xa7983fb40:'/Users/macbook/Library/Developer/Xcode/Archives/2026-03-02/Refloor 3-2-26, 1.10 PM.xcarchive/Products/Applications/Refloor.app/Frameworks/SDWebImage.framework/SDWebImage'>', hardenedRuntime='0'>'> are: {
}
2026-03-02 07:42:09 +0000  Writing entitlements for <IDEDistributionItem: 0xa79853360; bundleID='org.cocoapods.SDWebImage', path='<DVTFilePath:0xace74d340:'/Users/macbook/Library/Developer/Xcode/Archives/2026-03-02/Refloor 3-2-26, 1.10 PM.xcarchive/Products/Applications/Refloor.app/Frameworks/SDWebImage.framework'>', codeSigningInfo='<_DVTCodeSigningInformation_Path: 0xa798bbf60; isSigned='1', isAdHocSigned='0', signingCertificate='<DVTSigningCertificate: 0xafa6ad500; name='Apple Development: Matthew Elias (5WL474P77Y)', hash='DB6CC57BBF17707F319BE0CD5155E70F3F088A25', serialNumber='38333F483CD67AA557B7C5B27DD5464C', certificateKinds='(
    "1.2.840.113635.100.6.1.12",
    "1.2.840.113635.100.6.1.2"
), issueDate='2025-08-11 05:52:50 +0000''>', entitlements='(null)', teamID='F8JN2G36QM', identifier='org.cocoapods.SDWebImage', executablePath='<DVTFilePath:0xa7983fb40:'/Users/macbook/Library/Developer/Xcode/Archives/2026-03-02/Refloor 3-2-26, 1.10 PM.xcarchive/Products/Applications/Refloor.app/Frameworks/SDWebImage.framework/SDWebImage'>', hardenedRuntime='0'>'> to: /var/folders/r3/81p5d_c505l5g5hf9p01yqdh0000gn/T/XcodeDistPipeline.~~~xtDOCp/entitlements~~~TAwwwS
2026-03-02 07:42:09 +0000  invoking codesign: <NSConcreteTask: 0xb01e4c7d0; launchPath='/usr/bin/codesign', arguments='(
    "-f",
    "-s",
    6179D3F817E001159E608D43AF9CEF8975C575F3,
    "--entitlements",
    "/var/folders/r3/81p5d_c505l5g5hf9p01yqdh0000gn/T/XcodeDistPipeline.~~~xtDOCp/entitlements~~~TAwwwS",
    "--preserve-metadata=identifier,flags,runtime,launch-constraints,library-constraints",
    "--generate-entitlement-der",
    "--strip-disallowed-xattrs",
    "-vvv",
    "/var/folders/r3/81p5d_c505l5g5hf9p01yqdh0000gn/T/XcodeDistPipeline.~~~xtDOCp/Root/Payload/Refloor.app/Frameworks/SDWebImage.framework"
)'>
2026-03-02 07:42:09 +0000  codesign output: /var/folders/r3/81p5d_c505l5g5hf9p01yqdh0000gn/T/XcodeDistPipeline.~~~xtDOCp/Root/Payload/Refloor.app/Frameworks/SDWebImage.framework: replacing existing signature
/var/folders/r3/81p5d_c505l5g5hf9p01yqdh0000gn/T/XcodeDistPipeline.~~~xtDOCp/Root/Payload/Refloor.app/Frameworks/SDWebImage.framework: signed bundle with Mach-O thin (arm64) [org.cocoapods.SDWebImage]
2026-03-02 07:42:09 +0000  Entitlements for <IDEDistributionItem: 0xa798bb060; bundleID='org.cocoapods.SVProgressHUD', path='<DVTFilePath:0xace74d2d0:'/Users/macbook/Library/Developer/Xcode/Archives/2026-03-02/Refloor 3-2-26, 1.10 PM.xcarchive/Products/Applications/Refloor.app/Frameworks/SVProgressHUD.framework'>', codeSigningInfo='<_DVTCodeSigningInformation_Path: 0xa798b9800; isSigned='1', isAdHocSigned='0', signingCertificate='<DVTSigningCertificate: 0xafa6ad5c0; name='Apple Development: Matthew Elias (5WL474P77Y)', hash='DB6CC57BBF17707F319BE0CD5155E70F3F088A25', serialNumber='38333F483CD67AA557B7C5B27DD5464C', certificateKinds='(
    "1.2.840.113635.100.6.1.12",
    "1.2.840.113635.100.6.1.2"
), issueDate='2025-08-11 05:52:50 +0000''>', entitlements='(null)', teamID='F8JN2G36QM', identifier='org.cocoapods.SVProgressHUD', executablePath='<DVTFilePath:0xa7983ff00:'/Users/macbook/Library/Developer/Xcode/Archives/2026-03-02/Refloor 3-2-26, 1.10 PM.xcarchive/Products/Applications/Refloor.app/Frameworks/SVProgressHUD.framework/SVProgressHUD'>', hardenedRuntime='0'>'>: {
}
2026-03-02 07:42:09 +0000  Associated App Clip Identifiers Filter: Skipping because "com.apple.developer.associated-appclip-app-identifiers" is not present
2026-03-02 07:42:09 +0000  Entitlements for <IDEDistributionItem: 0xa798bb060; bundleID='org.cocoapods.SVProgressHUD', path='<DVTFilePath:0xace74d2d0:'/Users/macbook/Library/Developer/Xcode/Archives/2026-03-02/Refloor 3-2-26, 1.10 PM.xcarchive/Products/Applications/Refloor.app/Frameworks/SVProgressHUD.framework'>', codeSigningInfo='<_DVTCodeSigningInformation_Path: 0xa798b9800; isSigned='1', isAdHocSigned='0', signingCertificate='<DVTSigningCertificate: 0xafa6ad500; name='Apple Development: Matthew Elias (5WL474P77Y)', hash='DB6CC57BBF17707F319BE0CD5155E70F3F088A25', serialNumber='38333F483CD67AA557B7C5B27DD5464C', certificateKinds='(
    "1.2.840.113635.100.6.1.12",
    "1.2.840.113635.100.6.1.2"
), issueDate='2025-08-11 05:52:50 +0000''>', entitlements='(null)', teamID='F8JN2G36QM', identifier='org.cocoapods.SVProgressHUD', executablePath='<DVTFilePath:0xa7983ff00:'/Users/macbook/Library/Developer/Xcode/Archives/2026-03-02/Refloor 3-2-26, 1.10 PM.xcarchive/Products/Applications/Refloor.app/Frameworks/SVProgressHUD.framework/SVProgressHUD'>', hardenedRuntime='0'>'> are: {
}
2026-03-02 07:42:09 +0000  Writing entitlements for <IDEDistributionItem: 0xa798bb060; bundleID='org.cocoapods.SVProgressHUD', path='<DVTFilePath:0xace74d2d0:'/Users/macbook/Library/Developer/Xcode/Archives/2026-03-02/Refloor 3-2-26, 1.10 PM.xcarchive/Products/Applications/Refloor.app/Frameworks/SVProgressHUD.framework'>', codeSigningInfo='<_DVTCodeSigningInformation_Path: 0xa798b9800; isSigned='1', isAdHocSigned='0', signingCertificate='<DVTSigningCertificate: 0xafa6ad500; name='Apple Development: Matthew Elias (5WL474P77Y)', hash='DB6CC57BBF17707F319BE0CD5155E70F3F088A25', serialNumber='38333F483CD67AA557B7C5B27DD5464C', certificateKinds='(
    "1.2.840.113635.100.6.1.12",
    "1.2.840.113635.100.6.1.2"
), issueDate='2025-08-11 05:52:50 +0000''>', entitlements='(null)', teamID='F8JN2G36QM', identifier='org.cocoapods.SVProgressHUD', executablePath='<DVTFilePath:0xa7983ff00:'/Users/macbook/Library/Developer/Xcode/Archives/2026-03-02/Refloor 3-2-26, 1.10 PM.xcarchive/Products/Applications/Refloor.app/Frameworks/SVProgressHUD.framework/SVProgressHUD'>', hardenedRuntime='0'>'> to: /var/folders/r3/81p5d_c505l5g5hf9p01yqdh0000gn/T/XcodeDistPipeline.~~~xtDOCp/entitlements~~~tpxcTp
2026-03-02 07:42:09 +0000  invoking codesign: <NSConcreteTask: 0xb01e4c7d0; launchPath='/usr/bin/codesign', arguments='(
    "-f",
    "-s",
    6179D3F817E001159E608D43AF9CEF8975C575F3,
    "--entitlements",
    "/var/folders/r3/81p5d_c505l5g5hf9p01yqdh0000gn/T/XcodeDistPipeline.~~~xtDOCp/entitlements~~~tpxcTp",
    "--preserve-metadata=identifier,flags,runtime,launch-constraints,library-constraints",
    "--generate-entitlement-der",
    "--strip-disallowed-xattrs",
    "-vvv",
    "/var/folders/r3/81p5d_c505l5g5hf9p01yqdh0000gn/T/XcodeDistPipeline.~~~xtDOCp/Root/Payload/Refloor.app/Frameworks/SVProgressHUD.framework"
)'>
2026-03-02 07:42:09 +0000  codesign output: /var/folders/r3/81p5d_c505l5g5hf9p01yqdh0000gn/T/XcodeDistPipeline.~~~xtDOCp/Root/Payload/Refloor.app/Frameworks/SVProgressHUD.framework: replacing existing signature
/var/folders/r3/81p5d_c505l5g5hf9p01yqdh0000gn/T/XcodeDistPipeline.~~~xtDOCp/Root/Payload/Refloor.app/Frameworks/SVProgressHUD.framework: signed bundle with Mach-O thin (arm64) [org.cocoapods.SVProgressHUD]
2026-03-02 07:42:09 +0000  Entitlements for <IDEDistributionItem: 0xace72f900; bundleID='org.cocoapods.SwiftJWT', path='<DVTFilePath:0xace74d030:'/Users/macbook/Library/Developer/Xcode/Archives/2026-03-02/Refloor 3-2-26, 1.10 PM.xcarchive/Products/Applications/Refloor.app/Frameworks/SwiftJWT.framework'>', codeSigningInfo='<_DVTCodeSigningInformation_Path: 0xace72d0e0; isSigned='1', isAdHocSigned='0', signingCertificate='<DVTSigningCertificate: 0xafa6ad5c0; name='Apple Development: Matthew Elias (5WL474P77Y)', hash='DB6CC57BBF17707F319BE0CD5155E70F3F088A25', serialNumber='38333F483CD67AA557B7C5B27DD5464C', certificateKinds='(
    "1.2.840.113635.100.6.1.12",
    "1.2.840.113635.100.6.1.2"
), issueDate='2025-08-11 05:52:50 +0000''>', entitlements='(null)', teamID='F8JN2G36QM', identifier='org.cocoapods.SwiftJWT', executablePath='<DVTFilePath:0xa79840b40:'/Users/macbook/Library/Developer/Xcode/Archives/2026-03-02/Refloor 3-2-26, 1.10 PM.xcarchive/Products/Applications/Refloor.app/Frameworks/SwiftJWT.framework/SwiftJWT'>', hardenedRuntime='0'>'>: {
}
2026-03-02 07:42:09 +0000  Associated App Clip Identifiers Filter: Skipping because "com.apple.developer.associated-appclip-app-identifiers" is not present
2026-03-02 07:42:09 +0000  Entitlements for <IDEDistributionItem: 0xace72f900; bundleID='org.cocoapods.SwiftJWT', path='<DVTFilePath:0xace74d030:'/Users/macbook/Library/Developer/Xcode/Archives/2026-03-02/Refloor 3-2-26, 1.10 PM.xcarchive/Products/Applications/Refloor.app/Frameworks/SwiftJWT.framework'>', codeSigningInfo='<_DVTCodeSigningInformation_Path: 0xace72d0e0; isSigned='1', isAdHocSigned='0', signingCertificate='<DVTSigningCertificate: 0xafa6ad500; name='Apple Development: Matthew Elias (5WL474P77Y)', hash='DB6CC57BBF17707F319BE0CD5155E70F3F088A25', serialNumber='38333F483CD67AA557B7C5B27DD5464C', certificateKinds='(
    "1.2.840.113635.100.6.1.12",
    "1.2.840.113635.100.6.1.2"
), issueDate='2025-08-11 05:52:50 +0000''>', entitlements='(null)', teamID='F8JN2G36QM', identifier='org.cocoapods.SwiftJWT', executablePath='<DVTFilePath:0xa79840b40:'/Users/macbook/Library/Developer/Xcode/Archives/2026-03-02/Refloor 3-2-26, 1.10 PM.xcarchive/Products/Applications/Refloor.app/Frameworks/SwiftJWT.framework/SwiftJWT'>', hardenedRuntime='0'>'> are: {
}
2026-03-02 07:42:09 +0000  Writing entitlements for <IDEDistributionItem: 0xace72f900; bundleID='org.cocoapods.SwiftJWT', path='<DVTFilePath:0xace74d030:'/Users/macbook/Library/Developer/Xcode/Archives/2026-03-02/Refloor 3-2-26, 1.10 PM.xcarchive/Products/Applications/Refloor.app/Frameworks/SwiftJWT.framework'>', codeSigningInfo='<_DVTCodeSigningInformation_Path: 0xace72d0e0; isSigned='1', isAdHocSigned='0', signingCertificate='<DVTSigningCertificate: 0xafa6ad500; name='Apple Development: Matthew Elias (5WL474P77Y)', hash='DB6CC57BBF17707F319BE0CD5155E70F3F088A25', serialNumber='38333F483CD67AA557B7C5B27DD5464C', certificateKinds='(
    "1.2.840.113635.100.6.1.12",
    "1.2.840.113635.100.6.1.2"
), issueDate='2025-08-11 05:52:50 +0000''>', entitlements='(null)', teamID='F8JN2G36QM', identifier='org.cocoapods.SwiftJWT', executablePath='<DVTFilePath:0xa79840b40:'/Users/macbook/Library/Developer/Xcode/Archives/2026-03-02/Refloor 3-2-26, 1.10 PM.xcarchive/Products/Applications/Refloor.app/Frameworks/SwiftJWT.framework/SwiftJWT'>', hardenedRuntime='0'>'> to: /var/folders/r3/81p5d_c505l5g5hf9p01yqdh0000gn/T/XcodeDistPipeline.~~~xtDOCp/entitlements~~~k1XM2R
2026-03-02 07:42:09 +0000  invoking codesign: <NSConcreteTask: 0xb01e4c7d0; launchPath='/usr/bin/codesign', arguments='(
    "-f",
    "-s",
    6179D3F817E001159E608D43AF9CEF8975C575F3,
    "--entitlements",
    "/var/folders/r3/81p5d_c505l5g5hf9p01yqdh0000gn/T/XcodeDistPipeline.~~~xtDOCp/entitlements~~~k1XM2R",
    "--preserve-metadata=identifier,flags,runtime,launch-constraints,library-constraints",
    "--generate-entitlement-der",
    "--strip-disallowed-xattrs",
    "-vvv",
    "/var/folders/r3/81p5d_c505l5g5hf9p01yqdh0000gn/T/XcodeDistPipeline.~~~xtDOCp/Root/Payload/Refloor.app/Frameworks/SwiftJWT.framework"
)'>
2026-03-02 07:42:09 +0000  codesign output: /var/folders/r3/81p5d_c505l5g5hf9p01yqdh0000gn/T/XcodeDistPipeline.~~~xtDOCp/Root/Payload/Refloor.app/Frameworks/SwiftJWT.framework: replacing existing signature
/var/folders/r3/81p5d_c505l5g5hf9p01yqdh0000gn/T/XcodeDistPipeline.~~~xtDOCp/Root/Payload/Refloor.app/Frameworks/SwiftJWT.framework: signed bundle with Mach-O thin (arm64) [org.cocoapods.SwiftJWT]
2026-03-02 07:42:09 +0000  Entitlements for <IDEDistributionItem: 0xace72eb20; bundleID='org.cocoapods.WeScan', path='<DVTFilePath:0xace74cfc0:'/Users/macbook/Library/Developer/Xcode/Archives/2026-03-02/Refloor 3-2-26, 1.10 PM.xcarchive/Products/Applications/Refloor.app/Frameworks/WeScan.framework'>', codeSigningInfo='<_DVTCodeSigningInformation_Path: 0xace767120; isSigned='1', isAdHocSigned='0', signingCertificate='<DVTSigningCertificate: 0xafa6ad5c0; name='Apple Development: Matthew Elias (5WL474P77Y)', hash='DB6CC57BBF17707F319BE0CD5155E70F3F088A25', serialNumber='38333F483CD67AA557B7C5B27DD5464C', certificateKinds='(
    "1.2.840.113635.100.6.1.12",
    "1.2.840.113635.100.6.1.2"
), issueDate='2025-08-11 05:52:50 +0000''>', entitlements='(null)', teamID='F8JN2G36QM', identifier='org.cocoapods.WeScan', executablePath='<DVTFilePath:0xa79842400:'/Users/macbook/Library/Developer/Xcode/Archives/2026-03-02/Refloor 3-2-26, 1.10 PM.xcarchive/Products/Applications/Refloor.app/Frameworks/WeScan.framework/WeScan'>', hardenedRuntime='0'>'>: {
}
2026-03-02 07:42:09 +0000  Associated App Clip Identifiers Filter: Skipping because "com.apple.developer.associated-appclip-app-identifiers" is not present
2026-03-02 07:42:09 +0000  Entitlements for <IDEDistributionItem: 0xace72eb20; bundleID='org.cocoapods.WeScan', path='<DVTFilePath:0xace74cfc0:'/Users/macbook/Library/Developer/Xcode/Archives/2026-03-02/Refloor 3-2-26, 1.10 PM.xcarchive/Products/Applications/Refloor.app/Frameworks/WeScan.framework'>', codeSigningInfo='<_DVTCodeSigningInformation_Path: 0xace767120; isSigned='1', isAdHocSigned='0', signingCertificate='<DVTSigningCertificate: 0xafa6ad500; name='Apple Development: Matthew Elias (5WL474P77Y)', hash='DB6CC57BBF17707F319BE0CD5155E70F3F088A25', serialNumber='38333F483CD67AA557B7C5B27DD5464C', certificateKinds='(
    "1.2.840.113635.100.6.1.12",
    "1.2.840.113635.100.6.1.2"
), issueDate='2025-08-11 05:52:50 +0000''>', entitlements='(null)', teamID='F8JN2G36QM', identifier='org.cocoapods.WeScan', executablePath='<DVTFilePath:0xa79842400:'/Users/macbook/Library/Developer/Xcode/Archives/2026-03-02/Refloor 3-2-26, 1.10 PM.xcarchive/Products/Applications/Refloor.app/Frameworks/WeScan.framework/WeScan'>', hardenedRuntime='0'>'> are: {
}
2026-03-02 07:42:09 +0000  Writing entitlements for <IDEDistributionItem: 0xace72eb20; bundleID='org.cocoapods.WeScan', path='<DVTFilePath:0xace74cfc0:'/Users/macbook/Library/Developer/Xcode/Archives/2026-03-02/Refloor 3-2-26, 1.10 PM.xcarchive/Products/Applications/Refloor.app/Frameworks/WeScan.framework'>', codeSigningInfo='<_DVTCodeSigningInformation_Path: 0xace767120; isSigned='1', isAdHocSigned='0', signingCertificate='<DVTSigningCertificate: 0xafa6ad500; name='Apple Development: Matthew Elias (5WL474P77Y)', hash='DB6CC57BBF17707F319BE0CD5155E70F3F088A25', serialNumber='38333F483CD67AA557B7C5B27DD5464C', certificateKinds='(
    "1.2.840.113635.100.6.1.12",
    "1.2.840.113635.100.6.1.2"
), issueDate='2025-08-11 05:52:50 +0000''>', entitlements='(null)', teamID='F8JN2G36QM', identifier='org.cocoapods.WeScan', executablePath='<DVTFilePath:0xa79842400:'/Users/macbook/Library/Developer/Xcode/Archives/2026-03-02/Refloor 3-2-26, 1.10 PM.xcarchive/Products/Applications/Refloor.app/Frameworks/WeScan.framework/WeScan'>', hardenedRuntime='0'>'> to: /var/folders/r3/81p5d_c505l5g5hf9p01yqdh0000gn/T/XcodeDistPipeline.~~~xtDOCp/entitlements~~~qjk2YR
2026-03-02 07:42:09 +0000  invoking codesign: <NSConcreteTask: 0xb01e4c7d0; launchPath='/usr/bin/codesign', arguments='(
    "-f",
    "-s",
    6179D3F817E001159E608D43AF9CEF8975C575F3,
    "--entitlements",
    "/var/folders/r3/81p5d_c505l5g5hf9p01yqdh0000gn/T/XcodeDistPipeline.~~~xtDOCp/entitlements~~~qjk2YR",
    "--preserve-metadata=identifier,flags,runtime,launch-constraints,library-constraints",
    "--generate-entitlement-der",
    "--strip-disallowed-xattrs",
    "-vvv",
    "/var/folders/r3/81p5d_c505l5g5hf9p01yqdh0000gn/T/XcodeDistPipeline.~~~xtDOCp/Root/Payload/Refloor.app/Frameworks/WeScan.framework"
)'>
2026-03-02 07:42:09 +0000  codesign output: /var/folders/r3/81p5d_c505l5g5hf9p01yqdh0000gn/T/XcodeDistPipeline.~~~xtDOCp/Root/Payload/Refloor.app/Frameworks/WeScan.framework: replacing existing signature
/var/folders/r3/81p5d_c505l5g5hf9p01yqdh0000gn/T/XcodeDistPipeline.~~~xtDOCp/Root/Payload/Refloor.app/Frameworks/WeScan.framework: signed bundle with Mach-O thin (arm64) [org.cocoapods.WeScan]
2026-03-02 07:42:09 +0000  Entitlements for <IDEDistributionItem: 0xa798bbc60; bundleID='org.cocoapods.Zip', path='<DVTFilePath:0xa79842700:'/Users/macbook/Library/Developer/Xcode/Archives/2026-03-02/Refloor 3-2-26, 1.10 PM.xcarchive/Products/Applications/Refloor.app/Frameworks/Zip.framework'>', codeSigningInfo='<_DVTCodeSigningInformation_Path: 0xa798bbd20; isSigned='1', isAdHocSigned='0', signingCertificate='<DVTSigningCertificate: 0xafa6ad5c0; name='Apple Development: Matthew Elias (5WL474P77Y)', hash='DB6CC57BBF17707F319BE0CD5155E70F3F088A25', serialNumber='38333F483CD67AA557B7C5B27DD5464C', certificateKinds='(
    "1.2.840.113635.100.6.1.12",
    "1.2.840.113635.100.6.1.2"
), issueDate='2025-08-11 05:52:50 +0000''>', entitlements='(null)', teamID='F8JN2G36QM', identifier='org.cocoapods.Zip', executablePath='<DVTFilePath:0xa79842a00:'/Users/macbook/Library/Developer/Xcode/Archives/2026-03-02/Refloor 3-2-26, 1.10 PM.xcarchive/Products/Applications/Refloor.app/Frameworks/Zip.framework/Zip'>', hardenedRuntime='0'>'>: {
}
2026-03-02 07:42:09 +0000  Associated App Clip Identifiers Filter: Skipping because "com.apple.developer.associated-appclip-app-identifiers" is not present
2026-03-02 07:42:09 +0000  Entitlements for <IDEDistributionItem: 0xa798bbc60; bundleID='org.cocoapods.Zip', path='<DVTFilePath:0xa79842700:'/Users/macbook/Library/Developer/Xcode/Archives/2026-03-02/Refloor 3-2-26, 1.10 PM.xcarchive/Products/Applications/Refloor.app/Frameworks/Zip.framework'>', codeSigningInfo='<_DVTCodeSigningInformation_Path: 0xa798bbd20; isSigned='1', isAdHocSigned='0', signingCertificate='<DVTSigningCertificate: 0xafa6ad500; name='Apple Development: Matthew Elias (5WL474P77Y)', hash='DB6CC57BBF17707F319BE0CD5155E70F3F088A25', serialNumber='38333F483CD67AA557B7C5B27DD5464C', certificateKinds='(
    "1.2.840.113635.100.6.1.12",
    "1.2.840.113635.100.6.1.2"
), issueDate='2025-08-11 05:52:50 +0000''>', entitlements='(null)', teamID='F8JN2G36QM', identifier='org.cocoapods.Zip', executablePath='<DVTFilePath:0xa79842a00:'/Users/macbook/Library/Developer/Xcode/Archives/2026-03-02/Refloor 3-2-26, 1.10 PM.xcarchive/Products/Applications/Refloor.app/Frameworks/Zip.framework/Zip'>', hardenedRuntime='0'>'> are: {
}
2026-03-02 07:42:09 +0000  Writing entitlements for <IDEDistributionItem: 0xa798bbc60; bundleID='org.cocoapods.Zip', path='<DVTFilePath:0xa79842700:'/Users/macbook/Library/Developer/Xcode/Archives/2026-03-02/Refloor 3-2-26, 1.10 PM.xcarchive/Products/Applications/Refloor.app/Frameworks/Zip.framework'>', codeSigningInfo='<_DVTCodeSigningInformation_Path: 0xa798bbd20; isSigned='1', isAdHocSigned='0', signingCertificate='<DVTSigningCertificate: 0xafa6ad500; name='Apple Development: Matthew Elias (5WL474P77Y)', hash='DB6CC57BBF17707F319BE0CD5155E70F3F088A25', serialNumber='38333F483CD67AA557B7C5B27DD5464C', certificateKinds='(
    "1.2.840.113635.100.6.1.12",
    "1.2.840.113635.100.6.1.2"
), issueDate='2025-08-11 05:52:50 +0000''>', entitlements='(null)', teamID='F8JN2G36QM', identifier='org.cocoapods.Zip', executablePath='<DVTFilePath:0xa79842a00:'/Users/macbook/Library/Developer/Xcode/Archives/2026-03-02/Refloor 3-2-26, 1.10 PM.xcarchive/Products/Applications/Refloor.app/Frameworks/Zip.framework/Zip'>', hardenedRuntime='0'>'> to: /var/folders/r3/81p5d_c505l5g5hf9p01yqdh0000gn/T/XcodeDistPipeline.~~~xtDOCp/entitlements~~~mtwpOG
2026-03-02 07:42:09 +0000  invoking codesign: <NSConcreteTask: 0xb01e4c7d0; launchPath='/usr/bin/codesign', arguments='(
    "-f",
    "-s",
    6179D3F817E001159E608D43AF9CEF8975C575F3,
    "--entitlements",
    "/var/folders/r3/81p5d_c505l5g5hf9p01yqdh0000gn/T/XcodeDistPipeline.~~~xtDOCp/entitlements~~~mtwpOG",
    "--preserve-metadata=identifier,flags,runtime,launch-constraints,library-constraints",
    "--generate-entitlement-der",
    "--strip-disallowed-xattrs",
    "-vvv",
    "/var/folders/r3/81p5d_c505l5g5hf9p01yqdh0000gn/T/XcodeDistPipeline.~~~xtDOCp/Root/Payload/Refloor.app/Frameworks/Zip.framework"
)'>
2026-03-02 07:42:09 +0000  codesign output: /var/folders/r3/81p5d_c505l5g5hf9p01yqdh0000gn/T/XcodeDistPipeline.~~~xtDOCp/Root/Payload/Refloor.app/Frameworks/Zip.framework: replacing existing signature
/var/folders/r3/81p5d_c505l5g5hf9p01yqdh0000gn/T/XcodeDistPipeline.~~~xtDOCp/Root/Payload/Refloor.app/Frameworks/Zip.framework: signed bundle with Mach-O thin (arm64) [org.cocoapods.Zip]
2026-03-02 07:42:09 +0000  Entitlements for <IDEDistributionItem: 0xace75e9a0; bundleID='org.cocoapods.absl', path='<DVTFilePath:0xace737540:'/Users/macbook/Library/Developer/Xcode/Archives/2026-03-02/Refloor 3-2-26, 1.10 PM.xcarchive/Products/Applications/Refloor.app/Frameworks/absl.framework'>', codeSigningInfo='<_DVTCodeSigningInformation_Path: 0xace6a3a80; isSigned='1', isAdHocSigned='0', signingCertificate='<DVTSigningCertificate: 0xafa6ad5c0; name='Apple Development: Matthew Elias (5WL474P77Y)', hash='DB6CC57BBF17707F319BE0CD5155E70F3F088A25', serialNumber='38333F483CD67AA557B7C5B27DD5464C', certificateKinds='(
    "1.2.840.113635.100.6.1.12",
    "1.2.840.113635.100.6.1.2"
), issueDate='2025-08-11 05:52:50 +0000''>', entitlements='(null)', teamID='F8JN2G36QM', identifier='org.cocoapods.absl', executablePath='<DVTFilePath:0xace737780:'/Users/macbook/Library/Developer/Xcode/Archives/2026-03-02/Refloor 3-2-26, 1.10 PM.xcarchive/Products/Applications/Refloor.app/Frameworks/absl.framework/absl'>', hardenedRuntime='0'>'>: {
}
2026-03-02 07:42:09 +0000  Associated App Clip Identifiers Filter: Skipping because "com.apple.developer.associated-appclip-app-identifiers" is not present
2026-03-02 07:42:09 +0000  Entitlements for <IDEDistributionItem: 0xace75e9a0; bundleID='org.cocoapods.absl', path='<DVTFilePath:0xace737540:'/Users/macbook/Library/Developer/Xcode/Archives/2026-03-02/Refloor 3-2-26, 1.10 PM.xcarchive/Products/Applications/Refloor.app/Frameworks/absl.framework'>', codeSigningInfo='<_DVTCodeSigningInformation_Path: 0xace6a3a80; isSigned='1', isAdHocSigned='0', signingCertificate='<DVTSigningCertificate: 0xafa6ad500; name='Apple Development: Matthew Elias (5WL474P77Y)', hash='DB6CC57BBF17707F319BE0CD5155E70F3F088A25', serialNumber='38333F483CD67AA557B7C5B27DD5464C', certificateKinds='(
    "1.2.840.113635.100.6.1.12",
    "1.2.840.113635.100.6.1.2"
), issueDate='2025-08-11 05:52:50 +0000''>', entitlements='(null)', teamID='F8JN2G36QM', identifier='org.cocoapods.absl', executablePath='<DVTFilePath:0xace737780:'/Users/macbook/Library/Developer/Xcode/Archives/2026-03-02/Refloor 3-2-26, 1.10 PM.xcarchive/Products/Applications/Refloor.app/Frameworks/absl.framework/absl'>', hardenedRuntime='0'>'> are: {
}
2026-03-02 07:42:09 +0000  Writing entitlements for <IDEDistributionItem: 0xace75e9a0; bundleID='org.cocoapods.absl', path='<DVTFilePath:0xace737540:'/Users/macbook/Library/Developer/Xcode/Archives/2026-03-02/Refloor 3-2-26, 1.10 PM.xcarchive/Products/Applications/Refloor.app/Frameworks/absl.framework'>', codeSigningInfo='<_DVTCodeSigningInformation_Path: 0xace6a3a80; isSigned='1', isAdHocSigned='0', signingCertificate='<DVTSigningCertificate: 0xafa6ad500; name='Apple Development: Matthew Elias (5WL474P77Y)', hash='DB6CC57BBF17707F319BE0CD5155E70F3F088A25', serialNumber='38333F483CD67AA557B7C5B27DD5464C', certificateKinds='(
    "1.2.840.113635.100.6.1.12",
    "1.2.840.113635.100.6.1.2"
), issueDate='2025-08-11 05:52:50 +0000''>', entitlements='(null)', teamID='F8JN2G36QM', identifier='org.cocoapods.absl', executablePath='<DVTFilePath:0xace737780:'/Users/macbook/Library/Developer/Xcode/Archives/2026-03-02/Refloor 3-2-26, 1.10 PM.xcarchive/Products/Applications/Refloor.app/Frameworks/absl.framework/absl'>', hardenedRuntime='0'>'> to: /var/folders/r3/81p5d_c505l5g5hf9p01yqdh0000gn/T/XcodeDistPipeline.~~~xtDOCp/entitlements~~~uHRzkK
2026-03-02 07:42:09 +0000  invoking codesign: <NSConcreteTask: 0xb01e4c7d0; launchPath='/usr/bin/codesign', arguments='(
    "-f",
    "-s",
    6179D3F817E001159E608D43AF9CEF8975C575F3,
    "--entitlements",
    "/var/folders/r3/81p5d_c505l5g5hf9p01yqdh0000gn/T/XcodeDistPipeline.~~~xtDOCp/entitlements~~~uHRzkK",
    "--preserve-metadata=identifier,flags,runtime,launch-constraints,library-constraints",
    "--generate-entitlement-der",
    "--strip-disallowed-xattrs",
    "-vvv",
    "/var/folders/r3/81p5d_c505l5g5hf9p01yqdh0000gn/T/XcodeDistPipeline.~~~xtDOCp/Root/Payload/Refloor.app/Frameworks/absl.framework"
)'>
2026-03-02 07:42:09 +0000  codesign output: /var/folders/r3/81p5d_c505l5g5hf9p01yqdh0000gn/T/XcodeDistPipeline.~~~xtDOCp/Root/Payload/Refloor.app/Frameworks/absl.framework: replacing existing signature
/var/folders/r3/81p5d_c505l5g5hf9p01yqdh0000gn/T/XcodeDistPipeline.~~~xtDOCp/Root/Payload/Refloor.app/Frameworks/absl.framework: signed bundle with Mach-O thin (arm64) [org.cocoapods.absl]
2026-03-02 07:42:09 +0000  Entitlements for <IDEDistributionItem: 0xa798bb540; bundleID='org.cocoapods.grpc', path='<DVTFilePath:0xa798398c0:'/Users/macbook/Library/Developer/Xcode/Archives/2026-03-02/Refloor 3-2-26, 1.10 PM.xcarchive/Products/Applications/Refloor.app/Frameworks/grpc.framework'>', codeSigningInfo='<_DVTCodeSigningInformation_Path: 0xa798bb8a0; isSigned='1', isAdHocSigned='0', signingCertificate='<DVTSigningCertificate: 0xafa6ad5c0; name='Apple Development: Matthew Elias (5WL474P77Y)', hash='DB6CC57BBF17707F319BE0CD5155E70F3F088A25', serialNumber='38333F483CD67AA557B7C5B27DD5464C', certificateKinds='(
    "1.2.840.113635.100.6.1.12",
    "1.2.840.113635.100.6.1.2"
), issueDate='2025-08-11 05:52:50 +0000''>', entitlements='(null)', teamID='F8JN2G36QM', identifier='org.cocoapods.grpc', executablePath='<DVTFilePath:0xa79839b00:'/Users/macbook/Library/Developer/Xcode/Archives/2026-03-02/Refloor 3-2-26, 1.10 PM.xcarchive/Products/Applications/Refloor.app/Frameworks/grpc.framework/grpc'>', hardenedRuntime='0'>'>: {
}
2026-03-02 07:42:09 +0000  Associated App Clip Identifiers Filter: Skipping because "com.apple.developer.associated-appclip-app-identifiers" is not present
2026-03-02 07:42:09 +0000  Entitlements for <IDEDistributionItem: 0xa798bb540; bundleID='org.cocoapods.grpc', path='<DVTFilePath:0xa798398c0:'/Users/macbook/Library/Developer/Xcode/Archives/2026-03-02/Refloor 3-2-26, 1.10 PM.xcarchive/Products/Applications/Refloor.app/Frameworks/grpc.framework'>', codeSigningInfo='<_DVTCodeSigningInformation_Path: 0xa798bb8a0; isSigned='1', isAdHocSigned='0', signingCertificate='<DVTSigningCertificate: 0xafa6ad500; name='Apple Development: Matthew Elias (5WL474P77Y)', hash='DB6CC57BBF17707F319BE0CD5155E70F3F088A25', serialNumber='38333F483CD67AA557B7C5B27DD5464C', certificateKinds='(
    "1.2.840.113635.100.6.1.12",
    "1.2.840.113635.100.6.1.2"
), issueDate='2025-08-11 05:52:50 +0000''>', entitlements='(null)', teamID='F8JN2G36QM', identifier='org.cocoapods.grpc', executablePath='<DVTFilePath:0xa79839b00:'/Users/macbook/Library/Developer/Xcode/Archives/2026-03-02/Refloor 3-2-26, 1.10 PM.xcarchive/Products/Applications/Refloor.app/Frameworks/grpc.framework/grpc'>', hardenedRuntime='0'>'> are: {
}
2026-03-02 07:42:09 +0000  Writing entitlements for <IDEDistributionItem: 0xa798bb540; bundleID='org.cocoapods.grpc', path='<DVTFilePath:0xa798398c0:'/Users/macbook/Library/Developer/Xcode/Archives/2026-03-02/Refloor 3-2-26, 1.10 PM.xcarchive/Products/Applications/Refloor.app/Frameworks/grpc.framework'>', codeSigningInfo='<_DVTCodeSigningInformation_Path: 0xa798bb8a0; isSigned='1', isAdHocSigned='0', signingCertificate='<DVTSigningCertificate: 0xafa6ad500; name='Apple Development: Matthew Elias (5WL474P77Y)', hash='DB6CC57BBF17707F319BE0CD5155E70F3F088A25', serialNumber='38333F483CD67AA557B7C5B27DD5464C', certificateKinds='(
    "1.2.840.113635.100.6.1.12",
    "1.2.840.113635.100.6.1.2"
), issueDate='2025-08-11 05:52:50 +0000''>', entitlements='(null)', teamID='F8JN2G36QM', identifier='org.cocoapods.grpc', executablePath='<DVTFilePath:0xa79839b00:'/Users/macbook/Library/Developer/Xcode/Archives/2026-03-02/Refloor 3-2-26, 1.10 PM.xcarchive/Products/Applications/Refloor.app/Frameworks/grpc.framework/grpc'>', hardenedRuntime='0'>'> to: /var/folders/r3/81p5d_c505l5g5hf9p01yqdh0000gn/T/XcodeDistPipeline.~~~xtDOCp/entitlements~~~00NsMF
2026-03-02 07:42:09 +0000  invoking codesign: <NSConcreteTask: 0xb01e4c7d0; launchPath='/usr/bin/codesign', arguments='(
    "-f",
    "-s",
    6179D3F817E001159E608D43AF9CEF8975C575F3,
    "--entitlements",
    "/var/folders/r3/81p5d_c505l5g5hf9p01yqdh0000gn/T/XcodeDistPipeline.~~~xtDOCp/entitlements~~~00NsMF",
    "--preserve-metadata=identifier,flags,runtime,launch-constraints,library-constraints",
    "--generate-entitlement-der",
    "--strip-disallowed-xattrs",
    "-vvv",
    "/var/folders/r3/81p5d_c505l5g5hf9p01yqdh0000gn/T/XcodeDistPipeline.~~~xtDOCp/Root/Payload/Refloor.app/Frameworks/grpc.framework"
)'>
2026-03-02 07:42:09 +0000  codesign output: /var/folders/r3/81p5d_c505l5g5hf9p01yqdh0000gn/T/XcodeDistPipeline.~~~xtDOCp/Root/Payload/Refloor.app/Frameworks/grpc.framework: replacing existing signature
/var/folders/r3/81p5d_c505l5g5hf9p01yqdh0000gn/T/XcodeDistPipeline.~~~xtDOCp/Root/Payload/Refloor.app/Frameworks/grpc.framework: signed bundle with Mach-O thin (arm64) [org.cocoapods.grpc]
2026-03-02 07:42:09 +0000  Entitlements for <IDEDistributionItem: 0xa79853b40; bundleID='org.cocoapods.grpcpp', path='<DVTFilePath:0xace74f250:'/Users/macbook/Library/Developer/Xcode/Archives/2026-03-02/Refloor 3-2-26, 1.10 PM.xcarchive/Products/Applications/Refloor.app/Frameworks/grpcpp.framework'>', codeSigningInfo='<_DVTCodeSigningInformation_Path: 0xa79853780; isSigned='1', isAdHocSigned='0', signingCertificate='<DVTSigningCertificate: 0xafa6ad5c0; name='Apple Development: Matthew Elias (5WL474P77Y)', hash='DB6CC57BBF17707F319BE0CD5155E70F3F088A25', serialNumber='38333F483CD67AA557B7C5B27DD5464C', certificateKinds='(
    "1.2.840.113635.100.6.1.12",
    "1.2.840.113635.100.6.1.2"
), issueDate='2025-08-11 05:52:50 +0000''>', entitlements='(null)', teamID='F8JN2G36QM', identifier='org.cocoapods.grpcpp', executablePath='<DVTFilePath:0xa7983a220:'/Users/macbook/Library/Developer/Xcode/Archives/2026-03-02/Refloor 3-2-26, 1.10 PM.xcarchive/Products/Applications/Refloor.app/Frameworks/grpcpp.framework/grpcpp'>', hardenedRuntime='0'>'>: {
}
2026-03-02 07:42:09 +0000  Associated App Clip Identifiers Filter: Skipping because "com.apple.developer.associated-appclip-app-identifiers" is not present
2026-03-02 07:42:09 +0000  Entitlements for <IDEDistributionItem: 0xa79853b40; bundleID='org.cocoapods.grpcpp', path='<DVTFilePath:0xace74f250:'/Users/macbook/Library/Developer/Xcode/Archives/2026-03-02/Refloor 3-2-26, 1.10 PM.xcarchive/Products/Applications/Refloor.app/Frameworks/grpcpp.framework'>', codeSigningInfo='<_DVTCodeSigningInformation_Path: 0xa79853780; isSigned='1', isAdHocSigned='0', signingCertificate='<DVTSigningCertificate: 0xafa6ad500; name='Apple Development: Matthew Elias (5WL474P77Y)', hash='DB6CC57BBF17707F319BE0CD5155E70F3F088A25', serialNumber='38333F483CD67AA557B7C5B27DD5464C', certificateKinds='(
    "1.2.840.113635.100.6.1.12",
    "1.2.840.113635.100.6.1.2"
), issueDate='2025-08-11 05:52:50 +0000''>', entitlements='(null)', teamID='F8JN2G36QM', identifier='org.cocoapods.grpcpp', executablePath='<DVTFilePath:0xa7983a220:'/Users/macbook/Library/Developer/Xcode/Archives/2026-03-02/Refloor 3-2-26, 1.10 PM.xcarchive/Products/Applications/Refloor.app/Frameworks/grpcpp.framework/grpcpp'>', hardenedRuntime='0'>'> are: {
}
2026-03-02 07:42:09 +0000  Writing entitlements for <IDEDistributionItem: 0xa79853b40; bundleID='org.cocoapods.grpcpp', path='<DVTFilePath:0xace74f250:'/Users/macbook/Library/Developer/Xcode/Archives/2026-03-02/Refloor 3-2-26, 1.10 PM.xcarchive/Products/Applications/Refloor.app/Frameworks/grpcpp.framework'>', codeSigningInfo='<_DVTCodeSigningInformation_Path: 0xa79853780; isSigned='1', isAdHocSigned='0', signingCertificate='<DVTSigningCertificate: 0xafa6ad500; name='Apple Development: Matthew Elias (5WL474P77Y)', hash='DB6CC57BBF17707F319BE0CD5155E70F3F088A25', serialNumber='38333F483CD67AA557B7C5B27DD5464C', certificateKinds='(
    "1.2.840.113635.100.6.1.12",
    "1.2.840.113635.100.6.1.2"
), issueDate='2025-08-11 05:52:50 +0000''>', entitlements='(null)', teamID='F8JN2G36QM', identifier='org.cocoapods.grpcpp', executablePath='<DVTFilePath:0xa7983a220:'/Users/macbook/Library/Developer/Xcode/Archives/2026-03-02/Refloor 3-2-26, 1.10 PM.xcarchive/Products/Applications/Refloor.app/Frameworks/grpcpp.framework/grpcpp'>', hardenedRuntime='0'>'> to: /var/folders/r3/81p5d_c505l5g5hf9p01yqdh0000gn/T/XcodeDistPipeline.~~~xtDOCp/entitlements~~~JME9P9
2026-03-02 07:42:09 +0000  invoking codesign: <NSConcreteTask: 0xb01e4c7d0; launchPath='/usr/bin/codesign', arguments='(
    "-f",
    "-s",
    6179D3F817E001159E608D43AF9CEF8975C575F3,
    "--entitlements",
    "/var/folders/r3/81p5d_c505l5g5hf9p01yqdh0000gn/T/XcodeDistPipeline.~~~xtDOCp/entitlements~~~JME9P9",
    "--preserve-metadata=identifier,flags,runtime,launch-constraints,library-constraints",
    "--generate-entitlement-der",
    "--strip-disallowed-xattrs",
    "-vvv",
    "/var/folders/r3/81p5d_c505l5g5hf9p01yqdh0000gn/T/XcodeDistPipeline.~~~xtDOCp/Root/Payload/Refloor.app/Frameworks/grpcpp.framework"
)'>
2026-03-02 07:42:09 +0000  codesign output: /var/folders/r3/81p5d_c505l5g5hf9p01yqdh0000gn/T/XcodeDistPipeline.~~~xtDOCp/Root/Payload/Refloor.app/Frameworks/grpcpp.framework: replacing existing signature
/var/folders/r3/81p5d_c505l5g5hf9p01yqdh0000gn/T/XcodeDistPipeline.~~~xtDOCp/Root/Payload/Refloor.app/Frameworks/grpcpp.framework: signed bundle with Mach-O thin (arm64) [org.cocoapods.grpcpp]
2026-03-02 07:42:09 +0000  Entitlements for <IDEDistributionItem: 0xa798baee0; bundleID='org.cocoapods.leveldb', path='<DVTFilePath:0xace74e760:'/Users/macbook/Library/Developer/Xcode/Archives/2026-03-02/Refloor 3-2-26, 1.10 PM.xcarchive/Products/Applications/Refloor.app/Frameworks/leveldb.framework'>', codeSigningInfo='<_DVTCodeSigningInformation_Path: 0xa798bae80; isSigned='1', isAdHocSigned='0', signingCertificate='<DVTSigningCertificate: 0xafa6ad5c0; name='Apple Development: Matthew Elias (5WL474P77Y)', hash='DB6CC57BBF17707F319BE0CD5155E70F3F088A25', serialNumber='38333F483CD67AA557B7C5B27DD5464C', certificateKinds='(
    "1.2.840.113635.100.6.1.12",
    "1.2.840.113635.100.6.1.2"
), issueDate='2025-08-11 05:52:50 +0000''>', entitlements='(null)', teamID='F8JN2G36QM', identifier='org.cocoapods.leveldb', executablePath='<DVTFilePath:0xa7983b9c0:'/Users/macbook/Library/Developer/Xcode/Archives/2026-03-02/Refloor 3-2-26, 1.10 PM.xcarchive/Products/Applications/Refloor.app/Frameworks/leveldb.framework/leveldb'>', hardenedRuntime='0'>'>: {
}
2026-03-02 07:42:09 +0000  Associated App Clip Identifiers Filter: Skipping because "com.apple.developer.associated-appclip-app-identifiers" is not present
2026-03-02 07:42:09 +0000  Entitlements for <IDEDistributionItem: 0xa798baee0; bundleID='org.cocoapods.leveldb', path='<DVTFilePath:0xace74e760:'/Users/macbook/Library/Developer/Xcode/Archives/2026-03-02/Refloor 3-2-26, 1.10 PM.xcarchive/Products/Applications/Refloor.app/Frameworks/leveldb.framework'>', codeSigningInfo='<_DVTCodeSigningInformation_Path: 0xa798bae80; isSigned='1', isAdHocSigned='0', signingCertificate='<DVTSigningCertificate: 0xafa6ad500; name='Apple Development: Matthew Elias (5WL474P77Y)', hash='DB6CC57BBF17707F319BE0CD5155E70F3F088A25', serialNumber='38333F483CD67AA557B7C5B27DD5464C', certificateKinds='(
    "1.2.840.113635.100.6.1.12",
    "1.2.840.113635.100.6.1.2"
), issueDate='2025-08-11 05:52:50 +0000''>', entitlements='(null)', teamID='F8JN2G36QM', identifier='org.cocoapods.leveldb', executablePath='<DVTFilePath:0xa7983b9c0:'/Users/macbook/Library/Developer/Xcode/Archives/2026-03-02/Refloor 3-2-26, 1.10 PM.xcarchive/Products/Applications/Refloor.app/Frameworks/leveldb.framework/leveldb'>', hardenedRuntime='0'>'> are: {
}
2026-03-02 07:42:09 +0000  Writing entitlements for <IDEDistributionItem: 0xa798baee0; bundleID='org.cocoapods.leveldb', path='<DVTFilePath:0xace74e760:'/Users/macbook/Library/Developer/Xcode/Archives/2026-03-02/Refloor 3-2-26, 1.10 PM.xcarchive/Products/Applications/Refloor.app/Frameworks/leveldb.framework'>', codeSigningInfo='<_DVTCodeSigningInformation_Path: 0xa798bae80; isSigned='1', isAdHocSigned='0', signingCertificate='<DVTSigningCertificate: 0xafa6ad500; name='Apple Development: Matthew Elias (5WL474P77Y)', hash='DB6CC57BBF17707F319BE0CD5155E70F3F088A25', serialNumber='38333F483CD67AA557B7C5B27DD5464C', certificateKinds='(
    "1.2.840.113635.100.6.1.12",
    "1.2.840.113635.100.6.1.2"
), issueDate='2025-08-11 05:52:50 +0000''>', entitlements='(null)', teamID='F8JN2G36QM', identifier='org.cocoapods.leveldb', executablePath='<DVTFilePath:0xa7983b9c0:'/Users/macbook/Library/Developer/Xcode/Archives/2026-03-02/Refloor 3-2-26, 1.10 PM.xcarchive/Products/Applications/Refloor.app/Frameworks/leveldb.framework/leveldb'>', hardenedRuntime='0'>'> to: /var/folders/r3/81p5d_c505l5g5hf9p01yqdh0000gn/T/XcodeDistPipeline.~~~xtDOCp/entitlements~~~6PI3vD
2026-03-02 07:42:09 +0000  invoking codesign: <NSConcreteTask: 0xb01e4c7d0; launchPath='/usr/bin/codesign', arguments='(
    "-f",
    "-s",
    6179D3F817E001159E608D43AF9CEF8975C575F3,
    "--entitlements",
    "/var/folders/r3/81p5d_c505l5g5hf9p01yqdh0000gn/T/XcodeDistPipeline.~~~xtDOCp/entitlements~~~6PI3vD",
    "--preserve-metadata=identifier,flags,runtime,launch-constraints,library-constraints",
    "--generate-entitlement-der",
    "--strip-disallowed-xattrs",
    "-vvv",
    "/var/folders/r3/81p5d_c505l5g5hf9p01yqdh0000gn/T/XcodeDistPipeline.~~~xtDOCp/Root/Payload/Refloor.app/Frameworks/leveldb.framework"
)'>
2026-03-02 07:42:09 +0000  codesign output: /var/folders/r3/81p5d_c505l5g5hf9p01yqdh0000gn/T/XcodeDistPipeline.~~~xtDOCp/Root/Payload/Refloor.app/Frameworks/leveldb.framework: replacing existing signature
/var/folders/r3/81p5d_c505l5g5hf9p01yqdh0000gn/T/XcodeDistPipeline.~~~xtDOCp/Root/Payload/Refloor.app/Frameworks/leveldb.framework: signed bundle with Mach-O thin (arm64) [org.cocoapods.leveldb]
2026-03-02 07:42:09 +0000  Entitlements for <IDEDistributionItem: 0xace69daa0; bundleID='org.cocoapods.libwebp', path='<DVTFilePath:0xace74e5a0:'/Users/macbook/Library/Developer/Xcode/Archives/2026-03-02/Refloor 3-2-26, 1.10 PM.xcarchive/Products/Applications/Refloor.app/Frameworks/libwebp.framework'>', codeSigningInfo='<_DVTCodeSigningInformation_Path: 0xae332d6e0; isSigned='1', isAdHocSigned='0', signingCertificate='<DVTSigningCertificate: 0xafa6ad5c0; name='Apple Development: Matthew Elias (5WL474P77Y)', hash='DB6CC57BBF17707F319BE0CD5155E70F3F088A25', serialNumber='38333F483CD67AA557B7C5B27DD5464C', certificateKinds='(
    "1.2.840.113635.100.6.1.12",
    "1.2.840.113635.100.6.1.2"
), issueDate='2025-08-11 05:52:50 +0000''>', entitlements='(null)', teamID='F8JN2G36QM', identifier='org.cocoapods.libwebp', executablePath='<DVTFilePath:0xa7983bea0:'/Users/macbook/Library/Developer/Xcode/Archives/2026-03-02/Refloor 3-2-26, 1.10 PM.xcarchive/Products/Applications/Refloor.app/Frameworks/libwebp.framework/libwebp'>', hardenedRuntime='0'>'>: {
}
2026-03-02 07:42:09 +0000  Associated App Clip Identifiers Filter: Skipping because "com.apple.developer.associated-appclip-app-identifiers" is not present
2026-03-02 07:42:09 +0000  Entitlements for <IDEDistributionItem: 0xace69daa0; bundleID='org.cocoapods.libwebp', path='<DVTFilePath:0xace74e5a0:'/Users/macbook/Library/Developer/Xcode/Archives/2026-03-02/Refloor 3-2-26, 1.10 PM.xcarchive/Products/Applications/Refloor.app/Frameworks/libwebp.framework'>', codeSigningInfo='<_DVTCodeSigningInformation_Path: 0xae332d6e0; isSigned='1', isAdHocSigned='0', signingCertificate='<DVTSigningCertificate: 0xafa6ad500; name='Apple Development: Matthew Elias (5WL474P77Y)', hash='DB6CC57BBF17707F319BE0CD5155E70F3F088A25', serialNumber='38333F483CD67AA557B7C5B27DD5464C', certificateKinds='(
    "1.2.840.113635.100.6.1.12",
    "1.2.840.113635.100.6.1.2"
), issueDate='2025-08-11 05:52:50 +0000''>', entitlements='(null)', teamID='F8JN2G36QM', identifier='org.cocoapods.libwebp', executablePath='<DVTFilePath:0xa7983bea0:'/Users/macbook/Library/Developer/Xcode/Archives/2026-03-02/Refloor 3-2-26, 1.10 PM.xcarchive/Products/Applications/Refloor.app/Frameworks/libwebp.framework/libwebp'>', hardenedRuntime='0'>'> are: {
}
2026-03-02 07:42:09 +0000  Writing entitlements for <IDEDistributionItem: 0xace69daa0; bundleID='org.cocoapods.libwebp', path='<DVTFilePath:0xace74e5a0:'/Users/macbook/Library/Developer/Xcode/Archives/2026-03-02/Refloor 3-2-26, 1.10 PM.xcarchive/Products/Applications/Refloor.app/Frameworks/libwebp.framework'>', codeSigningInfo='<_DVTCodeSigningInformation_Path: 0xae332d6e0; isSigned='1', isAdHocSigned='0', signingCertificate='<DVTSigningCertificate: 0xafa6ad500; name='Apple Development: Matthew Elias (5WL474P77Y)', hash='DB6CC57BBF17707F319BE0CD5155E70F3F088A25', serialNumber='38333F483CD67AA557B7C5B27DD5464C', certificateKinds='(
    "1.2.840.113635.100.6.1.12",
    "1.2.840.113635.100.6.1.2"
), issueDate='2025-08-11 05:52:50 +0000''>', entitlements='(null)', teamID='F8JN2G36QM', identifier='org.cocoapods.libwebp', executablePath='<DVTFilePath:0xa7983bea0:'/Users/macbook/Library/Developer/Xcode/Archives/2026-03-02/Refloor 3-2-26, 1.10 PM.xcarchive/Products/Applications/Refloor.app/Frameworks/libwebp.framework/libwebp'>', hardenedRuntime='0'>'> to: /var/folders/r3/81p5d_c505l5g5hf9p01yqdh0000gn/T/XcodeDistPipeline.~~~xtDOCp/entitlements~~~DbWOgI
2026-03-02 07:42:09 +0000  invoking codesign: <NSConcreteTask: 0xb01e4c7d0; launchPath='/usr/bin/codesign', arguments='(
    "-f",
    "-s",
    6179D3F817E001159E608D43AF9CEF8975C575F3,
    "--entitlements",
    "/var/folders/r3/81p5d_c505l5g5hf9p01yqdh0000gn/T/XcodeDistPipeline.~~~xtDOCp/entitlements~~~DbWOgI",
    "--preserve-metadata=identifier,flags,runtime,launch-constraints,library-constraints",
    "--generate-entitlement-der",
    "--strip-disallowed-xattrs",
    "-vvv",
    "/var/folders/r3/81p5d_c505l5g5hf9p01yqdh0000gn/T/XcodeDistPipeline.~~~xtDOCp/Root/Payload/Refloor.app/Frameworks/libwebp.framework"
)'>
2026-03-02 07:42:09 +0000  codesign output: /var/folders/r3/81p5d_c505l5g5hf9p01yqdh0000gn/T/XcodeDistPipeline.~~~xtDOCp/Root/Payload/Refloor.app/Frameworks/libwebp.framework: replacing existing signature
/var/folders/r3/81p5d_c505l5g5hf9p01yqdh0000gn/T/XcodeDistPipeline.~~~xtDOCp/Root/Payload/Refloor.app/Frameworks/libwebp.framework: signed bundle with Mach-O thin (arm64) [org.cocoapods.libwebp]
2026-03-02 07:42:09 +0000  Entitlements for <IDEDistributionItem: 0xa798b8660; bundleID='org.cocoapods.nanopb', path='<DVTFilePath:0xace74e300:'/Users/macbook/Library/Developer/Xcode/Archives/2026-03-02/Refloor 3-2-26, 1.10 PM.xcarchive/Products/Applications/Refloor.app/Frameworks/nanopb.framework'>', codeSigningInfo='<_DVTCodeSigningInformation_Path: 0xa798b8960; isSigned='1', isAdHocSigned='0', signingCertificate='<DVTSigningCertificate: 0xafa6ad5c0; name='Apple Development: Matthew Elias (5WL474P77Y)', hash='DB6CC57BBF17707F319BE0CD5155E70F3F088A25', serialNumber='38333F483CD67AA557B7C5B27DD5464C', certificateKinds='(
    "1.2.840.113635.100.6.1.12",
    "1.2.840.113635.100.6.1.2"
), issueDate='2025-08-11 05:52:50 +0000''>', entitlements='(null)', teamID='F8JN2G36QM', identifier='org.cocoapods.nanopb', executablePath='<DVTFilePath:0xa7983cc00:'/Users/macbook/Library/Developer/Xcode/Archives/2026-03-02/Refloor 3-2-26, 1.10 PM.xcarchive/Products/Applications/Refloor.app/Frameworks/nanopb.framework/nanopb'>', hardenedRuntime='0'>'>: {
}
2026-03-02 07:42:09 +0000  Associated App Clip Identifiers Filter: Skipping because "com.apple.developer.associated-appclip-app-identifiers" is not present
2026-03-02 07:42:09 +0000  Entitlements for <IDEDistributionItem: 0xa798b8660; bundleID='org.cocoapods.nanopb', path='<DVTFilePath:0xace74e300:'/Users/macbook/Library/Developer/Xcode/Archives/2026-03-02/Refloor 3-2-26, 1.10 PM.xcarchive/Products/Applications/Refloor.app/Frameworks/nanopb.framework'>', codeSigningInfo='<_DVTCodeSigningInformation_Path: 0xa798b8960; isSigned='1', isAdHocSigned='0', signingCertificate='<DVTSigningCertificate: 0xafa6ad500; name='Apple Development: Matthew Elias (5WL474P77Y)', hash='DB6CC57BBF17707F319BE0CD5155E70F3F088A25', serialNumber='38333F483CD67AA557B7C5B27DD5464C', certificateKinds='(
    "1.2.840.113635.100.6.1.12",
    "1.2.840.113635.100.6.1.2"
), issueDate='2025-08-11 05:52:50 +0000''>', entitlements='(null)', teamID='F8JN2G36QM', identifier='org.cocoapods.nanopb', executablePath='<DVTFilePath:0xa7983cc00:'/Users/macbook/Library/Developer/Xcode/Archives/2026-03-02/Refloor 3-2-26, 1.10 PM.xcarchive/Products/Applications/Refloor.app/Frameworks/nanopb.framework/nanopb'>', hardenedRuntime='0'>'> are: {
}
2026-03-02 07:42:09 +0000  Writing entitlements for <IDEDistributionItem: 0xa798b8660; bundleID='org.cocoapods.nanopb', path='<DVTFilePath:0xace74e300:'/Users/macbook/Library/Developer/Xcode/Archives/2026-03-02/Refloor 3-2-26, 1.10 PM.xcarchive/Products/Applications/Refloor.app/Frameworks/nanopb.framework'>', codeSigningInfo='<_DVTCodeSigningInformation_Path: 0xa798b8960; isSigned='1', isAdHocSigned='0', signingCertificate='<DVTSigningCertificate: 0xafa6ad500; name='Apple Development: Matthew Elias (5WL474P77Y)', hash='DB6CC57BBF17707F319BE0CD5155E70F3F088A25', serialNumber='38333F483CD67AA557B7C5B27DD5464C', certificateKinds='(
    "1.2.840.113635.100.6.1.12",
    "1.2.840.113635.100.6.1.2"
), issueDate='2025-08-11 05:52:50 +0000''>', entitlements='(null)', teamID='F8JN2G36QM', identifier='org.cocoapods.nanopb', executablePath='<DVTFilePath:0xa7983cc00:'/Users/macbook/Library/Developer/Xcode/Archives/2026-03-02/Refloor 3-2-26, 1.10 PM.xcarchive/Products/Applications/Refloor.app/Frameworks/nanopb.framework/nanopb'>', hardenedRuntime='0'>'> to: /var/folders/r3/81p5d_c505l5g5hf9p01yqdh0000gn/T/XcodeDistPipeline.~~~xtDOCp/entitlements~~~annYLD
2026-03-02 07:42:09 +0000  invoking codesign: <NSConcreteTask: 0xb01e4c7d0; launchPath='/usr/bin/codesign', arguments='(
    "-f",
    "-s",
    6179D3F817E001159E608D43AF9CEF8975C575F3,
    "--entitlements",
    "/var/folders/r3/81p5d_c505l5g5hf9p01yqdh0000gn/T/XcodeDistPipeline.~~~xtDOCp/entitlements~~~annYLD",
    "--preserve-metadata=identifier,flags,runtime,launch-constraints,library-constraints",
    "--generate-entitlement-der",
    "--strip-disallowed-xattrs",
    "-vvv",
    "/var/folders/r3/81p5d_c505l5g5hf9p01yqdh0000gn/T/XcodeDistPipeline.~~~xtDOCp/Root/Payload/Refloor.app/Frameworks/nanopb.framework"
)'>
2026-03-02 07:42:09 +0000  codesign output: /var/folders/r3/81p5d_c505l5g5hf9p01yqdh0000gn/T/XcodeDistPipeline.~~~xtDOCp/Root/Payload/Refloor.app/Frameworks/nanopb.framework: replacing existing signature
/var/folders/r3/81p5d_c505l5g5hf9p01yqdh0000gn/T/XcodeDistPipeline.~~~xtDOCp/Root/Payload/Refloor.app/Frameworks/nanopb.framework: signed bundle with Mach-O thin (arm64) [org.cocoapods.nanopb]
2026-03-02 07:42:09 +0000  Entitlements for <IDEDistributionItem: 0xa798bb5a0; bundleID='org.cocoapods.openssl-grpc', path='<DVTFilePath:0xace74f9c0:'/Users/macbook/Library/Developer/Xcode/Archives/2026-03-02/Refloor 3-2-26, 1.10 PM.xcarchive/Products/Applications/Refloor.app/Frameworks/openssl_grpc.framework'>', codeSigningInfo='<_DVTCodeSigningInformation_Path: 0xa798bb4e0; isSigned='1', isAdHocSigned='0', signingCertificate='<DVTSigningCertificate: 0xafa6ad5c0; name='Apple Development: Matthew Elias (5WL474P77Y)', hash='DB6CC57BBF17707F319BE0CD5155E70F3F088A25', serialNumber='38333F483CD67AA557B7C5B27DD5464C', certificateKinds='(
    "1.2.840.113635.100.6.1.12",
    "1.2.840.113635.100.6.1.2"
), issueDate='2025-08-11 05:52:50 +0000''>', entitlements='(null)', teamID='F8JN2G36QM', identifier='org.cocoapods.openssl-grpc', executablePath='<DVTFilePath:0xa7983d740:'/Users/macbook/Library/Developer/Xcode/Archives/2026-03-02/Refloor 3-2-26, 1.10 PM.xcarchive/Products/Applications/Refloor.app/Frameworks/openssl_grpc.framework/openssl_grpc'>', hardenedRuntime='0'>'>: {
}
2026-03-02 07:42:09 +0000  Associated App Clip Identifiers Filter: Skipping because "com.apple.developer.associated-appclip-app-identifiers" is not present
2026-03-02 07:42:09 +0000  Entitlements for <IDEDistributionItem: 0xa798bb5a0; bundleID='org.cocoapods.openssl-grpc', path='<DVTFilePath:0xace74f9c0:'/Users/macbook/Library/Developer/Xcode/Archives/2026-03-02/Refloor 3-2-26, 1.10 PM.xcarchive/Products/Applications/Refloor.app/Frameworks/openssl_grpc.framework'>', codeSigningInfo='<_DVTCodeSigningInformation_Path: 0xa798bb4e0; isSigned='1', isAdHocSigned='0', signingCertificate='<DVTSigningCertificate: 0xafa6ad500; name='Apple Development: Matthew Elias (5WL474P77Y)', hash='DB6CC57BBF17707F319BE0CD5155E70F3F088A25', serialNumber='38333F483CD67AA557B7C5B27DD5464C', certificateKinds='(
    "1.2.840.113635.100.6.1.12",
    "1.2.840.113635.100.6.1.2"
), issueDate='2025-08-11 05:52:50 +0000''>', entitlements='(null)', teamID='F8JN2G36QM', identifier='org.cocoapods.openssl-grpc', executablePath='<DVTFilePath:0xa7983d740:'/Users/macbook/Library/Developer/Xcode/Archives/2026-03-02/Refloor 3-2-26, 1.10 PM.xcarchive/Products/Applications/Refloor.app/Frameworks/openssl_grpc.framework/openssl_grpc'>', hardenedRuntime='0'>'> are: {
}
2026-03-02 07:42:09 +0000  Writing entitlements for <IDEDistributionItem: 0xa798bb5a0; bundleID='org.cocoapods.openssl-grpc', path='<DVTFilePath:0xace74f9c0:'/Users/macbook/Library/Developer/Xcode/Archives/2026-03-02/Refloor 3-2-26, 1.10 PM.xcarchive/Products/Applications/Refloor.app/Frameworks/openssl_grpc.framework'>', codeSigningInfo='<_DVTCodeSigningInformation_Path: 0xa798bb4e0; isSigned='1', isAdHocSigned='0', signingCertificate='<DVTSigningCertificate: 0xafa6ad500; name='Apple Development: Matthew Elias (5WL474P77Y)', hash='DB6CC57BBF17707F319BE0CD5155E70F3F088A25', serialNumber='38333F483CD67AA557B7C5B27DD5464C', certificateKinds='(
    "1.2.840.113635.100.6.1.12",
    "1.2.840.113635.100.6.1.2"
), issueDate='2025-08-11 05:52:50 +0000''>', entitlements='(null)', teamID='F8JN2G36QM', identifier='org.cocoapods.openssl-grpc', executablePath='<DVTFilePath:0xa7983d740:'/Users/macbook/Library/Developer/Xcode/Archives/2026-03-02/Refloor 3-2-26, 1.10 PM.xcarchive/Products/Applications/Refloor.app/Frameworks/openssl_grpc.framework/openssl_grpc'>', hardenedRuntime='0'>'> to: /var/folders/r3/81p5d_c505l5g5hf9p01yqdh0000gn/T/XcodeDistPipeline.~~~xtDOCp/entitlements~~~9GnHP9
2026-03-02 07:42:09 +0000  invoking codesign: <NSConcreteTask: 0xb01e4c7d0; launchPath='/usr/bin/codesign', arguments='(
    "-f",
    "-s",
    6179D3F817E001159E608D43AF9CEF8975C575F3,
    "--entitlements",
    "/var/folders/r3/81p5d_c505l5g5hf9p01yqdh0000gn/T/XcodeDistPipeline.~~~xtDOCp/entitlements~~~9GnHP9",
    "--preserve-metadata=identifier,flags,runtime,launch-constraints,library-constraints",
    "--generate-entitlement-der",
    "--strip-disallowed-xattrs",
    "-vvv",
    "/var/folders/r3/81p5d_c505l5g5hf9p01yqdh0000gn/T/XcodeDistPipeline.~~~xtDOCp/Root/Payload/Refloor.app/Frameworks/openssl_grpc.framework"
)'>
2026-03-02 07:42:09 +0000  codesign output: /var/folders/r3/81p5d_c505l5g5hf9p01yqdh0000gn/T/XcodeDistPipeline.~~~xtDOCp/Root/Payload/Refloor.app/Frameworks/openssl_grpc.framework: replacing existing signature
/var/folders/r3/81p5d_c505l5g5hf9p01yqdh0000gn/T/XcodeDistPipeline.~~~xtDOCp/Root/Payload/Refloor.app/Frameworks/openssl_grpc.framework: signed bundle with Mach-O thin (arm64) [org.cocoapods.openssl-grpc]
2026-03-02 07:42:09 +0000  Entitlements for <IDEDistributionItem: 0xa798338a0; bundleID='com.refloor.salesapp', path='<DVTFilePath:0xace69fc00:'/Users/macbook/Library/Developer/Xcode/Archives/2026-03-02/Refloor 3-2-26, 1.10 PM.xcarchive/Products/Applications/Refloor.app'>', codeSigningInfo='<_DVTCodeSigningInformation_Path: 0xace72ed00; isSigned='1', isAdHocSigned='0', signingCertificate='<DVTSigningCertificate: 0xafa6ad5c0; name='Apple Development: Matthew Elias (5WL474P77Y)', hash='DB6CC57BBF17707F319BE0CD5155E70F3F088A25', serialNumber='38333F483CD67AA557B7C5B27DD5464C', certificateKinds='(
    "1.2.840.113635.100.6.1.12",
    "1.2.840.113635.100.6.1.2"
), issueDate='2025-08-11 05:52:50 +0000''>', entitlements='{
    "application-identifier" = "F8JN2G36QM.com.refloor.salesapp";
    "aps-environment" = development;
    "com.apple.developer.team-identifier" = F8JN2G36QM;
    "get-task-allow" = 1;
}', teamID='F8JN2G36QM', identifier='com.refloor.salesapp', executablePath='<DVTFilePath:0xa7984e400:'/Users/macbook/Library/Developer/Xcode/Archives/2026-03-02/Refloor 3-2-26, 1.10 PM.xcarchive/Products/Applications/Refloor.app/Refloor'>', hardenedRuntime='0'>'>: {
    "application-identifier" = "F8JN2G36QM.com.refloor.salesapp";
    "aps-environment" = production;
    "com.apple.developer.team-identifier" = F8JN2G36QM;
    "get-task-allow" = 0;
}
2026-03-02 07:42:09 +0000  Associated App Clip Identifiers Filter: Skipping because "com.apple.developer.associated-appclip-app-identifiers" is not present
2026-03-02 07:42:09 +0000  Entitlements for <IDEDistributionItem: 0xa798338a0; bundleID='com.refloor.salesapp', path='<DVTFilePath:0xace69fc00:'/Users/macbook/Library/Developer/Xcode/Archives/2026-03-02/Refloor 3-2-26, 1.10 PM.xcarchive/Products/Applications/Refloor.app'>', codeSigningInfo='<_DVTCodeSigningInformation_Path: 0xace72ed00; isSigned='1', isAdHocSigned='0', signingCertificate='<DVTSigningCertificate: 0xafa6ad500; name='Apple Development: Matthew Elias (5WL474P77Y)', hash='DB6CC57BBF17707F319BE0CD5155E70F3F088A25', serialNumber='38333F483CD67AA557B7C5B27DD5464C', certificateKinds='(
    "1.2.840.113635.100.6.1.12",
    "1.2.840.113635.100.6.1.2"
), issueDate='2025-08-11 05:52:50 +0000''>', entitlements='{
    "application-identifier" = "F8JN2G36QM.com.refloor.salesapp";
    "aps-environment" = development;
    "com.apple.developer.team-identifier" = F8JN2G36QM;
    "get-task-allow" = 1;
}', teamID='F8JN2G36QM', identifier='com.refloor.salesapp', executablePath='<DVTFilePath:0xa7984e400:'/Users/macbook/Library/Developer/Xcode/Archives/2026-03-02/Refloor 3-2-26, 1.10 PM.xcarchive/Products/Applications/Refloor.app/Refloor'>', hardenedRuntime='0'>'> are: {
    "application-identifier" = "F8JN2G36QM.com.refloor.salesapp";
    "aps-environment" = production;
    "com.apple.developer.team-identifier" = F8JN2G36QM;
    "get-task-allow" = 0;
}
2026-03-02 07:42:09 +0000  Writing entitlements for <IDEDistributionItem: 0xa798338a0; bundleID='com.refloor.salesapp', path='<DVTFilePath:0xace69fc00:'/Users/macbook/Library/Developer/Xcode/Archives/2026-03-02/Refloor 3-2-26, 1.10 PM.xcarchive/Products/Applications/Refloor.app'>', codeSigningInfo='<_DVTCodeSigningInformation_Path: 0xace72ed00; isSigned='1', isAdHocSigned='0', signingCertificate='<DVTSigningCertificate: 0xafa6ad500; name='Apple Development: Matthew Elias (5WL474P77Y)', hash='DB6CC57BBF17707F319BE0CD5155E70F3F088A25', serialNumber='38333F483CD67AA557B7C5B27DD5464C', certificateKinds='(
    "1.2.840.113635.100.6.1.12",
    "1.2.840.113635.100.6.1.2"
), issueDate='2025-08-11 05:52:50 +0000''>', entitlements='{
    "application-identifier" = "F8JN2G36QM.com.refloor.salesapp";
    "aps-environment" = development;
    "com.apple.developer.team-identifier" = F8JN2G36QM;
    "get-task-allow" = 1;
}', teamID='F8JN2G36QM', identifier='com.refloor.salesapp', executablePath='<DVTFilePath:0xa7984e400:'/Users/macbook/Library/Developer/Xcode/Archives/2026-03-02/Refloor 3-2-26, 1.10 PM.xcarchive/Products/Applications/Refloor.app/Refloor'>', hardenedRuntime='0'>'> to: /var/folders/r3/81p5d_c505l5g5hf9p01yqdh0000gn/T/XcodeDistPipeline.~~~xtDOCp/entitlements~~~NNdUdr
2026-03-02 07:42:09 +0000  invoking codesign: <NSConcreteTask: 0xb01e4c7d0; launchPath='/usr/bin/codesign', arguments='(
    "-f",
    "-s",
    6179D3F817E001159E608D43AF9CEF8975C575F3,
    "--entitlements",
    "/var/folders/r3/81p5d_c505l5g5hf9p01yqdh0000gn/T/XcodeDistPipeline.~~~xtDOCp/entitlements~~~NNdUdr",
    "--preserve-metadata=identifier,flags,runtime,launch-constraints,library-constraints",
    "--generate-entitlement-der",
    "--strip-disallowed-xattrs",
    "-vvv",
    "/var/folders/r3/81p5d_c505l5g5hf9p01yqdh0000gn/T/XcodeDistPipeline.~~~xtDOCp/Root/Payload/Refloor.app"
)'>
2026-03-02 07:42:09 +0000  codesign output: /var/folders/r3/81p5d_c505l5g5hf9p01yqdh0000gn/T/XcodeDistPipeline.~~~xtDOCp/Root/Payload/Refloor.app: replacing existing signature
/var/folders/r3/81p5d_c505l5g5hf9p01yqdh0000gn/T/XcodeDistPipeline.~~~xtDOCp/Root/Payload/Refloor.app: signed app bundle with Mach-O thin (arm64) [com.refloor.salesapp]
2026-03-02 07:42:09 +0000  Processing step: IDEDistributionZipODRItemStep
2026-03-02 07:42:09 +0000  Skipping step: IDEDistributionZipODRItemStep because it said so
2026-03-02 07:42:09 +0000  Skipping step: IDEDistributionZipODRItemStep because it said so
2026-03-02 07:42:09 +0000  Skipping step: IDEDistributionZipODRItemStep because it said so
2026-03-02 07:42:09 +0000  Skipping step: IDEDistributionZipODRItemStep because it said so
2026-03-02 07:42:09 +0000  Skipping step: IDEDistributionZipODRItemStep because it said so
2026-03-02 07:42:09 +0000  Skipping step: IDEDistributionZipODRItemStep because it said so
2026-03-02 07:42:09 +0000  Skipping step: IDEDistributionZipODRItemStep because it said so
2026-03-02 07:42:09 +0000  Skipping step: IDEDistributionZipODRItemStep because it said so
2026-03-02 07:42:09 +0000  Skipping step: IDEDistributionZipODRItemStep because it said so
2026-03-02 07:42:09 +0000  Skipping step: IDEDistributionZipODRItemStep because it said so
2026-03-02 07:42:09 +0000  Skipping step: IDEDistributionZipODRItemStep because it said so
2026-03-02 07:42:09 +0000  Skipping step: IDEDistributionZipODRItemStep because it said so
2026-03-02 07:42:09 +0000  Skipping step: IDEDistributionZipODRItemStep because it said so
2026-03-02 07:42:09 +0000  Skipping step: IDEDistributionZipODRItemStep because it said so
2026-03-02 07:42:09 +0000  Skipping step: IDEDistributionZipODRItemStep because it said so
2026-03-02 07:42:09 +0000  Skipping step: IDEDistributionZipODRItemStep because it said so
2026-03-02 07:42:09 +0000  Skipping step: IDEDistributionZipODRItemStep because it said so
2026-03-02 07:42:09 +0000  Skipping step: IDEDistributionZipODRItemStep because it said so
2026-03-02 07:42:09 +0000  Skipping step: IDEDistributionZipODRItemStep because it said so
2026-03-02 07:42:09 +0000  Skipping step: IDEDistributionZipODRItemStep because it said so
2026-03-02 07:42:09 +0000  Skipping step: IDEDistributionZipODRItemStep because it said so
2026-03-02 07:42:09 +0000  Skipping step: IDEDistributionZipODRItemStep because it said so
2026-03-02 07:42:09 +0000  Skipping step: IDEDistributionZipODRItemStep because it said so
2026-03-02 07:42:09 +0000  Skipping step: IDEDistributionZipODRItemStep because it said so
2026-03-02 07:42:09 +0000  Skipping step: IDEDistributionZipODRItemStep because it said so
2026-03-02 07:42:09 +0000  Skipping step: IDEDistributionZipODRItemStep because it said so
2026-03-02 07:42:09 +0000  Skipping step: IDEDistributionZipODRItemStep because it said so
2026-03-02 07:42:09 +0000  Skipping step: IDEDistributionZipODRItemStep because it said so
2026-03-02 07:42:09 +0000  Skipping step: IDEDistributionZipODRItemStep because it said so
2026-03-02 07:42:09 +0000  Skipping step: IDEDistributionZipODRItemStep because it said so
2026-03-02 07:42:09 +0000  Skipping step: IDEDistributionZipODRItemStep because it said so
2026-03-02 07:42:09 +0000  Skipping step: IDEDistributionZipODRItemStep because it said so
2026-03-02 07:42:09 +0000  Skipping step: IDEDistributionZipODRItemStep because it said so
2026-03-02 07:42:09 +0000  Skipping step: IDEDistributionZipODRItemStep because it said so
2026-03-02 07:42:09 +0000  Skipping step: IDEDistributionZipODRItemStep because it said so
2026-03-02 07:42:09 +0000  Skipping step: IDEDistributionZipODRItemStep because it said so
2026-03-02 07:42:09 +0000  Skipping step: IDEDistributionZipODRItemStep because it said so
2026-03-02 07:42:09 +0000  Skipping step: IDEDistributionZipODRItemStep because it said so
2026-03-02 07:42:09 +0000  Skipping step: IDEDistributionZipODRItemStep because it said so
2026-03-02 07:42:09 +0000  Skipping step: IDEDistributionZipODRItemStep because it said so
2026-03-02 07:42:09 +0000  Skipping step: IDEDistributionZipODRItemStep because it said so
2026-03-02 07:42:09 +0000  Skipping step: IDEDistributionZipODRItemStep because it said so
2026-03-02 07:42:09 +0000  Skipping step: IDEDistributionZipODRItemStep because it said so
2026-03-02 07:42:09 +0000  Skipping step: IDEDistributionZipODRItemStep because it said so
2026-03-02 07:42:09 +0000  Skipping step: IDEDistributionZipODRItemStep because it said so
2026-03-02 07:42:09 +0000  Skipping step: IDEDistributionZipODRItemStep because it said so
2026-03-02 07:42:09 +0000  Skipping step: IDEDistributionZipODRItemStep because it said so
2026-03-02 07:42:09 +0000  Skipping step: IDEDistributionZipODRItemStep because it said so
2026-03-02 07:42:09 +0000  Skipping step: IDEDistributionZipODRItemStep because it said so
2026-03-02 07:42:09 +0000  Skipping step: IDEDistributionZipODRItemStep because it said so
2026-03-02 07:42:09 +0000  Skipping step: IDEDistributionZipODRItemStep because it said so
2026-03-02 07:42:09 +0000  Processing step: IDEDistributionCreateIPAStep
2026-03-02 07:42:09 +0000  Running /usr/bin/ditto '-V' '-c' '-k' '--norsrc' '/var/folders/r3/81p5d_c505l5g5hf9p01yqdh0000gn/T/XcodeDistPipeline.~~~xtDOCp/Root' '/var/folders/r3/81p5d_c505l5g5hf9p01yqdh0000gn/T/XcodeDistPipeline.~~~xtDOCp/Packages/Refloor Offline.ipa'
2026-03-02 07:42:09 +0000  >>> Copying /var/folders/r3/81p5d_c505l5g5hf9p01yqdh0000gn/T/XcodeDistPipeline.~~~xtDOCp/Root 
2026-03-02 07:42:09 +0000  copying file ./Payload/Refloor.app/_CodeSignature/CodeResources ... 
2026-03-02 07:42:09 +0000  215995 bytes for ./Payload/Refloor.app/_CodeSignature/CodeResources
2026-03-02 07:42:09 +0000  copying file ./Payload/Refloor.app/SF-Pro-Display-Thin.otf ... 
2026-03-02 07:42:09 +0000  317736 bytes for ./Payload/Refloor.app/SF-Pro-Display-Thin.otf
2026-03-02 07:42:09 +0000  copying file ./Payload/Refloor.app/Inter-UI-BoldItalic.ttf ... 
2026-03-02 07:42:09 +0000  674076 bytes for ./Payload/Refloor.app/Inter-UI-BoldItalic.ttf
2026-03-02 07:42:09 +0000  copying file ./Payload/Refloor.app/SubCollectionViewLabelCollectionViewCell.nib ... 
2026-03-02 07:42:09 +0000  4271 bytes for ./Payload/Refloor.app/SubCollectionViewLabelCollectionViewCell.nib
2026-03-02 07:42:09 +0000  copying file ./Payload/Refloor.app/MyCell.nib ... 
2026-03-02 07:42:09 +0000  2236 bytes for ./Payload/Refloor.app/MyCell.nib
2026-03-02 07:42:09 +0000  copying file ./Payload/Refloor.app/DownPaymentFromCashCollectionViewCell.nib ... 
2026-03-02 07:42:09 +0000  6508 bytes for ./Payload/Refloor.app/DownPaymentFromCashCollectionViewCell.nib
2026-03-02 07:42:09 +0000  copying file ./Payload/Refloor.app/Inter-UI-Regular.otf ... 
2026-03-02 07:42:09 +0000  212624 bytes for ./Payload/Refloor.app/Inter-UI-Regular.otf
2026-03-02 07:42:09 +0000  copying file ./Payload/Refloor.app/SF-Pro-Display-SemiboldItalic.otf ... 
2026-03-02 07:42:09 +0000  159876 bytes for ./Payload/Refloor.app/SF-Pro-Display-SemiboldItalic.otf
copying file ./Payload/Refloor.app/Inter-UI-Medium.ttf ... 
2026-03-02 07:42:10 +0000  580000 bytes for ./Payload/Refloor.app/Inter-UI-Medium.ttf
copying file ./Payload/Refloor.app/Inter-UI-Bold.ttf ... 
2026-03-02 07:42:10 +0000  603388 bytes for ./Payload/Refloor.app/Inter-UI-Bold.ttf
copying file ./Payload/Refloor.app/SF-Pro-Text-Heavy.otf ... 
2026-03-02 07:42:10 +0000  341828 bytes for ./Payload/Refloor.app/SF-Pro-Text-Heavy.otf
copying file ./Payload/Refloor.app/SFUIText-Bold.otf ... 
2026-03-02 07:42:10 +0000  223400 bytes for ./Payload/Refloor.app/SFUIText-Bold.otf
copying file ./Payload/Refloor.app/SubSqureToolView.nib ... 
2026-03-02 07:42:10 +0000  9229 bytes for ./Payload/Refloor.app/SubSqureToolView.nib
copying file ./Payload/Refloor.app/Inter-UI-BlackItalic.otf ... 
2026-03-02 07:42:10 +0000  264504 bytes for ./Payload/Refloor.app/Inter-UI-BlackItalic.otf
copying file ./Payload/Refloor.app/SF-Pro-Display-RegularItalic.otf ... 
2026-03-02 07:42:10 +0000  148740 bytes for ./Payload/Refloor.app/SF-Pro-Display-RegularItalic.otf
copying file ./Payload/Refloor.app/SF-Pro-Display-Light.otf ... 
2026-03-02 07:42:10 +0000  318908 bytes for ./Payload/Refloor.app/SF-Pro-Display-Light.otf
copying file ./Payload/Refloor.app/DownPaymentFromCardCollectionViewCell.nib ... 
2026-03-02 07:42:10 +0000  14734 bytes for ./Payload/Refloor.app/DownPaymentFromCardCollectionViewCell.nib
2026-03-02 07:42:10 +0000  copying file ./Payload/Refloor.app/GoogleMaps.bundle/bubble_left@3x.png ... 
2026-03-02 07:42:10 +0000  2386 bytes for ./Payload/Refloor.app/GoogleMaps.bundle/bubble_left@3x.png
2026-03-02 07:42:10 +0000  copying file ./Payload/Refloor.app/GoogleMaps.bundle/bubble_left.png ... 
2026-03-02 07:42:10 +0000  451 bytes for ./Payload/Refloor.app/GoogleMaps.bundle/bubble_left.png
2026-03-02 07:42:10 +0000  copying file ./Payload/Refloor.app/GoogleMaps.bundle/bubble_left@2x.png ... 
2026-03-02 07:42:10 +0000  1055 bytes for ./Payload/Refloor.app/GoogleMaps.bundle/bubble_left@2x.png
2026-03-02 07:42:10 +0000  copying file ./Payload/Refloor.app/GoogleMaps.bundle/bubble_right@3x.png ... 
2026-03-02 07:42:10 +0000  2374 bytes for ./Payload/Refloor.app/GoogleMaps.bundle/bubble_right@3x.png
2026-03-02 07:42:10 +0000  copying file ./Payload/Refloor.app/GoogleMaps.bundle/ic_error.png ... 
2026-03-02 07:42:10 +0000  236 bytes for ./Payload/Refloor.app/GoogleMaps.bundle/ic_error.png
2026-03-02 07:42:10 +0000  copying file ./Payload/Refloor.app/GoogleMaps.bundle/bubble_right@2x.png ... 
2026-03-02 07:42:10 +0000  1051 bytes for ./Payload/Refloor.app/GoogleMaps.bundle/bubble_right@2x.png
2026-03-02 07:42:10 +0000  copying file ./Payload/Refloor.app/GoogleMaps.bundle/GMSCoreResources.bundle/de.lproj/GMSCore.strings ... 
2026-03-02 07:42:10 +0000  4308 bytes for ./Payload/Refloor.app/GoogleMaps.bundle/GMSCoreResources.bundle/de.lproj/GMSCore.strings
2026-03-02 07:42:10 +0000  copying file ./Payload/Refloor.app/GoogleMaps.bundle/GMSCoreResources.bundle/he.lproj/GMSCore.strings ... 
2026-03-02 07:42:10 +0000  4436 bytes for ./Payload/Refloor.app/GoogleMaps.bundle/GMSCoreResources.bundle/he.lproj/GMSCore.strings
2026-03-02 07:42:10 +0000  copying file ./Payload/Refloor.app/GoogleMaps.bundle/GMSCoreResources.bundle/en_AU.lproj/GMSCore.strings ... 
2026-03-02 07:42:10 +0000  4078 bytes for ./Payload/Refloor.app/GoogleMaps.bundle/GMSCoreResources.bundle/en_AU.lproj/GMSCore.strings
2026-03-02 07:42:10 +0000  copying file ./Payload/Refloor.app/GoogleMaps.bundle/GMSCoreResources.bundle/ic_covid_medical_waypoint_alert_32pt@2x.png ... 
2026-03-02 07:42:10 +0000  943 bytes for ./Payload/Refloor.app/GoogleMaps.bundle/GMSCoreResources.bundle/ic_covid_medical_waypoint_alert_32pt@2x.png
2026-03-02 07:42:10 +0000  copying file ./Payload/Refloor.app/GoogleMaps.bundle/GMSCoreResources.bundle/ar.lproj/GMSCore.strings ... 
2026-03-02 07:42:10 +0000  5230 bytes for ./Payload/Refloor.app/GoogleMaps.bundle/GMSCoreResources.bundle/ar.lproj/GMSCore.strings
2026-03-02 07:42:10 +0000  copying file ./Payload/Refloor.app/GoogleMaps.bundle/GMSCoreResources.bundle/el.lproj/GMSCore.strings ... 
2026-03-02 07:42:10 +0000  4694 bytes for ./Payload/Refloor.app/GoogleMaps.bundle/GMSCoreResources.bundle/el.lproj/GMSCore.strings
2026-03-02 07:42:10 +0000  copying file ./Payload/Refloor.app/GoogleMaps.bundle/GMSCoreResources.bundle/ja.lproj/GMSCore.strings ... 
2026-03-02 07:42:10 +0000  3880 bytes for ./Payload/Refloor.app/GoogleMaps.bundle/GMSCoreResources.bundle/ja.lproj/GMSCore.strings
2026-03-02 07:42:10 +0000  copying file ./Payload/Refloor.app/GoogleMaps.bundle/GMSCoreResources.bundle/ic_covid_checkpoint_waypoint_alert_night_32pt.png ... 
2026-03-02 07:42:10 +0000  602 bytes for ./Payload/Refloor.app/GoogleMaps.bundle/GMSCoreResources.bundle/ic_covid_checkpoint_waypoint_alert_night_32pt.png
2026-03-02 07:42:10 +0000  copying file ./Payload/Refloor.app/GoogleMaps.bundle/GMSCoreResources.bundle/sq.lproj/GMSCore.strings ... 
2026-03-02 07:42:10 +0000  4410 bytes for ./Payload/Refloor.app/GoogleMaps.bundle/GMSCoreResources.bundle/sq.lproj/GMSCore.strings
2026-03-02 07:42:10 +0000  copying file ./Payload/Refloor.app/GoogleMaps.bundle/GMSCoreResources.bundle/ic_qu_direction_mylocation@2x.png ... 
2026-03-02 07:42:10 +0000  663 bytes for ./Payload/Refloor.app/GoogleMaps.bundle/GMSCoreResources.bundle/ic_qu_direction_mylocation@2x.png
2026-03-02 07:42:10 +0000  copying file ./Payload/Refloor.app/GoogleMaps.bundle/GMSCoreResources.bundle/en.lproj/GMSCore.strings ... 
2026-03-02 07:42:10 +0000  4061 bytes for ./Payload/Refloor.app/GoogleMaps.bundle/GMSCoreResources.bundle/en.lproj/GMSCore.strings
2026-03-02 07:42:10 +0000  copying file ./Payload/Refloor.app/GoogleMaps.bundle/GMSCoreResources.bundle/ic_covid_border_waypoint_alert_32pt.png ... 
2026-03-02 07:42:10 +0000  422 bytes for ./Payload/Refloor.app/GoogleMaps.bundle/GMSCoreResources.bundle/ic_covid_border_waypoint_alert_32pt.png
2026-03-02 07:42:10 +0000  copying file ./Payload/Refloor.app/GoogleMaps.bundle/GMSCoreResources.bundle/uk.lproj/GMSCore.strings ... 
2026-03-02 07:42:10 +0000  4963 bytes for ./Payload/Refloor.app/GoogleMaps.bundle/GMSCoreResources.bundle/uk.lproj/GMSCore.strings
2026-03-02 07:42:10 +0000  copying file ./Payload/Refloor.app/GoogleMaps.bundle/GMSCoreResources.bundle/ic_qu_direction_mylocation.png ... 
2026-03-02 07:42:10 +0000  362 bytes for ./Payload/Refloor.app/GoogleMaps.bundle/GMSCoreResources.bundle/ic_qu_direction_mylocation.png
2026-03-02 07:42:10 +0000  copying file ./Payload/Refloor.app/GoogleMaps.bundle/GMSCoreResources.bundle/es_419.lproj/GMSCore.strings ... 
2026-03-02 07:42:10 +0000  4376 bytes for ./Payload/Refloor.app/GoogleMaps.bundle/GMSCoreResources.bundle/es_419.lproj/GMSCore.strings
2026-03-02 07:42:10 +0000  copying file ./Payload/Refloor.app/GoogleMaps.bundle/GMSCoreResources.bundle/GMSSprites-0-1x.png ... 
2026-03-02 07:42:10 +0000  13906 bytes for ./Payload/Refloor.app/GoogleMaps.bundle/GMSCoreResources.bundle/GMSSprites-0-1x.png
2026-03-02 07:42:10 +0000  copying file ./Payload/Refloor.app/GoogleMaps.bundle/GMSCoreResources.bundle/ic_compass_needle_large@2x.png ... 
2026-03-02 07:42:10 +0000  2446 bytes for ./Payload/Refloor.app/GoogleMaps.bundle/GMSCoreResources.bundle/ic_compass_needle_large@2x.png
2026-03-02 07:42:10 +0000  copying file ./Payload/Refloor.app/GoogleMaps.bundle/GMSCoreResources.bundle/ic_compass_needle_large@3x.png ... 
2026-03-02 07:42:10 +0000  3304 bytes for ./Payload/Refloor.app/GoogleMaps.bundle/GMSCoreResources.bundle/ic_compass_needle_large@3x.png
2026-03-02 07:42:10 +0000  copying file ./Payload/Refloor.app/GoogleMaps.bundle/GMSCoreResources.bundle/es_MX.lproj/GMSCore.strings ... 
2026-03-02 07:42:10 +0000  4376 bytes for ./Payload/Refloor.app/GoogleMaps.bundle/GMSCoreResources.bundle/es_MX.lproj/GMSCore.strings
2026-03-02 07:42:10 +0000  copying file ./Payload/Refloor.app/GoogleMaps.bundle/GMSCoreResources.bundle/ic_compass_needle_large.png ... 
2026-03-02 07:42:10 +0000  1114 bytes for ./Payload/Refloor.app/GoogleMaps.bundle/GMSCoreResources.bundle/ic_compass_needle_large.png
2026-03-02 07:42:10 +0000  copying file ./Payload/Refloor.app/GoogleMaps.bundle/GMSCoreResources.bundle/zh_CN.lproj/GMSCore.strings ... 
2026-03-02 07:42:10 +0000  3871 bytes for ./Payload/Refloor.app/GoogleMaps.bundle/GMSCoreResources.bundle/zh_CN.lproj/GMSCore.strings
2026-03-02 07:42:10 +0000  copying file ./Payload/Refloor.app/GoogleMaps.bundle/GMSCoreResources.bundle/ic_qu_direction_mylocation@3x.png ... 
2026-03-02 07:42:10 +0000  1240 bytes for ./Payload/Refloor.app/GoogleMaps.bundle/GMSCoreResources.bundle/ic_qu_direction_mylocation@3x.png
2026-03-02 07:42:10 +0000  copying file ./Payload/Refloor.app/GoogleMaps.bundle/GMSCoreResources.bundle/DroidSansMerged-Regular.ttf ... 
2026-03-02 07:42:10 +0000  392092 bytes for ./Payload/Refloor.app/GoogleMaps.bundle/GMSCoreResources.bundle/DroidSansMerged-Regular.ttf
2026-03-02 07:42:10 +0000  copying file ./Payload/Refloor.app/GoogleMaps.bundle/GMSCoreResources.bundle/nb.lproj/GMSCore.strings ... 
2026-03-02 07:42:10 +0000  4211 bytes for ./Payload/Refloor.app/GoogleMaps.bundle/GMSCoreResources.bundle/nb.lproj/GMSCore.strings
2026-03-02 07:42:10 +0000  copying file ./Payload/Refloor.app/GoogleMaps.bundle/GMSCoreResources.bundle/es.lproj/GMSCore.strings ... 
2026-03-02 07:42:10 +0000  4377 bytes for ./Payload/Refloor.app/GoogleMaps.bundle/GMSCoreResources.bundle/es.lproj/GMSCore.strings
2026-03-02 07:42:10 +0000  copying file ./Payload/Refloor.app/GoogleMaps.bundle/GMSCoreResources.bundle/sw.lproj/GMSCore.strings ... 
2026-03-02 07:42:10 +0000  4171 bytes for ./Payload/Refloor.app/GoogleMaps.bundle/GMSCoreResources.bundle/sw.lproj/GMSCore.strings
2026-03-02 07:42:10 +0000  copying file ./Payload/Refloor.app/GoogleMaps.bundle/GMSCoreResources.bundle/ic_covid_medical_waypoint_alert_32pt@3x.png ... 
2026-03-02 07:42:10 +0000  1203 bytes for ./Payload/Refloor.app/GoogleMaps.bundle/GMSCoreResources.bundle/ic_covid_medical_waypoint_alert_32pt@3x.png
2026-03-02 07:42:10 +0000  copying file ./Payload/Refloor.app/GoogleMaps.bundle/GMSCoreResources.bundle/pt_BR.lproj/GMSCore.strings ... 
2026-03-02 07:42:10 +0000  4388 bytes for ./Payload/Refloor.app/GoogleMaps.bundle/GMSCoreResources.bundle/pt_BR.lproj/GMSCore.strings
2026-03-02 07:42:10 +0000  copying file ./Payload/Refloor.app/GoogleMaps.bundle/GMSCoreResources.bundle/da.lproj/GMSCore.strings ... 
2026-03-02 07:42:10 +0000  4321 bytes for ./Payload/Refloor.app/GoogleMaps.bundle/GMSCoreResources.bundle/da.lproj/GMSCore.strings
2026-03-02 07:42:10 +0000  copying file ./Payload/Refloor.app/GoogleMaps.bundle/GMSCoreResources.bundle/ic_location_off@3x.png ... 
2026-03-02 07:42:10 +0000  1577 bytes for ./Payload/Refloor.app/GoogleMaps.bundle/GMSCoreResources.bundle/ic_location_off@3x.png
2026-03-02 07:42:10 +0000  copying file ./Payload/Refloor.app/GoogleMaps.bundle/GMSCoreResources.bundle/it.lproj/GMSCore.strings ... 
2026-03-02 07:42:10 +0000  4115 bytes for ./Payload/Refloor.app/GoogleMaps.bundle/GMSCoreResources.bundle/it.lproj/GMSCore.strings
2026-03-02 07:42:10 +0000  copying file ./Payload/Refloor.app/GoogleMaps.bundle/GMSCoreResources.bundle/sk.lproj/GMSCore.strings ... 
2026-03-02 07:42:10 +0000  4441 bytes for ./Payload/Refloor.app/GoogleMaps.bundle/GMSCoreResources.bundle/sk.lproj/GMSCore.strings
2026-03-02 07:42:10 +0000  copying file ./Payload/Refloor.app/GoogleMaps.bundle/GMSCoreResources.bundle/GMSNavSprites-0-3x.png ... 
2026-03-02 07:42:10 +0000  20924 bytes for ./Payload/Refloor.app/GoogleMaps.bundle/GMSCoreResources.bundle/GMSNavSprites-0-3x.png
2026-03-02 07:42:10 +0000  copying file ./Payload/Refloor.app/GoogleMaps.bundle/GMSCoreResources.bundle/pt_PT.lproj/GMSCore.strings ... 
2026-03-02 07:42:10 +0000  4389 bytes for ./Payload/Refloor.app/GoogleMaps.bundle/GMSCoreResources.bundle/pt_PT.lproj/GMSCore.strings
2026-03-02 07:42:10 +0000  copying file ./Payload/Refloor.app/GoogleMaps.bundle/GMSCoreResources.bundle/button_compass_night.png ... 
2026-03-02 07:42:10 +0000  720 bytes for ./Payload/Refloor.app/GoogleMaps.bundle/GMSCoreResources.bundle/button_compass_night.png
2026-03-02 07:42:10 +0000  copying file ./Payload/Refloor.app/GoogleMaps.bundle/GMSCoreResources.bundle/button_my_location.png ... 
2026-03-02 07:42:10 +0000  492 bytes for ./Payload/Refloor.app/GoogleMaps.bundle/GMSCoreResources.bundle/button_my_location.png
2026-03-02 07:42:10 +0000  copying file ./Payload/Refloor.app/GoogleMaps.bundle/GMSCoreResources.bundle/road_16-4.png ... 
2026-03-02 07:42:10 +0000  127 bytes for ./Payload/Refloor.app/GoogleMaps.bundle/GMSCoreResources.bundle/road_16-4.png
2026-03-02 07:42:10 +0000  copying file ./Payload/Refloor.app/GoogleMaps.bundle/GMSCoreResources.bundle/sr.lproj/GMSCore.strings ... 
2026-03-02 07:42:10 +0000  4754 bytes for ./Payload/Refloor.app/GoogleMaps.bundle/GMSCoreResources.bundle/sr.lproj/GMSCore.strings
2026-03-02 07:42:10 +0000  copying file ./Payload/Refloor.app/GoogleMaps.bundle/GMSCoreResources.bundle/ms.lproj/GMSCore.strings ... 
2026-03-02 07:42:10 +0000  4033 bytes for ./Payload/Refloor.app/GoogleMaps.bundle/GMSCoreResources.bundle/ms.lproj/GMSCore.strings
2026-03-02 07:42:10 +0000  copying file ./Payload/Refloor.app/GoogleMaps.bundle/GMSCoreResources.bundle/road_256-64.png ... 
2026-03-02 07:42:10 +0000  1934 bytes for ./Payload/Refloor.app/GoogleMaps.bundle/GMSCoreResources.bundle/road_256-64.png
2026-03-02 07:42:10 +0000  copying file ./Payload/Refloor.app/GoogleMaps.bundle/GMSCoreResources.bundle/button_compass.png ... 
2026-03-02 07:42:10 +0000  631 bytes for ./Payload/Refloor.app/GoogleMaps.bundle/GMSCoreResources.bundle/button_compass.png
2026-03-02 07:42:10 +0000  copying file ./Payload/Refloor.app/GoogleMaps.bundle/GMSCoreResources.bundle/sv.lproj/GMSCore.strings ... 
2026-03-02 07:42:10 +0000  4451 bytes for ./Payload/Refloor.app/GoogleMaps.bundle/GMSCoreResources.bundle/sv.lproj/GMSCore.strings
2026-03-02 07:42:10 +0000  copying file ./Payload/Refloor.app/GoogleMaps.bundle/GMSCoreResources.bundle/road_8-2.png ... 
2026-03-02 07:42:10 +0000  93 bytes for ./Payload/Refloor.app/GoogleMaps.bundle/GMSCoreResources.bundle/road_8-2.png
2026-03-02 07:42:10 +0000  copying file ./Payload/Refloor.app/GoogleMaps.bundle/GMSCoreResources.bundle/ic_closed_place_waypoint_alert_32pt.png ... 
2026-03-02 07:42:10 +0000  494 bytes for ./Payload/Refloor.app/GoogleMaps.bundle/GMSCoreResources.bundle/ic_closed_place_waypoint_alert_32pt.png
2026-03-02 07:42:10 +0000  copying file ./Payload/Refloor.app/GoogleMaps.bundle/GMSCoreResources.bundle/cs.lproj/GMSCore.strings ... 
2026-03-02 07:42:10 +0000  4667 bytes for ./Payload/Refloor.app/GoogleMaps.bundle/GMSCoreResources.bundle/cs.lproj/GMSCore.strings
2026-03-02 07:42:10 +0000  copying file ./Payload/Refloor.app/GoogleMaps.bundle/GMSCoreResources.bundle/button_background.png ... 
2026-03-02 07:42:10 +0000  334 bytes for ./Payload/Refloor.app/GoogleMaps.bundle/GMSCoreResources.bundle/button_background.png
2026-03-02 07:42:10 +0000  copying file ./Payload/Refloor.app/GoogleMaps.bundle/GMSCoreResources.bundle/GMSNavNightModeSprites-0-1x.png ... 
2026-03-02 07:42:10 +0000  3393 bytes for ./Payload/Refloor.app/GoogleMaps.bundle/GMSCoreResources.bundle/GMSNavNightModeSprites-0-1x.png
2026-03-02 07:42:10 +0000  copying file ./Payload/Refloor.app/GoogleMaps.bundle/GMSCoreResources.bundle/button_my_location@2x.png ... 
2026-03-02 07:42:10 +0000  1229 bytes for ./Payload/Refloor.app/GoogleMaps.bundle/GMSCoreResources.bundle/button_my_location@2x.png
2026-03-02 07:42:10 +0000  copying file ./Payload/Refloor.app/GoogleMaps.bundle/GMSCoreResources.bundle/en_IN.lproj/GMSCore.strings ... 
2026-03-02 07:42:10 +0000  4078 bytes for ./Payload/Refloor.app/GoogleMaps.bundle/GMSCoreResources.bundle/en_IN.lproj/GMSCore.strings
2026-03-02 07:42:10 +0000  copying file ./Payload/Refloor.app/GoogleMaps.bundle/GMSCoreResources.bundle/ko.lproj/GMSCore.strings ... 
2026-03-02 07:42:10 +0000  3904 bytes for ./Payload/Refloor.app/GoogleMaps.bundle/GMSCoreResources.bundle/ko.lproj/GMSCore.strings
2026-03-02 07:42:10 +0000  copying file ./Payload/Refloor.app/GoogleMaps.bundle/GMSCoreResources.bundle/GMSNavSprites-0-2x.png ... 
2026-03-02 07:42:10 +0000  13321 bytes for ./Payload/Refloor.app/GoogleMaps.bundle/GMSCoreResources.bundle/GMSNavSprites-0-2x.png
2026-03-02 07:42:10 +0000  copying file ./Payload/Refloor.app/GoogleMaps.bundle/GMSCoreResources.bundle/ic_location_off@2x.png ... 
2026-03-02 07:42:10 +0000  860 bytes for ./Payload/Refloor.app/GoogleMaps.bundle/GMSCoreResources.bundle/ic_location_off@2x.png
2026-03-02 07:42:10 +0000  copying file ./Payload/Refloor.app/GoogleMaps.bundle/GMSCoreResources.bundle/my.lproj/GMSCore.strings ... 
2026-03-02 07:42:10 +0000  4524 bytes for ./Payload/Refloor.app/GoogleMaps.bundle/GMSCoreResources.bundle/my.lproj/GMSCore.strings
2026-03-02 07:42:10 +0000  copying file ./Payload/Refloor.app/GoogleMaps.bundle/GMSCoreResources.bundle/ic_covid_checkpoint_waypoint_alert_32pt@2x.png ... 
2026-03-02 07:42:10 +0000  1373 bytes for ./Payload/Refloor.app/GoogleMaps.bundle/GMSCoreResources.bundle/ic_covid_checkpoint_waypoint_alert_32pt@2x.png
2026-03-02 07:42:10 +0000  copying file ./Payload/Refloor.app/GoogleMaps.bundle/GMSCoreResources.bundle/GMSNavSprites-0-1x.png ... 
2026-03-02 07:42:10 +0000  5684 bytes for ./Payload/Refloor.app/GoogleMaps.bundle/GMSCoreResources.bundle/GMSNavSprites-0-1x.png
2026-03-02 07:42:10 +0000  copying file ./Payload/Refloor.app/GoogleMaps.bundle/GMSCoreResources.bundle/Tharlon-Regular.ttf ... 
2026-03-02 07:42:10 +0000  353228 bytes for ./Payload/Refloor.app/GoogleMaps.bundle/GMSCoreResources.bundle/Tharlon-Regular.ttf
2026-03-02 07:42:10 +0000  copying file ./Payload/Refloor.app/GoogleMaps.bundle/GMSCoreResources.bundle/hu.lproj/GMSCore.strings ... 
2026-03-02 07:42:10 +0000  4195 bytes for ./Payload/Refloor.app/GoogleMaps.bundle/GMSCoreResources.bundle/hu.lproj/GMSCore.strings
2026-03-02 07:42:10 +0000  copying file ./Payload/Refloor.app/GoogleMaps.bundle/GMSCoreResources.bundle/zh_HK.lproj/GMSCore.strings ... 
2026-03-02 07:42:10 +0000  3832 bytes for ./Payload/Refloor.app/GoogleMaps.bundle/GMSCoreResources.bundle/zh_HK.lproj/GMSCore.strings
2026-03-02 07:42:10 +0000  copying file ./Payload/Refloor.app/GoogleMaps.bundle/GMSCoreResources.bundle/road_4-1.png ... 
2026-03-02 07:42:10 +0000  74 bytes for ./Payload/Refloor.app/GoogleMaps.bundle/GMSCoreResources.bundle/road_4-1.png
2026-03-02 07:42:10 +0000  copying file ./Payload/Refloor.app/GoogleMaps.bundle/GMSCoreResources.bundle/ka.lproj/GMSCore.strings ... 
2026-03-02 07:42:10 +0000  4322 bytes for ./Payload/Refloor.app/GoogleMaps.bundle/GMSCoreResources.bundle/ka.lproj/GMSCore.strings
2026-03-02 07:42:10 +0000  copying file ./Payload/Refloor.app/GoogleMaps.bundle/GMSCoreResources.bundle/button_background@2x.png ... 
2026-03-02 07:42:10 +0000  433 bytes for ./Payload/Refloor.app/GoogleMaps.bundle/GMSCoreResources.bundle/button_background@2x.png
2026-03-02 07:42:10 +0000  copying file ./Payload/Refloor.app/GoogleMaps.bundle/GMSCoreResources.bundle/ic_compass_needle_32pt.png ... 
2026-03-02 07:42:10 +0000  742 bytes for ./Payload/Refloor.app/GoogleMaps.bundle/GMSCoreResources.bundle/ic_compass_needle_32pt.png
2026-03-02 07:42:10 +0000  copying file ./Payload/Refloor.app/GoogleMaps.bundle/GMSCoreResources.bundle/ic_compass_needle@2x.png ... 
2026-03-02 07:42:10 +0000  992 bytes for ./Payload/Refloor.app/GoogleMaps.bundle/GMSCoreResources.bundle/ic_compass_needle@2x.png
2026-03-02 07:42:10 +0000  copying file ./Payload/Refloor.app/GoogleMaps.bundle/GMSCoreResources.bundle/Assets.car ... 
2026-03-02 07:42:10 +0000  48575 bytes for ./Payload/Refloor.app/GoogleMaps.bundle/GMSCoreResources.bundle/Assets.car
2026-03-02 07:42:10 +0000  copying file ./Payload/Refloor.app/GoogleMaps.bundle/GMSCoreResources.bundle/tr.lproj/GMSCore.strings ... 
2026-03-02 07:42:10 +0000  4175 bytes for ./Payload/Refloor.app/GoogleMaps.bundle/GMSCoreResources.bundle/tr.lproj/GMSCore.strings
2026-03-02 07:42:10 +0000  copying file ./Payload/Refloor.app/GoogleMaps.bundle/GMSCoreResources.bundle/pl.lproj/GMSCore.strings ... 
2026-03-02 07:42:10 +0000  4491 bytes for ./Payload/Refloor.app/GoogleMaps.bundle/GMSCoreResources.bundle/pl.lproj/GMSCore.strings
2026-03-02 07:42:10 +0000  copying file ./Payload/Refloor.app/GoogleMaps.bundle/GMSCoreResources.bundle/zh_TW.lproj/GMSCore.strings ... 
2026-03-02 07:42:10 +0000  3857 bytes for ./Payload/Refloor.app/GoogleMaps.bundle/GMSCoreResources.bundle/zh_TW.lproj/GMSCore.strings
2026-03-02 07:42:10 +0000  copying file ./Payload/Refloor.app/GoogleMaps.bundle/GMSCoreResources.bundle/ic_closed_place_waypoint_alert_32pt@3x.png ... 
2026-03-02 07:42:10 +0000  1643 bytes for ./Payload/Refloor.app/GoogleMaps.bundle/GMSCoreResources.bundle/ic_closed_place_waypoint_alert_32pt@3x.png
2026-03-02 07:42:10 +0000  copying file ./Payload/Refloor.app/GoogleMaps.bundle/GMSCoreResources.bundle/GMSNavNightModeSprites-0-2x.png ... 
2026-03-02 07:42:10 +0000  7660 bytes for ./Payload/Refloor.app/GoogleMaps.bundle/GMSCoreResources.bundle/GMSNavNightModeSprites-0-2x.png
2026-03-02 07:42:10 +0000  copying file ./Payload/Refloor.app/GoogleMaps.bundle/GMSCoreResources.bundle/GMSNavNightModeSprites-0-3x.png ... 
2026-03-02 07:42:10 +0000  12519 bytes for ./Payload/Refloor.app/GoogleMaps.bundle/GMSCoreResources.bundle/GMSNavNightModeSprites-0-3x.png
2026-03-02 07:42:10 +0000  copying file ./Payload/Refloor.app/GoogleMaps.bundle/GMSCoreResources.bundle/ic_closed_place_waypoint_alert_32pt@2x.png ... 
2026-03-02 07:42:10 +0000  1210 bytes for ./Payload/Refloor.app/GoogleMaps.bundle/GMSCoreResources.bundle/ic_closed_place_waypoint_alert_32pt@2x.png
2026-03-02 07:42:10 +0000  copying file ./Payload/Refloor.app/GoogleMaps.bundle/GMSCoreResources.bundle/en_GB.lproj/GMSCore.strings ... 
2026-03-02 07:42:10 +0000  4078 bytes for ./Payload/Refloor.app/GoogleMaps.bundle/GMSCoreResources.bundle/en_GB.lproj/GMSCore.strings
2026-03-02 07:42:10 +0000  copying file ./Payload/Refloor.app/GoogleMaps.bundle/GMSCoreResources.bundle/dav_one_way_16_256.png ... 
2026-03-02 07:42:10 +0000  315 bytes for ./Payload/Refloor.app/GoogleMaps.bundle/GMSCoreResources.bundle/dav_one_way_16_256.png
2026-03-02 07:42:10 +0000  copying file ./Payload/Refloor.app/GoogleMaps.bundle/GMSCoreResources.bundle/road_2-1.png ... 
2026-03-02 07:42:10 +0000  84 bytes for ./Payload/Refloor.app/GoogleMaps.bundle/GMSCoreResources.bundle/road_2-1.png
2026-03-02 07:42:10 +0000  copying file ./Payload/Refloor.app/GoogleMaps.bundle/GMSCoreResources.bundle/vi.lproj/GMSCore.strings ... 
2026-03-02 07:42:10 +0000  4232 bytes for ./Payload/Refloor.app/GoogleMaps.bundle/GMSCoreResources.bundle/vi.lproj/GMSCore.strings
2026-03-02 07:42:10 +0000  copying file ./Payload/Refloor.app/GoogleMaps.bundle/GMSCoreResources.bundle/button_background@3x.png ... 
2026-03-02 07:42:10 +0000  515 bytes for ./Payload/Refloor.app/GoogleMaps.bundle/GMSCoreResources.bundle/button_background@3x.png
2026-03-02 07:42:10 +0000  copying file ./Payload/Refloor.app/GoogleMaps.bundle/GMSCoreResources.bundle/road_32-8.png ... 
2026-03-02 07:42:10 +0000  223 bytes for ./Payload/Refloor.app/GoogleMaps.bundle/GMSCoreResources.bundle/road_32-8.png
2026-03-02 07:42:10 +0000  copying file ./Payload/Refloor.app/GoogleMaps.bundle/GMSCoreResources.bundle/lv.lproj/GMSCore.strings ... 
2026-03-02 07:42:10 +0000  4617 bytes for ./Payload/Refloor.app/GoogleMaps.bundle/GMSCoreResources.bundle/lv.lproj/GMSCore.strings
2026-03-02 07:42:10 +0000  copying file ./Payload/Refloor.app/GoogleMaps.bundle/GMSCoreResources.bundle/lt.lproj/GMSCore.strings ... 
2026-03-02 07:42:10 +0000  4321 bytes for ./Payload/Refloor.app/GoogleMaps.bundle/GMSCoreResources.bundle/lt.lproj/GMSCore.strings
2026-03-02 07:42:10 +0000  copying file ./Payload/Refloor.app/GoogleMaps.bundle/GMSCoreResources.bundle/ru.lproj/GMSCore.strings ... 
2026-03-02 07:42:10 +0000  4771 bytes for ./Payload/Refloor.app/GoogleMaps.bundle/GMSCoreResources.bundle/ru.lproj/GMSCore.strings
2026-03-02 07:42:10 +0000  copying file ./Payload/Refloor.app/GoogleMaps.bundle/GMSCoreResources.bundle/GMSShaders.metallib ... 
2026-03-02 07:42:10 +0000  208068 bytes for ./Payload/Refloor.app/GoogleMaps.bundle/GMSCoreResources.bundle/GMSShaders.metallib
copying file ./Payload/Refloor.app/GoogleMaps.bundle/GMSCoreResources.bundle/polyline_colors_texture_dim.png ... 
2026-03-02 07:42:10 +0000  7485 bytes for ./Payload/Refloor.app/GoogleMaps.bundle/GMSCoreResources.bundle/polyline_colors_texture_dim.png
2026-03-02 07:42:10 +0000  copying file ./Payload/Refloor.app/GoogleMaps.bundle/GMSCoreResources.bundle/ic_covid_checkpoint_waypoint_alert_32pt@3x.png ... 
2026-03-02 07:42:10 +0000  1826 bytes for ./Payload/Refloor.app/GoogleMaps.bundle/GMSCoreResources.bundle/ic_covid_checkpoint_waypoint_alert_32pt@3x.png
2026-03-02 07:42:10 +0000  copying file ./Payload/Refloor.app/GoogleMaps.bundle/GMSCoreResources.bundle/ic_closed_place_waypoint_alert_night_32pt.png ... 
2026-03-02 07:42:10 +0000  435 bytes for ./Payload/Refloor.app/GoogleMaps.bundle/GMSCoreResources.bundle/ic_closed_place_waypoint_alert_night_32pt.png
2026-03-02 07:42:10 +0000  copying file ./Payload/Refloor.app/GoogleMaps.bundle/GMSCoreResources.bundle/fr_CA.lproj/GMSCore.strings ... 
2026-03-02 07:42:10 +0000  4335 bytes for ./Payload/Refloor.app/GoogleMaps.bundle/GMSCoreResources.bundle/fr_CA.lproj/GMSCore.strings
2026-03-02 07:42:10 +0000  copying file ./Payload/Refloor.app/GoogleMaps.bundle/GMSCoreResources.bundle/ic_covid_checkpoint_waypoint_alert_night_32pt@3x.png ... 
2026-03-02 07:42:10 +0000  1841 bytes for ./Payload/Refloor.app/GoogleMaps.bundle/GMSCoreResources.bundle/ic_covid_checkpoint_waypoint_alert_night_32pt@3x.png
2026-03-02 07:42:10 +0000  copying file ./Payload/Refloor.app/GoogleMaps.bundle/GMSCoreResources.bundle/ic_compass_needle_32pt@2x.png ... 
2026-03-02 07:42:10 +0000  1360 bytes for ./Payload/Refloor.app/GoogleMaps.bundle/GMSCoreResources.bundle/ic_compass_needle_32pt@2x.png
2026-03-02 07:42:10 +0000  copying file ./Payload/Refloor.app/GoogleMaps.bundle/GMSCoreResources.bundle/road_128-32.png ... 
2026-03-02 07:42:10 +0000  1029 bytes for ./Payload/Refloor.app/GoogleMaps.bundle/GMSCoreResources.bundle/road_128-32.png
2026-03-02 07:42:10 +0000  copying file ./Payload/Refloor.app/GoogleMaps.bundle/GMSCoreResources.bundle/ic_covid_medical_waypoint_alert_32pt.png ... 
2026-03-02 07:42:10 +0000  441 bytes for ./Payload/Refloor.app/GoogleMaps.bundle/GMSCoreResources.bundle/ic_covid_medical_waypoint_alert_32pt.png
2026-03-02 07:42:10 +0000  copying file ./Payload/Refloor.app/GoogleMaps.bundle/GMSCoreResources.bundle/fr.lproj/GMSCore.strings ... 
2026-03-02 07:42:10 +0000  4633 bytes for ./Payload/Refloor.app/GoogleMaps.bundle/GMSCoreResources.bundle/fr.lproj/GMSCore.strings
2026-03-02 07:42:10 +0000  copying file ./Payload/Refloor.app/GoogleMaps.bundle/GMSCoreResources.bundle/fi.lproj/GMSCore.strings ... 
2026-03-02 07:42:10 +0000  4286 bytes for ./Payload/Refloor.app/GoogleMaps.bundle/GMSCoreResources.bundle/fi.lproj/GMSCore.strings
2026-03-02 07:42:10 +0000  copying file ./Payload/Refloor.app/GoogleMaps.bundle/GMSCoreResources.bundle/id.lproj/GMSCore.strings ... 
2026-03-02 07:42:10 +0000  3954 bytes for ./Payload/Refloor.app/GoogleMaps.bundle/GMSCoreResources.bundle/id.lproj/GMSCore.strings
2026-03-02 07:42:10 +0000  copying file ./Payload/Refloor.app/GoogleMaps.bundle/GMSCoreResources.bundle/nl.lproj/GMSCore.strings ... 
2026-03-02 07:42:10 +0000  4144 bytes for ./Payload/Refloor.app/GoogleMaps.bundle/GMSCoreResources.bundle/nl.lproj/GMSCore.strings
2026-03-02 07:42:10 +0000  copying file ./Payload/Refloor.app/GoogleMaps.bundle/GMSCoreResources.bundle/th.lproj/GMSCore.strings ... 
2026-03-02 07:42:10 +0000  4157 bytes for ./Payload/Refloor.app/GoogleMaps.bundle/GMSCoreResources.bundle/th.lproj/GMSCore.strings
2026-03-02 07:42:10 +0000  copying file ./Payload/Refloor.app/GoogleMaps.bundle/GMSCoreResources.bundle/ic_covid_medical_waypoint_alert_night_32pt@3x.png ... 
2026-03-02 07:42:10 +0000  1066 bytes for ./Payload/Refloor.app/GoogleMaps.bundle/GMSCoreResources.bundle/ic_covid_medical_waypoint_alert_night_32pt@3x.png
2026-03-02 07:42:10 +0000  copying file ./Payload/Refloor.app/GoogleMaps.bundle/GMSCoreResources.bundle/road_64-16.png ... 
2026-03-02 07:42:10 +0000  425 bytes for ./Payload/Refloor.app/GoogleMaps.bundle/GMSCoreResources.bundle/road_64-16.png
2026-03-02 07:42:10 +0000  copying file ./Payload/Refloor.app/GoogleMaps.bundle/GMSCoreResources.bundle/GMSSprites-0-3x.png ... 
2026-03-02 07:42:10 +0000  61437 bytes for ./Payload/Refloor.app/GoogleMaps.bundle/GMSCoreResources.bundle/GMSSprites-0-3x.png
copying file ./Payload/Refloor.app/GoogleMaps.bundle/GMSCoreResources.bundle/polyline_colors_texture.png ... 
2026-03-02 07:42:10 +0000  7433 bytes for ./Payload/Refloor.app/GoogleMaps.bundle/GMSCoreResources.bundle/polyline_colors_texture.png
2026-03-02 07:42:10 +0000  copying file ./Payload/Refloor.app/GoogleMaps.bundle/GMSCoreResources.bundle/ic_compass_needle.png ... 
2026-03-02 07:42:10 +0000  483 bytes for ./Payload/Refloor.app/GoogleMaps.bundle/GMSCoreResources.bundle/ic_compass_needle.png
2026-03-02 07:42:10 +0000  copying file ./Payload/Refloor.app/GoogleMaps.bundle/GMSCoreResources.bundle/pt.lproj/GMSCore.strings ... 
2026-03-02 07:42:10 +0000  4388 bytes for ./Payload/Refloor.app/GoogleMaps.bundle/GMSCoreResources.bundle/pt.lproj/GMSCore.strings
2026-03-02 07:42:10 +0000  copying file ./Payload/Refloor.app/GoogleMaps.bundle/GMSCoreResources.bundle/GMSShadersSim.metallib ... 
2026-03-02 07:42:10 +0000  209124 bytes for ./Payload/Refloor.app/GoogleMaps.bundle/GMSCoreResources.bundle/GMSShadersSim.metallib
copying file ./Payload/Refloor.app/GoogleMaps.bundle/GMSCoreResources.bundle/ic_covid_border_waypoint_alert_32pt@2x.png ... 
2026-03-02 07:42:10 +0000  1012 bytes for ./Payload/Refloor.app/GoogleMaps.bundle/GMSCoreResources.bundle/ic_covid_border_waypoint_alert_32pt@2x.png
2026-03-02 07:42:10 +0000  copying file ./Payload/Refloor.app/GoogleMaps.bundle/GMSCoreResources.bundle/ic_closed_place_waypoint_alert_night_32pt@2x.png ... 
2026-03-02 07:42:10 +0000  1069 bytes for ./Payload/Refloor.app/GoogleMaps.bundle/GMSCoreResources.bundle/ic_closed_place_waypoint_alert_night_32pt@2x.png
2026-03-02 07:42:10 +0000  copying file ./Payload/Refloor.app/GoogleMaps.bundle/GMSCoreResources.bundle/road_1-1.png ... 
2026-03-02 07:42:10 +0000  95 bytes for ./Payload/Refloor.app/GoogleMaps.bundle/GMSCoreResources.bundle/road_1-1.png
copying file ./Payload/Refloor.app/GoogleMaps.bundle/GMSCoreResources.bundle/ic_location_off.png ... 
2026-03-02 07:42:10 +0000  498 bytes for ./Payload/Refloor.app/GoogleMaps.bundle/GMSCoreResources.bundle/ic_location_off.png
2026-03-02 07:42:10 +0000  copying file ./Payload/Refloor.app/GoogleMaps.bundle/GMSCoreResources.bundle/ic_covid_border_waypoint_alert_32pt@3x.png ... 
2026-03-02 07:42:10 +0000  1353 bytes for ./Payload/Refloor.app/GoogleMaps.bundle/GMSCoreResources.bundle/ic_covid_border_waypoint_alert_32pt@3x.png
2026-03-02 07:42:10 +0000  copying file ./Payload/Refloor.app/GoogleMaps.bundle/GMSCoreResources.bundle/ic_closed_place_waypoint_alert_night_32pt@3x.png ... 
2026-03-02 07:42:10 +0000  1472 bytes for ./Payload/Refloor.app/GoogleMaps.bundle/GMSCoreResources.bundle/ic_closed_place_waypoint_alert_night_32pt@3x.png
2026-03-02 07:42:10 +0000  copying file ./Payload/Refloor.app/GoogleMaps.bundle/GMSCoreResources.bundle/ro.lproj/GMSCore.strings ... 
2026-03-02 07:42:10 +0000  4491 bytes for ./Payload/Refloor.app/GoogleMaps.bundle/GMSCoreResources.bundle/ro.lproj/GMSCore.strings
2026-03-02 07:42:10 +0000  copying file ./Payload/Refloor.app/GoogleMaps.bundle/GMSCoreResources.bundle/Info.plist ... 
2026-03-02 07:42:10 +0000  364 bytes for ./Payload/Refloor.app/GoogleMaps.bundle/GMSCoreResources.bundle/Info.plist
2026-03-02 07:42:10 +0000  copying file ./Payload/Refloor.app/GoogleMaps.bundle/GMSCoreResources.bundle/GMSSprites-0-2x.png ... 
2026-03-02 07:42:10 +0000  40485 bytes for ./Payload/Refloor.app/GoogleMaps.bundle/GMSCoreResources.bundle/GMSSprites-0-2x.png
copying file ./Payload/Refloor.app/GoogleMaps.bundle/GMSCoreResources.bundle/ic_covid_medical_waypoint_alert_night_32pt.png ... 
2026-03-02 07:42:10 +0000  382 bytes for ./Payload/Refloor.app/GoogleMaps.bundle/GMSCoreResources.bundle/ic_covid_medical_waypoint_alert_night_32pt.png
2026-03-02 07:42:10 +0000  copying file ./Payload/Refloor.app/GoogleMaps.bundle/GMSCoreResources.bundle/ic_covid_checkpoint_waypoint_alert_32pt.png ... 
2026-03-02 07:42:10 +0000  601 bytes for ./Payload/Refloor.app/GoogleMaps.bundle/GMSCoreResources.bundle/ic_covid_checkpoint_waypoint_alert_32pt.png
2026-03-02 07:42:10 +0000  copying file ./Payload/Refloor.app/GoogleMaps.bundle/GMSCoreResources.bundle/ic_covid_medical_waypoint_alert_night_32pt@2x.png ... 
2026-03-02 07:42:10 +0000  825 bytes for ./Payload/Refloor.app/GoogleMaps.bundle/GMSCoreResources.bundle/ic_covid_medical_waypoint_alert_night_32pt@2x.png
2026-03-02 07:42:10 +0000  copying file ./Payload/Refloor.app/GoogleMaps.bundle/GMSCoreResources.bundle/button_compass_night@2x.png ... 
2026-03-02 07:42:10 +0000  2221 bytes for ./Payload/Refloor.app/GoogleMaps.bundle/GMSCoreResources.bundle/button_compass_night@2x.png
2026-03-02 07:42:10 +0000  copying file ./Payload/Refloor.app/GoogleMaps.bundle/GMSCoreResources.bundle/button_compass@2x.png ... 
2026-03-02 07:42:10 +0000  2560 bytes for ./Payload/Refloor.app/GoogleMaps.bundle/GMSCoreResources.bundle/button_compass@2x.png
2026-03-02 07:42:10 +0000  copying file ./Payload/Refloor.app/GoogleMaps.bundle/GMSCoreResources.bundle/hr.lproj/GMSCore.strings ... 
2026-03-02 07:42:10 +0000  4264 bytes for ./Payload/Refloor.app/GoogleMaps.bundle/GMSCoreResources.bundle/hr.lproj/GMSCore.strings
2026-03-02 07:42:10 +0000  copying file ./Payload/Refloor.app/GoogleMaps.bundle/GMSCoreResources.bundle/hi.lproj/GMSCore.strings ... 
2026-03-02 07:42:10 +0000  4242 bytes for ./Payload/Refloor.app/GoogleMaps.bundle/GMSCoreResources.bundle/hi.lproj/GMSCore.strings
2026-03-02 07:42:10 +0000  copying file ./Payload/Refloor.app/GoogleMaps.bundle/GMSCoreResources.bundle/ca.lproj/GMSCore.strings ... 
2026-03-02 07:42:10 +0000  4274 bytes for ./Payload/Refloor.app/GoogleMaps.bundle/GMSCoreResources.bundle/ca.lproj/GMSCore.strings
2026-03-02 07:42:10 +0000  copying file ./Payload/Refloor.app/GoogleMaps.bundle/GMSCoreResources.bundle/ic_compass_needle_32pt@3x.png ... 
2026-03-02 07:42:10 +0000  1962 bytes for ./Payload/Refloor.app/GoogleMaps.bundle/GMSCoreResources.bundle/ic_compass_needle_32pt@3x.png
2026-03-02 07:42:10 +0000  copying file ./Payload/Refloor.app/GoogleMaps.bundle/GMSCoreResources.bundle/ic_covid_checkpoint_waypoint_alert_night_32pt@2x.png ... 
2026-03-02 07:42:10 +0000  1380 bytes for ./Payload/Refloor.app/GoogleMaps.bundle/GMSCoreResources.bundle/ic_covid_checkpoint_waypoint_alert_night_32pt@2x.png
2026-03-02 07:42:10 +0000  copying file ./Payload/Refloor.app/GoogleMaps.bundle/ic_error@3x.png ... 
2026-03-02 07:42:10 +0000  743 bytes for ./Payload/Refloor.app/GoogleMaps.bundle/ic_error@3x.png
2026-03-02 07:42:10 +0000  copying file ./Payload/Refloor.app/GoogleMaps.bundle/oss_licenses_maps.txt.gz ... 
2026-03-02 07:42:10 +0000  194333 bytes for ./Payload/Refloor.app/GoogleMaps.bundle/oss_licenses_maps.txt.gz
copying file ./Payload/Refloor.app/GoogleMaps.bundle/Assets.car ... 
2026-03-02 07:42:10 +0000  43823 bytes for ./Payload/Refloor.app/GoogleMaps.bundle/Assets.car
copying file ./Payload/Refloor.app/GoogleMaps.bundle/bubble_right.png ... 
2026-03-02 07:42:10 +0000  455 bytes for ./Payload/Refloor.app/GoogleMaps.bundle/bubble_right.png
2026-03-02 07:42:10 +0000  copying file ./Payload/Refloor.app/GoogleMaps.bundle/ic_error@2x.png ... 
2026-03-02 07:42:10 +0000  454 bytes for ./Payload/Refloor.app/GoogleMaps.bundle/ic_error@2x.png
2026-03-02 07:42:10 +0000  copying file ./Payload/Refloor.app/GoogleMaps.bundle/GMSCacheStorage.momd/Storage.mom ... 
2026-03-02 07:42:10 +0000  4696 bytes for ./Payload/Refloor.app/GoogleMaps.bundle/GMSCacheStorage.momd/Storage.mom
2026-03-02 07:42:10 +0000  copying file ./Payload/Refloor.app/GoogleMaps.bundle/GMSCacheStorage.momd/VersionInfo.plist ... 
2026-03-02 07:42:10 +0000  1197 bytes for ./Payload/Refloor.app/GoogleMaps.bundle/GMSCacheStorage.momd/VersionInfo.plist
2026-03-02 07:42:10 +0000  copying file ./Payload/Refloor.app/GoogleMaps.bundle/GMSCacheStorage.momd/StorageWithTileProto.mom ... 
2026-03-02 07:42:10 +0000  5292 bytes for ./Payload/Refloor.app/GoogleMaps.bundle/GMSCacheStorage.momd/StorageWithTileProto.mom
2026-03-02 07:42:10 +0000  copying file ./Payload/Refloor.app/GoogleMaps.bundle/GMSCacheStorage.momd/StorageWithTileVersionID.mom ... 
2026-03-02 07:42:10 +0000  4802 bytes for ./Payload/Refloor.app/GoogleMaps.bundle/GMSCacheStorage.momd/StorageWithTileVersionID.mom
2026-03-02 07:42:10 +0000  copying file ./Payload/Refloor.app/GoogleMaps.bundle/Info.plist ... 
2026-03-02 07:42:10 +0000  367 bytes for ./Payload/Refloor.app/GoogleMaps.bundle/Info.plist
2026-03-02 07:42:10 +0000  copying file ./Payload/Refloor.app/SF-Pro-Display-Regular.otf ... 
2026-03-02 07:42:10 +0000  298944 bytes for ./Payload/Refloor.app/SF-Pro-Display-Regular.otf
copying file ./Payload/Refloor.app/SF-Pro-Text-MediumItalic.otf ... 
2026-03-02 07:42:10 +0000  180124 bytes for ./Payload/Refloor.app/SF-Pro-Text-MediumItalic.otf
copying file ./Payload/Refloor.app/CheckListTableViewCell.nib ... 
2026-03-02 07:42:10 +0000  5626 bytes for ./Payload/Refloor.app/CheckListTableViewCell.nib
2026-03-02 07:42:10 +0000  copying file ./Payload/Refloor.app/SF-Pro-Display-Bold.otf ... 
2026-03-02 07:42:10 +0000  334728 bytes for ./Payload/Refloor.app/SF-Pro-Display-Bold.otf
copying file ./Payload/Refloor.app/DiscountTableViewCell.nib ... 
2026-03-02 07:42:10 +0000  8150 bytes for ./Payload/Refloor.app/DiscountTableViewCell.nib
copying file ./Payload/Refloor.app/DownPaymentFromCheckCollectionViewCell.nib ... 
2026-03-02 07:42:10 +0000  10662 bytes for ./Payload/Refloor.app/DownPaymentFromCheckCollectionViewCell.nib
copying file ./Payload/Refloor.app/Inter-UI-BlackItalic.ttf ... 
2026-03-02 07:42:10 +0000  689772 bytes for ./Payload/Refloor.app/Inter-UI-BlackItalic.ttf
copying file ./Payload/Refloor.app/TotalPriceTableViewCell.nib ... 
2026-03-02 07:42:10 +0000  7715 bytes for ./Payload/Refloor.app/TotalPriceTableViewCell.nib
copying file ./Payload/Refloor.app/SF-Pro-Display-Medium.otf ... 
2026-03-02 07:42:10 +0000  335512 bytes for ./Payload/Refloor.app/SF-Pro-Display-Medium.otf
copying file ./Payload/Refloor.app/L_Shape_CustomView_ToolBoxView.nib ... 
2026-03-02 07:42:10 +0000  37843 bytes for ./Payload/Refloor.app/L_Shape_CustomView_ToolBoxView.nib
copying file ./Payload/Refloor.app/JobCompleationCollectionViewCell.nib ... 
2026-03-02 07:42:10 +0000  7099 bytes for ./Payload/Refloor.app/JobCompleationCollectionViewCell.nib
2026-03-02 07:42:10 +0000  copying file ./Payload/Refloor.app/SF-Pro-Display-Heavy.otf ... 
2026-03-02 07:42:10 +0000  335840 bytes for ./Payload/Refloor.app/SF-Pro-Display-Heavy.otf
copying file ./Payload/Refloor.app/CAXSVProgressHUD.nib ... 
2026-03-02 07:42:10 +0000  5311 bytes for ./Payload/Refloor.app/CAXSVProgressHUD.nib
2026-03-02 07:42:10 +0000  copying file ./Payload/Refloor.app/SFUIText-Heavy.otf ... 
2026-03-02 07:42:10 +0000  224140 bytes for ./Payload/Refloor.app/SFUIText-Heavy.otf
copying file ./Payload/Refloor.app/SFUIText-Regular.otf ... 
2026-03-02 07:42:10 +0000  215624 bytes for ./Payload/Refloor.app/SFUIText-Regular.otf
copying file ./Payload/Refloor.app/AppointmentSummaryFirstRowTableViewCell.nib ... 
2026-03-02 07:42:10 +0000  6208 bytes for ./Payload/Refloor.app/AppointmentSummaryFirstRowTableViewCell.nib
2026-03-02 07:42:10 +0000  copying file ./Payload/Refloor.app/Inter-UI-BoldItalic.otf ... 
2026-03-02 07:42:10 +0000  261492 bytes for ./Payload/Refloor.app/Inter-UI-BoldItalic.otf
copying file ./Payload/Refloor.app/Inter-UI-Regular.ttf ... 
2026-03-02 07:42:10 +0000  546388 bytes for ./Payload/Refloor.app/Inter-UI-Regular.ttf
copying file ./Payload/Refloor.app/loading.gif ... 
2026-03-02 07:42:10 +0000  8363 bytes for ./Payload/Refloor.app/loading.gif
copying file ./Payload/Refloor.app/GoogleService-Info.plist ... 
2026-03-02 07:42:10 +0000  661 bytes for ./Payload/Refloor.app/GoogleService-Info.plist
2026-03-02 07:42:10 +0000  copying file ./Payload/Refloor.app/SFUIText-Medium.otf ... 
2026-03-02 07:42:10 +0000  153804 bytes for ./Payload/Refloor.app/SFUIText-Medium.otf
copying file ./Payload/Refloor.app/Inter-UI-Bold.otf ... 
2026-03-02 07:42:10 +0000  222924 bytes for ./Payload/Refloor.app/Inter-UI-Bold.otf
2026-03-02 07:42:10 +0000  copying file ./Payload/Refloor.app/Base.lproj/Main.storyboardc/eCW-6w-O7E-view-x0e-t4-JDY.nib ... 
2026-03-02 07:42:10 +0000  50377 bytes for ./Payload/Refloor.app/Base.lproj/Main.storyboardc/eCW-6w-O7E-view-x0e-t4-JDY.nib
copying file ./Payload/Refloor.app/Base.lproj/Main.storyboardc/J1D-kt-Kl0-view-B9j-a6-fLM.nib ... 
2026-03-02 07:42:10 +0000  10268 bytes for ./Payload/Refloor.app/Base.lproj/Main.storyboardc/J1D-kt-Kl0-view-B9j-a6-fLM.nib
2026-03-02 07:42:10 +0000  copying file ./Payload/Refloor.app/Base.lproj/Main.storyboardc/P3C-z5-aQV-view-ff5-hq-ocw.nib ... 
2026-03-02 07:42:10 +0000  15471 bytes for ./Payload/Refloor.app/Base.lproj/Main.storyboardc/P3C-z5-aQV-view-ff5-hq-ocw.nib
copying file ./Payload/Refloor.app/Base.lproj/Main.storyboardc/InstallerSuccessViewController.nib ... 
2026-03-02 07:42:10 +0000  1078 bytes for ./Payload/Refloor.app/Base.lproj/Main.storyboardc/InstallerSuccessViewController.nib
2026-03-02 07:42:10 +0000  copying file ./Payload/Refloor.app/Base.lproj/Main.storyboardc/ojv-5a-6Dj-view-QiO-rP-Bef.nib ... 
2026-03-02 07:42:10 +0000  12807 bytes for ./Payload/Refloor.app/Base.lproj/Main.storyboardc/ojv-5a-6Dj-view-QiO-rP-Bef.nib
copying file ./Payload/Refloor.app/Base.lproj/Main.storyboardc/ImageViewAndRemoveViewController.nib ... 
2026-03-02 07:42:10 +0000  1183 bytes for ./Payload/Refloor.app/Base.lproj/Main.storyboardc/ImageViewAndRemoveViewController.nib
2026-03-02 07:42:10 +0000  copying file ./Payload/Refloor.app/Base.lproj/Main.storyboardc/yq8-e1-Wse-view-czw-PR-eCE.nib ... 
2026-03-02 07:42:10 +0000  15361 bytes for ./Payload/Refloor.app/Base.lproj/Main.storyboardc/yq8-e1-Wse-view-czw-PR-eCE.nib
copying file ./Payload/Refloor.app/Base.lproj/Main.storyboardc/CancellationPolicyViewController.nib ... 
2026-03-02 07:42:10 +0000  1082 bytes for ./Payload/Refloor.app/Base.lproj/Main.storyboardc/CancellationPolicyViewController.nib
2026-03-02 07:42:10 +0000  copying file ./Payload/Refloor.app/Base.lproj/Main.storyboardc/AboutRoomViewController.nib ... 
2026-03-02 07:42:10 +0000  1111 bytes for ./Payload/Refloor.app/Base.lproj/Main.storyboardc/AboutRoomViewController.nib
2026-03-02 07:42:10 +0000  copying file ./Payload/Refloor.app/Base.lproj/Main.storyboardc/wCe-RM-6Uv-view-PcX-OZ-20t.nib ... 
2026-03-02 07:42:10 +0000  11645 bytes for ./Payload/Refloor.app/Base.lproj/Main.storyboardc/wCe-RM-6Uv-view-PcX-OZ-20t.nib
copying file ./Payload/Refloor.app/Base.lproj/Main.storyboardc/SelectRoomCommentPopUpViewController.nib ... 
2026-03-02 07:42:10 +0000  1144 bytes for ./Payload/Refloor.app/Base.lproj/Main.storyboardc/SelectRoomCommentPopUpViewController.nib
2026-03-02 07:42:10 +0000  copying file ./Payload/Refloor.app/Base.lproj/Main.storyboardc/CustomeShapeViewController.nib ... 
2026-03-02 07:42:10 +0000  1072 bytes for ./Payload/Refloor.app/Base.lproj/Main.storyboardc/CustomeShapeViewController.nib
2026-03-02 07:42:10 +0000  copying file ./Payload/Refloor.app/Base.lproj/Main.storyboardc/PaymentDetailsViewController.nib ... 
2026-03-02 07:42:10 +0000  1076 bytes for ./Payload/Refloor.app/Base.lproj/Main.storyboardc/PaymentDetailsViewController.nib
2026-03-02 07:42:10 +0000  copying file ./Payload/Refloor.app/Base.lproj/Main.storyboardc/eCP-gM-t50-view-FUx-sC-PLk.nib ... 
2026-03-02 07:42:10 +0000  4176 bytes for ./Payload/Refloor.app/Base.lproj/Main.storyboardc/eCP-gM-t50-view-FUx-sC-PLk.nib
2026-03-02 07:42:10 +0000  copying file ./Payload/Refloor.app/Base.lproj/Main.storyboardc/CustomerDetailsTowViewController.nib ... 
2026-03-02 07:42:10 +0000  1084 bytes for ./Payload/Refloor.app/Base.lproj/Main.storyboardc/CustomerDetailsTowViewController.nib
2026-03-02 07:42:10 +0000  copying file ./Payload/Refloor.app/Base.lproj/Main.storyboardc/SelectAFloorViewController.nib ... 
2026-03-02 07:42:10 +0000  1072 bytes for ./Payload/Refloor.app/Base.lproj/Main.storyboardc/SelectAFloorViewController.nib
2026-03-02 07:42:10 +0000  copying file ./Payload/Refloor.app/Base.lproj/Main.storyboardc/FinanceViewController.nib ... 
2026-03-02 07:42:10 +0000  1060 bytes for ./Payload/Refloor.app/Base.lproj/Main.storyboardc/FinanceViewController.nib
2026-03-02 07:42:10 +0000  copying file ./Payload/Refloor.app/Base.lproj/Main.storyboardc/EGC-Hq-0fO-view-kgA-22-4fy.nib ... 
2026-03-02 07:42:10 +0000  6308 bytes for ./Payload/Refloor.app/Base.lproj/Main.storyboardc/EGC-Hq-0fO-view-kgA-22-4fy.nib
2026-03-02 07:42:10 +0000  copying file ./Payload/Refloor.app/Base.lproj/Main.storyboardc/S1d-GU-090-view-JLK-kY-zzt.nib ... 
2026-03-02 07:42:10 +0000  22517 bytes for ./Payload/Refloor.app/Base.lproj/Main.storyboardc/S1d-GU-090-view-JLK-kY-zzt.nib
copying file ./Payload/Refloor.app/Base.lproj/Main.storyboardc/UpdateCustomerDetailsTowViewController.nib ... 
2026-03-02 07:42:10 +0000  1096 bytes for ./Payload/Refloor.app/Base.lproj/Main.storyboardc/UpdateCustomerDetailsTowViewController.nib
2026-03-02 07:42:10 +0000  copying file ./Payload/Refloor.app/Base.lproj/Main.storyboardc/RecognizerViewController.nib ... 
2026-03-02 07:42:10 +0000  1171 bytes for ./Payload/Refloor.app/Base.lproj/Main.storyboardc/RecognizerViewController.nib
2026-03-02 07:42:10 +0000  copying file ./Payload/Refloor.app/Base.lproj/Main.storyboardc/Tg2-pI-ran-view-eMw-uU-Ljn.nib ... 
2026-03-02 07:42:10 +0000  16649 bytes for ./Payload/Refloor.app/Base.lproj/Main.storyboardc/Tg2-pI-ran-view-eMw-uU-Ljn.nib
2026-03-02 07:42:10 +0000  copying file ./Payload/Refloor.app/Base.lproj/Main.storyboardc/RiX-oC-Il9-view-vgY-is-uD4.nib ... 
2026-03-02 07:42:10 +0000  7150 bytes for ./Payload/Refloor.app/Base.lproj/Main.storyboardc/RiX-oC-Il9-view-vgY-is-uD4.nib
2026-03-02 07:42:10 +0000  copying file ./Payload/Refloor.app/Base.lproj/Main.storyboardc/sB5-rd-ZYU-view-Kcp-v4-Eg2.nib ... 
2026-03-02 07:42:10 +0000  9969 bytes for ./Payload/Refloor.app/Base.lproj/Main.storyboardc/sB5-rd-ZYU-view-Kcp-v4-Eg2.nib
2026-03-02 07:42:10 +0000  copying file ./Payload/Refloor.app/Base.lproj/Main.storyboardc/gVT-CI-E9S-view-tgV-RJ-xvq.nib ... 
2026-03-02 07:42:10 +0000  9444 bytes for ./Payload/Refloor.app/Base.lproj/Main.storyboardc/gVT-CI-E9S-view-tgV-RJ-xvq.nib
2026-03-02 07:42:10 +0000  copying file ./Payload/Refloor.app/Base.lproj/Main.storyboardc/hpy-NO-eOZ-view-cGX-co-eC1.nib ... 
2026-03-02 07:42:10 +0000  5405 bytes for ./Payload/Refloor.app/Base.lproj/Main.storyboardc/hpy-NO-eOZ-view-cGX-co-eC1.nib
2026-03-02 07:42:10 +0000  copying file ./Payload/Refloor.app/Base.lproj/Main.storyboardc/CustomerListViewController.nib ... 
2026-03-02 07:42:10 +0000  1072 bytes for ./Payload/Refloor.app/Base.lproj/Main.storyboardc/CustomerListViewController.nib
2026-03-02 07:42:10 +0000  copying file ./Payload/Refloor.app/Base.lproj/Main.storyboardc/PJE-eJ-MNy-view-ASJ-wg-Fg7.nib ... 
2026-03-02 07:42:10 +0000  5386 bytes for ./Payload/Refloor.app/Base.lproj/Main.storyboardc/PJE-eJ-MNy-view-ASJ-wg-Fg7.nib
2026-03-02 07:42:10 +0000  copying file ./Payload/Refloor.app/Base.lproj/Main.storyboardc/mlb-Rk-2gw-view-pQe-hN-uX4.nib ... 
2026-03-02 07:42:10 +0000  27066 bytes for ./Payload/Refloor.app/Base.lproj/Main.storyboardc/mlb-Rk-2gw-view-pQe-hN-uX4.nib
copying file ./Payload/Refloor.app/Base.lproj/Main.storyboardc/Q3y-rd-Ccd-view-P3w-sL-ptj.nib ... 
2026-03-02 07:42:10 +0000  41286 bytes for ./Payload/Refloor.app/Base.lproj/Main.storyboardc/Q3y-rd-Ccd-view-P3w-sL-ptj.nib
copying file ./Payload/Refloor.app/Base.lproj/Main.storyboardc/afO-53-um5-view-ol7-Wz-DKz.nib ... 
2026-03-02 07:42:10 +0000  37497 bytes for ./Payload/Refloor.app/Base.lproj/Main.storyboardc/afO-53-um5-view-ol7-Wz-DKz.nib
copying file ./Payload/Refloor.app/Base.lproj/Main.storyboardc/ContactCommentPopUpViewController.nib ... 
2026-03-02 07:42:10 +0000  1140 bytes for ./Payload/Refloor.app/Base.lproj/Main.storyboardc/ContactCommentPopUpViewController.nib
2026-03-02 07:42:10 +0000  copying file ./Payload/Refloor.app/Base.lproj/Main.storyboardc/DynamicContractViewController.nib ... 
2026-03-02 07:42:10 +0000  1076 bytes for ./Payload/Refloor.app/Base.lproj/Main.storyboardc/DynamicContractViewController.nib
2026-03-02 07:42:10 +0000  copying file ./Payload/Refloor.app/Base.lproj/Main.storyboardc/bME-NP-Wty-view-Rlg-sm-mqp.nib ... 
2026-03-02 07:42:10 +0000  13554 bytes for ./Payload/Refloor.app/Base.lproj/Main.storyboardc/bME-NP-Wty-view-Rlg-sm-mqp.nib
copying file ./Payload/Refloor.app/Base.lproj/Main.storyboardc/UED-rM-1WK-view-Yb4-Uc-2Zt.nib ... 
2026-03-02 07:42:10 +0000  14634 bytes for ./Payload/Refloor.app/Base.lproj/Main.storyboardc/UED-rM-1WK-view-Yb4-Uc-2Zt.nib
copying file ./Payload/Refloor.app/Base.lproj/Main.storyboardc/SignViewController.nib ... 
2026-03-02 07:42:10 +0000  1110 bytes for ./Payload/Refloor.app/Base.lproj/Main.storyboardc/SignViewController.nib
2026-03-02 07:42:10 +0000  copying file ./Payload/Refloor.app/Base.lproj/Main.storyboardc/VersatileViewController.nib ... 
2026-03-02 07:42:10 +0000  1064 bytes for ./Payload/Refloor.app/Base.lproj/Main.storyboardc/VersatileViewController.nib
2026-03-02 07:42:10 +0000  copying file ./Payload/Refloor.app/Base.lproj/Main.storyboardc/DownFinalPaymentViewController.nib ... 
2026-03-02 07:42:10 +0000  1080 bytes for ./Payload/Refloor.app/Base.lproj/Main.storyboardc/DownFinalPaymentViewController.nib
2026-03-02 07:42:10 +0000  copying file ./Payload/Refloor.app/Base.lproj/Main.storyboardc/RejectViewControllerViewController.nib ... 
2026-03-02 07:42:10 +0000  1088 bytes for ./Payload/Refloor.app/Base.lproj/Main.storyboardc/RejectViewControllerViewController.nib
2026-03-02 07:42:10 +0000  copying file ./Payload/Refloor.app/Base.lproj/Main.storyboardc/WebViewViewController.nib ... 
2026-03-02 07:42:10 +0000  1062 bytes for ./Payload/Refloor.app/Base.lproj/Main.storyboardc/WebViewViewController.nib
2026-03-02 07:42:10 +0000  copying file ./Payload/Refloor.app/Base.lproj/Main.storyboardc/CustomerDetailsOneViewController.nib ... 
2026-03-02 07:42:10 +0000  1084 bytes for ./Payload/Refloor.app/Base.lproj/Main.storyboardc/CustomerDetailsOneViewController.nib
2026-03-02 07:42:10 +0000  copying file ./Payload/Refloor.app/Base.lproj/Main.storyboardc/IaL-wI-Xnz-view-NGA-ae-GTw.nib ... 
2026-03-02 07:42:10 +0000  4969 bytes for ./Payload/Refloor.app/Base.lproj/Main.storyboardc/IaL-wI-Xnz-view-NGA-ae-GTw.nib
2026-03-02 07:42:10 +0000  copying file ./Payload/Refloor.app/Base.lproj/Main.storyboardc/SuccessFullPaymentViewController.nib ... 
2026-03-02 07:42:10 +0000  1084 bytes for ./Payload/Refloor.app/Base.lproj/Main.storyboardc/SuccessFullPaymentViewController.nib
2026-03-02 07:42:10 +0000  copying file ./Payload/Refloor.app/Base.lproj/Main.storyboardc/Cq4-oa-e8R-view-tTm-Jl-BwQ.nib ... 
2026-03-02 07:42:10 +0000  22596 bytes for ./Payload/Refloor.app/Base.lproj/Main.storyboardc/Cq4-oa-e8R-view-tTm-Jl-BwQ.nib
copying file ./Payload/Refloor.app/Base.lproj/Main.storyboardc/JrJ-vr-3Tv-view-Vbi-9Q-Re1.nib ... 
2026-03-02 07:42:10 +0000  11503 bytes for ./Payload/Refloor.app/Base.lproj/Main.storyboardc/JrJ-vr-3Tv-view-Vbi-9Q-Re1.nib
copying file ./Payload/Refloor.app/Base.lproj/Main.storyboardc/VS0-x5-fcr-view-QiR-EF-R8B.nib ... 
2026-03-02 07:42:10 +0000  8054 bytes for ./Payload/Refloor.app/Base.lproj/Main.storyboardc/VS0-x5-fcr-view-QiR-EF-R8B.nib
2026-03-02 07:42:10 +0000  copying file ./Payload/Refloor.app/Base.lproj/Main.storyboardc/AddressEntryViewController.nib ... 
2026-03-02 07:42:10 +0000  1126 bytes for ./Payload/Refloor.app/Base.lproj/Main.storyboardc/AddressEntryViewController.nib
2026-03-02 07:42:10 +0000  copying file ./Payload/Refloor.app/Base.lproj/Main.storyboardc/ApplicantFormViewController.nib ... 
2026-03-02 07:42:10 +0000  1076 bytes for ./Payload/Refloor.app/Base.lproj/Main.storyboardc/ApplicantFormViewController.nib
2026-03-02 07:42:10 +0000  copying file ./Payload/Refloor.app/Base.lproj/Main.storyboardc/SelectionViewController.nib ... 
2026-03-02 07:42:10 +0000  1066 bytes for ./Payload/Refloor.app/Base.lproj/Main.storyboardc/SelectionViewController.nib
2026-03-02 07:42:10 +0000  copying file ./Payload/Refloor.app/Base.lproj/Main.storyboardc/Dhy-ec-63V-view-3nm-Am-Zt4.nib ... 
2026-03-02 07:42:10 +0000  18261 bytes for ./Payload/Refloor.app/Base.lproj/Main.storyboardc/Dhy-ec-63V-view-3nm-Am-Zt4.nib
copying file ./Payload/Refloor.app/Base.lproj/Main.storyboardc/zyx-d4-Ery-view-bLs-C1-6ud.nib ... 
2026-03-02 07:42:10 +0000  22437 bytes for ./Payload/Refloor.app/Base.lproj/Main.storyboardc/zyx-d4-Ery-view-bLs-C1-6ud.nib
copying file ./Payload/Refloor.app/Base.lproj/Main.storyboardc/D1e-6O-qjC-view-6Jg-4t-etV.nib ... 
2026-03-02 07:42:10 +0000  8423 bytes for ./Payload/Refloor.app/Base.lproj/Main.storyboardc/D1e-6O-qjC-view-6Jg-4t-etV.nib
2026-03-02 07:42:10 +0000  copying file ./Payload/Refloor.app/Base.lproj/Main.storyboardc/OtherIncomeViewControllerForm.nib ... 
2026-03-02 07:42:10 +0000  1078 bytes for ./Payload/Refloor.app/Base.lproj/Main.storyboardc/OtherIncomeViewControllerForm.nib
2026-03-02 07:42:10 +0000  copying file ./Payload/Refloor.app/Base.lproj/Main.storyboardc/TeK-fB-O8N-view-2rR-XM-crp.nib ... 
2026-03-02 07:42:10 +0000  3126 bytes for ./Payload/Refloor.app/Base.lproj/Main.storyboardc/TeK-fB-O8N-view-2rR-XM-crp.nib
2026-03-02 07:42:10 +0000  copying file ./Payload/Refloor.app/Base.lproj/Main.storyboardc/SelectARoomViewController.nib ... 
2026-03-02 07:42:10 +0000  1070 bytes for ./Payload/Refloor.app/Base.lproj/Main.storyboardc/SelectARoomViewController.nib
2026-03-02 07:42:10 +0000  copying file ./Payload/Refloor.app/Base.lproj/Main.storyboardc/UpdateCustomerDetailsOneViewController.nib ... 
2026-03-02 07:42:10 +0000  1096 bytes for ./Payload/Refloor.app/Base.lproj/Main.storyboardc/UpdateCustomerDetailsOneViewController.nib
2026-03-02 07:42:10 +0000  copying file ./Payload/Refloor.app/Base.lproj/Main.storyboardc/InstallerShedulerViewController.nib ... 
2026-03-02 07:42:10 +0000  1080 bytes for ./Payload/Refloor.app/Base.lproj/Main.storyboardc/InstallerShedulerViewController.nib
2026-03-02 07:42:10 +0000  copying file ./Payload/Refloor.app/Base.lproj/Main.storyboardc/SpalshScreenViewController.nib ... 
2026-03-02 07:42:10 +0000  1175 bytes for ./Payload/Refloor.app/Base.lproj/Main.storyboardc/SpalshScreenViewController.nib
2026-03-02 07:42:10 +0000  copying file ./Payload/Refloor.app/Base.lproj/Main.storyboardc/PromoPopUpViewControllerNew.nib ... 
2026-03-02 07:42:10 +0000  1128 bytes for ./Payload/Refloor.app/Base.lproj/Main.storyboardc/PromoPopUpViewControllerNew.nib
2026-03-02 07:42:10 +0000  copying file ./Payload/Refloor.app/Base.lproj/Main.storyboardc/af7-wB-hwd-view-cZV-ZY-cQ6.nib ... 
2026-03-02 07:42:10 +0000  59437 bytes for ./Payload/Refloor.app/Base.lproj/Main.storyboardc/af7-wB-hwd-view-cZV-ZY-cQ6.nib
copying file ./Payload/Refloor.app/Base.lproj/Main.storyboardc/PaymentOptionsNewViewController.nib ... 
2026-03-02 07:42:10 +0000  1082 bytes for ./Payload/Refloor.app/Base.lproj/Main.storyboardc/PaymentOptionsNewViewController.nib
2026-03-02 07:42:10 +0000  copying file ./Payload/Refloor.app/Base.lproj/Main.storyboardc/PromoPopUpViewController.nib ... 
2026-03-02 07:42:10 +0000  1122 bytes for ./Payload/Refloor.app/Base.lproj/Main.storyboardc/PromoPopUpViewController.nib
2026-03-02 07:42:10 +0000  copying file ./Payload/Refloor.app/Base.lproj/Main.storyboardc/hwE-7Q-Lwi-view-byi-ox-JKG.nib ... 
2026-03-02 07:42:10 +0000  18103 bytes for ./Payload/Refloor.app/Base.lproj/Main.storyboardc/hwE-7Q-Lwi-view-byi-ox-JKG.nib
copying file ./Payload/Refloor.app/Base.lproj/Main.storyboardc/831-V5-lGe-view-hYd-c0-d1X.nib ... 
2026-03-02 07:42:10 +0000  4828 bytes for ./Payload/Refloor.app/Base.lproj/Main.storyboardc/831-V5-lGe-view-hYd-c0-d1X.nib
2026-03-02 07:42:10 +0000  copying file ./Payload/Refloor.app/Base.lproj/Main.storyboardc/L_Shape_ViewController.nib ... 
2026-03-02 07:42:10 +0000  1064 bytes for ./Payload/Refloor.app/Base.lproj/Main.storyboardc/L_Shape_ViewController.nib
2026-03-02 07:42:10 +0000  copying file ./Payload/Refloor.app/Base.lproj/Main.storyboardc/lWK-UB-l4U-view-e8K-xd-MwH.nib ... 
2026-03-02 07:42:10 +0000  79889 bytes for ./Payload/Refloor.app/Base.lproj/Main.storyboardc/lWK-UB-l4U-view-e8K-xd-MwH.nib
copying file ./Payload/Refloor.app/Base.lproj/Main.storyboardc/miL-Ug-c99-view-XpM-5C-jR1.nib ... 
2026-03-02 07:42:10 +0000  15364 bytes for ./Payload/Refloor.app/Base.lproj/Main.storyboardc/miL-Ug-c99-view-XpM-5C-jR1.nib
copying file ./Payload/Refloor.app/Base.lproj/Main.storyboardc/L_Shape_Value_Collection_ViewController.nib ... 
2026-03-02 07:42:10 +0000  1098 bytes for ./Payload/Refloor.app/Base.lproj/Main.storyboardc/L_Shape_Value_Collection_ViewController.nib
2026-03-02 07:42:10 +0000  copying file ./Payload/Refloor.app/Base.lproj/Main.storyboardc/nYP-qW-C6z-view-ANC-RU-RFO.nib ... 
2026-03-02 07:42:10 +0000  61447 bytes for ./Payload/Refloor.app/Base.lproj/Main.storyboardc/nYP-qW-C6z-view-ANC-RU-RFO.nib
copying file ./Payload/Refloor.app/Base.lproj/Main.storyboardc/OrderStatusViewController.nib ... 
2026-03-02 07:42:10 +0000  1124 bytes for ./Payload/Refloor.app/Base.lproj/Main.storyboardc/OrderStatusViewController.nib
2026-03-02 07:42:10 +0000  copying file ./Payload/Refloor.app/Base.lproj/Main.storyboardc/CoApplicantFormViewController.nib ... 
2026-03-02 07:42:10 +0000  1078 bytes for ./Payload/Refloor.app/Base.lproj/Main.storyboardc/CoApplicantFormViewController.nib
2026-03-02 07:42:10 +0000  copying file ./Payload/Refloor.app/Base.lproj/Main.storyboardc/ViewLodDetailsViewController.nib ... 
2026-03-02 07:42:10 +0000  1121 bytes for ./Payload/Refloor.app/Base.lproj/Main.storyboardc/ViewLodDetailsViewController.nib
2026-03-02 07:42:10 +0000  copying file ./Payload/Refloor.app/Base.lproj/Main.storyboardc/SummeryListViewController.nib ... 
2026-03-02 07:42:10 +0000  1101 bytes for ./Payload/Refloor.app/Base.lproj/Main.storyboardc/SummeryListViewController.nib
2026-03-02 07:42:10 +0000  copying file ./Payload/Refloor.app/Base.lproj/Main.storyboardc/SignatureSubmitViewController.nib ... 
2026-03-02 07:42:10 +0000  1078 bytes for ./Payload/Refloor.app/Base.lproj/Main.storyboardc/SignatureSubmitViewController.nib
2026-03-02 07:42:10 +0000  copying file ./Payload/Refloor.app/Base.lproj/Main.storyboardc/OtherIncomeViewController.nib ... 
2026-03-02 07:42:10 +0000  1070 bytes for ./Payload/Refloor.app/Base.lproj/Main.storyboardc/OtherIncomeViewController.nib
2026-03-02 07:42:10 +0000  copying file ./Payload/Refloor.app/Base.lproj/Main.storyboardc/QRCodeScannerViewController.nib ... 
2026-03-02 07:42:10 +0000  1072 bytes for ./Payload/Refloor.app/Base.lproj/Main.storyboardc/QRCodeScannerViewController.nib
2026-03-02 07:42:10 +0000  copying file ./Payload/Refloor.app/Base.lproj/Main.storyboardc/SelectTilesViewController.nib ... 
2026-03-02 07:42:10 +0000  1070 bytes for ./Payload/Refloor.app/Base.lproj/Main.storyboardc/SelectTilesViewController.nib
2026-03-02 07:42:10 +0000  copying file ./Payload/Refloor.app/Base.lproj/Main.storyboardc/Re2-dO-RiW-view-uxq-Ht-vmV.nib ... 
2026-03-02 07:42:10 +0000  4167 bytes for ./Payload/Refloor.app/Base.lproj/Main.storyboardc/Re2-dO-RiW-view-uxq-Ht-vmV.nib
2026-03-02 07:42:10 +0000  copying file ./Payload/Refloor.app/Base.lproj/Main.storyboardc/kbo-Pn-CLB-view-MOQ-RQ-rKP.nib ... 
2026-03-02 07:42:10 +0000  10486 bytes for ./Payload/Refloor.app/Base.lproj/Main.storyboardc/kbo-Pn-CLB-view-MOQ-RQ-rKP.nib
2026-03-02 07:42:10 +0000  copying file ./Payload/Refloor.app/Base.lproj/Main.storyboardc/DestinationMotivationViewController.nib ... 
2026-03-02 07:42:10 +0000  1088 bytes for ./Payload/Refloor.app/Base.lproj/Main.storyboardc/DestinationMotivationViewController.nib
2026-03-02 07:42:10 +0000  copying file ./Payload/Refloor.app/Base.lproj/Main.storyboardc/E8K-4w-fLw-view-n4h-ca-27G.nib ... 
2026-03-02 07:42:10 +0000  40138 bytes for ./Payload/Refloor.app/Base.lproj/Main.storyboardc/E8K-4w-fLw-view-n4h-ca-27G.nib
copying file ./Payload/Refloor.app/Base.lproj/Main.storyboardc/9sh-IN-UTi-view-gqA-qp-No3.nib ... 
2026-03-02 07:42:10 +0000  28373 bytes for ./Payload/Refloor.app/Base.lproj/Main.storyboardc/9sh-IN-UTi-view-gqA-qp-No3.nib
copying file ./Payload/Refloor.app/Base.lproj/Main.storyboardc/LoginViewController.nib ... 
2026-03-02 07:42:10 +0000  1058 bytes for ./Payload/Refloor.app/Base.lproj/Main.storyboardc/LoginViewController.nib
2026-03-02 07:42:10 +0000  copying file ./Payload/Refloor.app/Base.lproj/Main.storyboardc/tZQ-7Z-gvM-view-uWi-2m-SfO.nib ... 
2026-03-02 07:42:10 +0000  6631 bytes for ./Payload/Refloor.app/Base.lproj/Main.storyboardc/tZQ-7Z-gvM-view-uWi-2m-SfO.nib
2026-03-02 07:42:10 +0000  copying file ./Payload/Refloor.app/Base.lproj/Main.storyboardc/DownPaymentViewController.nib ... 
2026-03-02 07:42:10 +0000  1070 bytes for ./Payload/Refloor.app/Base.lproj/Main.storyboardc/DownPaymentViewController.nib
2026-03-02 07:42:10 +0000  copying file ./Payload/Refloor.app/Base.lproj/Main.storyboardc/2ZD-JK-XJk-view-Pvd-PG-9I8.nib ... 
2026-03-02 07:42:10 +0000  22578 bytes for ./Payload/Refloor.app/Base.lproj/Main.storyboardc/2ZD-JK-XJk-view-Pvd-PG-9I8.nib
copying file ./Payload/Refloor.app/Base.lproj/Main.storyboardc/ImportentAgreementViewController.nib ... 
2026-03-02 07:42:10 +0000  1138 bytes for ./Payload/Refloor.app/Base.lproj/Main.storyboardc/ImportentAgreementViewController.nib
2026-03-02 07:42:10 +0000  copying file ./Payload/Refloor.app/Base.lproj/Main.storyboardc/Vpt-Kb-nJi-view-7ZE-CD-n2D.nib ... 
2026-03-02 07:42:10 +0000  22666 bytes for ./Payload/Refloor.app/Base.lproj/Main.storyboardc/Vpt-Kb-nJi-view-7ZE-CD-n2D.nib
copying file ./Payload/Refloor.app/Base.lproj/Main.storyboardc/TT0-xu-yQb-view-CKQ-Le-lAm.nib ... 
2026-03-02 07:42:10 +0000  2950 bytes for ./Payload/Refloor.app/Base.lproj/Main.storyboardc/TT0-xu-yQb-view-CKQ-Le-lAm.nib
2026-03-02 07:42:10 +0000  copying file ./Payload/Refloor.app/Base.lproj/Main.storyboardc/BdE-Su-oRH-view-Nju-VJ-dmx.nib ... 
2026-03-02 07:42:10 +0000  21658 bytes for ./Payload/Refloor.app/Base.lproj/Main.storyboardc/BdE-Su-oRH-view-Nju-VJ-dmx.nib
copying file ./Payload/Refloor.app/Base.lproj/Main.storyboardc/AppointmentPaymentSummaryViewController.nib ... 
2026-03-02 07:42:10 +0000  1150 bytes for ./Payload/Refloor.app/Base.lproj/Main.storyboardc/AppointmentPaymentSummaryViewController.nib
2026-03-02 07:42:10 +0000  copying file ./Payload/Refloor.app/Base.lproj/Main.storyboardc/BYZ-38-t0r-view-8bC-Xf-vdC.nib ... 
2026-03-02 07:42:10 +0000  8232 bytes for ./Payload/Refloor.app/Base.lproj/Main.storyboardc/BYZ-38-t0r-view-8bC-Xf-vdC.nib
2026-03-02 07:42:10 +0000  copying file ./Payload/Refloor.app/Base.lproj/Main.storyboardc/FinanceOrderCheckListViewController.nib ... 
2026-03-02 07:42:10 +0000  1088 bytes for ./Payload/Refloor.app/Base.lproj/Main.storyboardc/FinanceOrderCheckListViewController.nib
2026-03-02 07:42:10 +0000  copying file ./Payload/Refloor.app/Base.lproj/Main.storyboardc/PaymentOptionsViewController.nib ... 
2026-03-02 07:42:10 +0000  1076 bytes for ./Payload/Refloor.app/Base.lproj/Main.storyboardc/PaymentOptionsViewController.nib
2026-03-02 07:42:10 +0000  copying file ./Payload/Refloor.app/Base.lproj/Main.storyboardc/wl2-p5-7wX-view-hh5-Dp-Mld.nib ... 
2026-03-02 07:42:10 +0000  12357 bytes for ./Payload/Refloor.app/Base.lproj/Main.storyboardc/wl2-p5-7wX-view-hh5-Dp-Mld.nib
copying file ./Payload/Refloor.app/Base.lproj/Main.storyboardc/SpalashScreenNewViewController.nib ... 
2026-03-02 07:42:10 +0000  1144 bytes for ./Payload/Refloor.app/Base.lproj/Main.storyboardc/SpalashScreenNewViewController.nib
2026-03-02 07:42:10 +0000  copying file ./Payload/Refloor.app/Base.lproj/Main.storyboardc/Jhm-eL-UOs-view-4zM-BN-GIX.nib ... 
2026-03-02 07:42:10 +0000  9125 bytes for ./Payload/Refloor.app/Base.lproj/Main.storyboardc/Jhm-eL-UOs-view-4zM-BN-GIX.nib
copying file ./Payload/Refloor.app/Base.lproj/Main.storyboardc/CustomerDetailsViewController.nib ... 
2026-03-02 07:42:10 +0000  1078 bytes for ./Payload/Refloor.app/Base.lproj/Main.storyboardc/CustomerDetailsViewController.nib
2026-03-02 07:42:10 +0000  copying file ./Payload/Refloor.app/Base.lproj/Main.storyboardc/X76-RT-l4Q-view-1WV-19-tJ2.nib ... 
2026-03-02 07:42:10 +0000  5204 bytes for ./Payload/Refloor.app/Base.lproj/Main.storyboardc/X76-RT-l4Q-view-1WV-19-tJ2.nib
2026-03-02 07:42:10 +0000  copying file ./Payload/Refloor.app/Base.lproj/Main.storyboardc/RoomVOWebViewViewController.nib ... 
2026-03-02 07:42:10 +0000  1074 bytes for ./Payload/Refloor.app/Base.lproj/Main.storyboardc/RoomVOWebViewViewController.nib
2026-03-02 07:42:10 +0000  copying file ./Payload/Refloor.app/Base.lproj/Main.storyboardc/PRT-i3-yKX-view-qaN-Rc-sqQ.nib ... 
2026-03-02 07:42:10 +0000  16699 bytes for ./Payload/Refloor.app/Base.lproj/Main.storyboardc/PRT-i3-yKX-view-qaN-Rc-sqQ.nib
copying file ./Payload/Refloor.app/Base.lproj/Main.storyboardc/AppointmentSummaryViewController.nib ... 
2026-03-02 07:42:10 +0000  1082 bytes for ./Payload/Refloor.app/Base.lproj/Main.storyboardc/AppointmentSummaryViewController.nib
2026-03-02 07:42:10 +0000  copying file ./Payload/Refloor.app/Base.lproj/Main.storyboardc/AOh-cd-4Xy-view-oJV-Ax-3Wq.nib ... 
2026-03-02 07:42:10 +0000  9741 bytes for ./Payload/Refloor.app/Base.lproj/Main.storyboardc/AOh-cd-4Xy-view-oJV-Ax-3Wq.nib
2026-03-02 07:42:10 +0000  copying file ./Payload/Refloor.app/Base.lproj/Main.storyboardc/Foc-bL-OmX-view-2gG-EL-Wgb.nib ... 
2026-03-02 07:42:10 +0000  12925 bytes for ./Payload/Refloor.app/Base.lproj/Main.storyboardc/Foc-bL-OmX-view-2gG-EL-Wgb.nib
copying file ./Payload/Refloor.app/Base.lproj/Main.storyboardc/FurnitureQustionsViewController.nib ... 
2026-03-02 07:42:10 +0000  1082 bytes for ./Payload/Refloor.app/Base.lproj/Main.storyboardc/FurnitureQustionsViewController.nib
2026-03-02 07:42:10 +0000  copying file ./Payload/Refloor.app/Base.lproj/Main.storyboardc/HEb-W5-8Jk-view-hZg-14-QRl.nib ... 
2026-03-02 07:42:10 +0000  24783 bytes for ./Payload/Refloor.app/Base.lproj/Main.storyboardc/HEb-W5-8Jk-view-hZg-14-QRl.nib
copying file ./Payload/Refloor.app/Base.lproj/Main.storyboardc/PromoDropDownViewController.nib ... 
2026-03-02 07:42:10 +0000  1128 bytes for ./Payload/Refloor.app/Base.lproj/Main.storyboardc/PromoDropDownViewController.nib
2026-03-02 07:42:10 +0000  copying file ./Payload/Refloor.app/Base.lproj/Main.storyboardc/UpdateDownFinalPaymentViewController.nib ... 
2026-03-02 07:42:10 +0000  1092 bytes for ./Payload/Refloor.app/Base.lproj/Main.storyboardc/UpdateDownFinalPaymentViewController.nib
2026-03-02 07:42:10 +0000  copying file ./Payload/Refloor.app/Base.lproj/Main.storyboardc/SelectAShapeViewController.nib ... 
2026-03-02 07:42:10 +0000  1072 bytes for ./Payload/Refloor.app/Base.lproj/Main.storyboardc/SelectAShapeViewController.nib
2026-03-02 07:42:10 +0000  copying file ./Payload/Refloor.app/Base.lproj/Main.storyboardc/ViewLogListViewController.nib ... 
2026-03-02 07:42:10 +0000  1070 bytes for ./Payload/Refloor.app/Base.lproj/Main.storyboardc/ViewLogListViewController.nib
2026-03-02 07:42:10 +0000  copying file ./Payload/Refloor.app/Base.lproj/Main.storyboardc/p01-kO-6A3-view-JcJ-wo-IrP.nib ... 
2026-03-02 07:42:10 +0000  23196 bytes for ./Payload/Refloor.app/Base.lproj/Main.storyboardc/p01-kO-6A3-view-JcJ-wo-IrP.nib
copying file ./Payload/Refloor.app/Base.lproj/Main.storyboardc/d5H-aD-0Dh-view-zWm-5K-FCG.nib ... 
2026-03-02 07:42:10 +0000  63525 bytes for ./Payload/Refloor.app/Base.lproj/Main.storyboardc/d5H-aD-0Dh-view-zWm-5K-FCG.nib
copying file ./Payload/Refloor.app/Base.lproj/Main.storyboardc/Mzb-V8-3gI-view-1Gt-oA-2dM.nib ... 
2026-03-02 07:42:10 +0000  49393 bytes for ./Payload/Refloor.app/Base.lproj/Main.storyboardc/Mzb-V8-3gI-view-1Gt-oA-2dM.nib
copying file ./Payload/Refloor.app/Base.lproj/Main.storyboardc/5Ak-nc-vF7-view-ZW3-hj-ITz.nib ... 
2026-03-02 07:42:10 +0000  16747 bytes for ./Payload/Refloor.app/Base.lproj/Main.storyboardc/5Ak-nc-vF7-view-ZW3-hj-ITz.nib
copying file ./Payload/Refloor.app/Base.lproj/Main.storyboardc/VIy-Jy-Ofi-view-e9T-Xl-esq.nib ... 
2026-03-02 07:42:10 +0000  11821 bytes for ./Payload/Refloor.app/Base.lproj/Main.storyboardc/VIy-Jy-Ofi-view-e9T-Xl-esq.nib
copying file ./Payload/Refloor.app/Base.lproj/Main.storyboardc/ApplicantFormViewControllerForm.nib ... 
2026-03-02 07:42:10 +0000  1082 bytes for ./Payload/Refloor.app/Base.lproj/Main.storyboardc/ApplicantFormViewControllerForm.nib
2026-03-02 07:42:10 +0000  copying file ./Payload/Refloor.app/Base.lproj/Main.storyboardc/CoApplicantFormViewControllerForm.nib ... 
2026-03-02 07:42:10 +0000  1086 bytes for ./Payload/Refloor.app/Base.lproj/Main.storyboardc/CoApplicantFormViewControllerForm.nib
2026-03-02 07:42:10 +0000  copying file ./Payload/Refloor.app/Base.lproj/Main.storyboardc/1bH-DE-q4l-view-RnW-uM-cR0.nib ... 
2026-03-02 07:42:10 +0000  18590 bytes for ./Payload/Refloor.app/Base.lproj/Main.storyboardc/1bH-DE-q4l-view-RnW-uM-cR0.nib
copying file ./Payload/Refloor.app/Base.lproj/Main.storyboardc/CustomShapeLineViewController.nib ... 
2026-03-02 07:42:10 +0000  1078 bytes for ./Payload/Refloor.app/Base.lproj/Main.storyboardc/CustomShapeLineViewController.nib
2026-03-02 07:42:10 +0000  copying file ./Payload/Refloor.app/Base.lproj/Main.storyboardc/InstallerPopUpViewController.nib ... 
2026-03-02 07:42:10 +0000  1128 bytes for ./Payload/Refloor.app/Base.lproj/Main.storyboardc/InstallerPopUpViewController.nib
2026-03-02 07:42:10 +0000  copying file ./Payload/Refloor.app/Base.lproj/Main.storyboardc/6cW-oF-zHM-view-WfB-Iq-FVe.nib ... 
2026-03-02 07:42:10 +0000  16078 bytes for ./Payload/Refloor.app/Base.lproj/Main.storyboardc/6cW-oF-zHM-view-WfB-Iq-FVe.nib
copying file ./Payload/Refloor.app/Base.lproj/Main.storyboardc/SummeryDetailsViewController.nib ... 
2026-03-02 07:42:10 +0000  1076 bytes for ./Payload/Refloor.app/Base.lproj/Main.storyboardc/SummeryDetailsViewController.nib
2026-03-02 07:42:10 +0000  copying file ./Payload/Refloor.app/Base.lproj/Main.storyboardc/NavigationController.nib ... 
2026-03-02 07:42:10 +0000  2041 bytes for ./Payload/Refloor.app/Base.lproj/Main.storyboardc/NavigationController.nib
2026-03-02 07:42:10 +0000  copying file ./Payload/Refloor.app/Base.lproj/Main.storyboardc/nZi-I5-0xe-view-o2t-hN-TOI.nib ... 
2026-03-02 07:42:10 +0000  54244 bytes for ./Payload/Refloor.app/Base.lproj/Main.storyboardc/nZi-I5-0xe-view-o2t-hN-TOI.nib
copying file ./Payload/Refloor.app/Base.lproj/Main.storyboardc/ForgotPasswordViewController.nib ... 
2026-03-02 07:42:10 +0000  1076 bytes for ./Payload/Refloor.app/Base.lproj/Main.storyboardc/ForgotPasswordViewController.nib
2026-03-02 07:42:10 +0000  copying file ./Payload/Refloor.app/Base.lproj/Main.storyboardc/Info.plist ... 
2026-03-02 07:42:10 +0000  4785 bytes for ./Payload/Refloor.app/Base.lproj/Main.storyboardc/Info.plist
2026-03-02 07:42:10 +0000  copying file ./Payload/Refloor.app/Base.lproj/Main.storyboardc/oxp-6o-gdj-view-Hf2-mI-dwZ.nib ... 
2026-03-02 07:42:10 +0000  35491 bytes for ./Payload/Refloor.app/Base.lproj/Main.storyboardc/oxp-6o-gdj-view-Hf2-mI-dwZ.nib
copying file ./Payload/Refloor.app/Base.lproj/Main.storyboardc/dfL-hI-Q0e-view-Py1-IZ-b68.nib ... 
2026-03-02 07:42:10 +0000  24704 bytes for ./Payload/Refloor.app/Base.lproj/Main.storyboardc/dfL-hI-Q0e-view-Py1-IZ-b68.nib
2026-03-02 07:42:10 +0000  copying file ./Payload/Refloor.app/Base.lproj/Main.storyboardc/2EJ-Z4-41G-view-ZAh-ve-6LI.nib ... 
2026-03-02 07:42:10 +0000  41290 bytes for ./Payload/Refloor.app/Base.lproj/Main.storyboardc/2EJ-Z4-41G-view-ZAh-ve-6LI.nib
copying file ./Payload/Refloor.app/Base.lproj/Main.storyboardc/FU3-jd-2IS-view-uUq-mf-BMu.nib ... 
2026-03-02 07:42:10 +0000  211539 bytes for ./Payload/Refloor.app/Base.lproj/Main.storyboardc/FU3-jd-2IS-view-uUq-mf-BMu.nib
copying file ./Payload/Refloor.app/Base.lproj/Main.storyboardc/8Fv-ty-RgD-view-EhY-gV-bm1.nib ... 
2026-03-02 07:42:10 +0000  2592 bytes for ./Payload/Refloor.app/Base.lproj/Main.storyboardc/8Fv-ty-RgD-view-EhY-gV-bm1.nib
2026-03-02 07:42:10 +0000  copying file ./Payload/Refloor.app/Base.lproj/Main.storyboardc/nTY-lk-bVb-view-Z14-Yb-6F4.nib ... 
2026-03-02 07:42:10 +0000  9865 bytes for ./Payload/Refloor.app/Base.lproj/Main.storyboardc/nTY-lk-bVb-view-Z14-Yb-6F4.nib
copying file ./Payload/Refloor.app/Base.lproj/Main.storyboardc/8z4-7V-9Vu-view-k0y-PC-gD8.nib ... 
2026-03-02 07:42:10 +0000  19458 bytes for ./Payload/Refloor.app/Base.lproj/Main.storyboardc/8z4-7V-9Vu-view-k0y-PC-gD8.nib
copying file ./Payload/Refloor.app/Base.lproj/Main.storyboardc/TransactionViewController.nib ... 
2026-03-02 07:42:10 +0000  1115 bytes for ./Payload/Refloor.app/Base.lproj/Main.storyboardc/TransactionViewController.nib
2026-03-02 07:42:10 +0000  copying file ./Payload/Refloor.app/Base.lproj/LaunchScreen.storyboardc/01J-lp-oVM-view-Ze5-6b-2t3.nib ... 
2026-03-02 07:42:10 +0000  2950 bytes for ./Payload/Refloor.app/Base.lproj/LaunchScreen.storyboardc/01J-lp-oVM-view-Ze5-6b-2t3.nib
2026-03-02 07:42:10 +0000  copying file ./Payload/Refloor.app/Base.lproj/LaunchScreen.storyboardc/UIViewController-01J-lp-oVM.nib ... 
2026-03-02 07:42:10 +0000  924 bytes for ./Payload/Refloor.app/Base.lproj/LaunchScreen.storyboardc/UIViewController-01J-lp-oVM.nib
copying file ./Payload/Refloor.app/Base.lproj/LaunchScreen.storyboardc/Info.plist ... 
2026-03-02 07:42:10 +0000  258 bytes for ./Payload/Refloor.app/Base.lproj/LaunchScreen.storyboardc/Info.plist
2026-03-02 07:42:10 +0000  copying file ./Payload/Refloor.app/SF-Pro-Text-Light.otf ... 
2026-03-02 07:42:10 +0000  329540 bytes for ./Payload/Refloor.app/SF-Pro-Text-Light.otf
copying file ./Payload/Refloor.app/Inter-UI-Medium.otf ... 
2026-03-02 07:42:10 +0000  223740 bytes for ./Payload/Refloor.app/Inter-UI-Medium.otf
copying file ./Payload/Refloor.app/ACHCheckCollectionViewCell.nib ... 
2026-03-02 07:42:10 +0000  9459 bytes for ./Payload/Refloor.app/ACHCheckCollectionViewCell.nib
copying file ./Payload/Refloor.app/SF-Pro-Display-Semibold.otf ... 
2026-03-02 07:42:10 +0000  335964 bytes for ./Payload/Refloor.app/SF-Pro-Display-Semibold.otf
copying file ./Payload/Refloor.app/PromoCollectionViewCell.nib ... 
2026-03-02 07:42:10 +0000  5341 bytes for ./Payload/Refloor.app/PromoCollectionViewCell.nib
2026-03-02 07:42:10 +0000  copying file ./Payload/Refloor.app/GooglePlaces.bundle/de.lproj/GooglePlaces.strings ... 
2026-03-02 07:42:10 +0000  4417 bytes for ./Payload/Refloor.app/GooglePlaces.bundle/de.lproj/GooglePlaces.strings
2026-03-02 07:42:10 +0000  copying file ./Payload/Refloor.app/GooglePlaces.bundle/he.lproj/GooglePlaces.strings ... 
2026-03-02 07:42:10 +0000  5000 bytes for ./Payload/Refloor.app/GooglePlaces.bundle/he.lproj/GooglePlaces.strings
2026-03-02 07:42:10 +0000  copying file ./Payload/Refloor.app/GooglePlaces.bundle/en_AU.lproj/GooglePlaces.strings ... 
2026-03-02 07:42:10 +0000  4101 bytes for ./Payload/Refloor.app/GooglePlaces.bundle/en_AU.lproj/GooglePlaces.strings
2026-03-02 07:42:10 +0000  copying file ./Payload/Refloor.app/GooglePlaces.bundle/ar.lproj/GooglePlaces.strings ... 
2026-03-02 07:42:10 +0000  5106 bytes for ./Payload/Refloor.app/GooglePlaces.bundle/ar.lproj/GooglePlaces.strings
2026-03-02 07:42:10 +0000  copying file ./Payload/Refloor.app/GooglePlaces.bundle/el.lproj/GooglePlaces.strings ... 
2026-03-02 07:42:10 +0000  5898 bytes for ./Payload/Refloor.app/GooglePlaces.bundle/el.lproj/GooglePlaces.strings
2026-03-02 07:42:10 +0000  copying file ./Payload/Refloor.app/GooglePlaces.bundle/ja.lproj/GooglePlaces.strings ... 
2026-03-02 07:42:10 +0000  3949 bytes for ./Payload/Refloor.app/GooglePlaces.bundle/ja.lproj/GooglePlaces.strings
2026-03-02 07:42:10 +0000  copying file ./Payload/Refloor.app/GooglePlaces.bundle/sq.lproj/GooglePlaces.strings ... 
2026-03-02 07:42:10 +0000  4848 bytes for ./Payload/Refloor.app/GooglePlaces.bundle/sq.lproj/GooglePlaces.strings
2026-03-02 07:42:10 +0000  copying file ./Payload/Refloor.app/GooglePlaces.bundle/en.lproj/GooglePlaces.strings ... 
2026-03-02 07:42:10 +0000  4114 bytes for ./Payload/Refloor.app/GooglePlaces.bundle/en.lproj/GooglePlaces.strings
2026-03-02 07:42:10 +0000  copying file ./Payload/Refloor.app/GooglePlaces.bundle/uk.lproj/GooglePlaces.strings ... 
2026-03-02 07:42:10 +0000  5569 bytes for ./Payload/Refloor.app/GooglePlaces.bundle/uk.lproj/GooglePlaces.strings
2026-03-02 07:42:10 +0000  copying file ./Payload/Refloor.app/GooglePlaces.bundle/es_419.lproj/GooglePlaces.strings ... 
2026-03-02 07:42:10 +0000  5076 bytes for ./Payload/Refloor.app/GooglePlaces.bundle/es_419.lproj/GooglePlaces.strings
2026-03-02 07:42:10 +0000  copying file ./Payload/Refloor.app/GooglePlaces.bundle/es_MX.lproj/GooglePlaces.strings ... 
2026-03-02 07:42:10 +0000  5076 bytes for ./Payload/Refloor.app/GooglePlaces.bundle/es_MX.lproj/GooglePlaces.strings
2026-03-02 07:42:10 +0000  copying file ./Payload/Refloor.app/GooglePlaces.bundle/zh_CN.lproj/GooglePlaces.strings ... 
2026-03-02 07:42:10 +0000  3634 bytes for ./Payload/Refloor.app/GooglePlaces.bundle/zh_CN.lproj/GooglePlaces.strings
2026-03-02 07:42:10 +0000  copying file ./Payload/Refloor.app/GooglePlaces.bundle/nb.lproj/GooglePlaces.strings ... 
2026-03-02 07:42:10 +0000  4273 bytes for ./Payload/Refloor.app/GooglePlaces.bundle/nb.lproj/GooglePlaces.strings
2026-03-02 07:42:10 +0000  copying file ./Payload/Refloor.app/GooglePlaces.bundle/es.lproj/GooglePlaces.strings ... 
2026-03-02 07:42:10 +0000  5170 bytes for ./Payload/Refloor.app/GooglePlaces.bundle/es.lproj/GooglePlaces.strings
2026-03-02 07:42:10 +0000  copying file ./Payload/Refloor.app/GooglePlaces.bundle/sw.lproj/GooglePlaces.strings ... 
2026-03-02 07:42:10 +0000  4554 bytes for ./Payload/Refloor.app/GooglePlaces.bundle/sw.lproj/GooglePlaces.strings
2026-03-02 07:42:10 +0000  copying file ./Payload/Refloor.app/GooglePlaces.bundle/pt_BR.lproj/GooglePlaces.strings ... 
2026-03-02 07:42:10 +0000  4963 bytes for ./Payload/Refloor.app/GooglePlaces.bundle/pt_BR.lproj/GooglePlaces.strings
2026-03-02 07:42:10 +0000  copying file ./Payload/Refloor.app/GooglePlaces.bundle/da.lproj/GooglePlaces.strings ... 
2026-03-02 07:42:10 +0000  4364 bytes for ./Payload/Refloor.app/GooglePlaces.bundle/da.lproj/GooglePlaces.strings
2026-03-02 07:42:10 +0000  copying file ./Payload/Refloor.app/GooglePlaces.bundle/it.lproj/GooglePlaces.strings ... 
2026-03-02 07:42:10 +0000  4506 bytes for ./Payload/Refloor.app/GooglePlaces.bundle/it.lproj/GooglePlaces.strings
2026-03-02 07:42:10 +0000  copying file ./Payload/Refloor.app/GooglePlaces.bundle/oss_licenses_places.txt.gz ... 
2026-03-02 07:42:10 +0000  6607 bytes for ./Payload/Refloor.app/GooglePlaces.bundle/oss_licenses_places.txt.gz
2026-03-02 07:42:10 +0000  copying file ./Payload/Refloor.app/GooglePlaces.bundle/sad_cloud@2x.png ... 
2026-03-02 07:42:10 +0000  1654 bytes for ./Payload/Refloor.app/GooglePlaces.bundle/sad_cloud@2x.png
2026-03-02 07:42:10 +0000  copying file ./Payload/Refloor.app/GooglePlaces.bundle/sk.lproj/GooglePlaces.strings ... 
2026-03-02 07:42:10 +0000  5419 bytes for ./Payload/Refloor.app/GooglePlaces.bundle/sk.lproj/GooglePlaces.strings
2026-03-02 07:42:10 +0000  copying file ./Payload/Refloor.app/GooglePlaces.bundle/build-with-google-black@3x.png ... 
2026-03-02 07:42:10 +0000  3701 bytes for ./Payload/Refloor.app/GooglePlaces.bundle/build-with-google-black@3x.png
2026-03-02 07:42:10 +0000  copying file ./Payload/Refloor.app/GooglePlaces.bundle/pt_PT.lproj/GooglePlaces.strings ... 
2026-03-02 07:42:10 +0000  5255 bytes for ./Payload/Refloor.app/GooglePlaces.bundle/pt_PT.lproj/GooglePlaces.strings
2026-03-02 07:42:10 +0000  copying file ./Payload/Refloor.app/GooglePlaces.bundle/sr.lproj/GooglePlaces.strings ... 
2026-03-02 07:42:10 +0000  5722 bytes for ./Payload/Refloor.app/GooglePlaces.bundle/sr.lproj/GooglePlaces.strings
2026-03-02 07:42:10 +0000  copying file ./Payload/Refloor.app/GooglePlaces.bundle/ms.lproj/GooglePlaces.strings ... 
2026-03-02 07:42:10 +0000  4371 bytes for ./Payload/Refloor.app/GooglePlaces.bundle/ms.lproj/GooglePlaces.strings
2026-03-02 07:42:10 +0000  copying file ./Payload/Refloor.app/GooglePlaces.bundle/sv.lproj/GooglePlaces.strings ... 
2026-03-02 07:42:10 +0000  4496 bytes for ./Payload/Refloor.app/GooglePlaces.bundle/sv.lproj/GooglePlaces.strings
2026-03-02 07:42:10 +0000  copying file ./Payload/Refloor.app/GooglePlaces.bundle/cs.lproj/GooglePlaces.strings ... 
2026-03-02 07:42:10 +0000  5251 bytes for ./Payload/Refloor.app/GooglePlaces.bundle/cs.lproj/GooglePlaces.strings
2026-03-02 07:42:10 +0000  copying file ./Payload/Refloor.app/GooglePlaces.bundle/en_IN.lproj/GooglePlaces.strings ... 
2026-03-02 07:42:10 +0000  4103 bytes for ./Payload/Refloor.app/GooglePlaces.bundle/en_IN.lproj/GooglePlaces.strings
2026-03-02 07:42:10 +0000  copying file ./Payload/Refloor.app/GooglePlaces.bundle/ko.lproj/GooglePlaces.strings ... 
2026-03-02 07:42:10 +0000  3809 bytes for ./Payload/Refloor.app/GooglePlaces.bundle/ko.lproj/GooglePlaces.strings
2026-03-02 07:42:10 +0000  copying file ./Payload/Refloor.app/GooglePlaces.bundle/build-with-google-black@2x.png ... 
2026-03-02 07:42:10 +0000  2419 bytes for ./Payload/Refloor.app/GooglePlaces.bundle/build-with-google-black@2x.png
2026-03-02 07:42:10 +0000  copying file ./Payload/Refloor.app/GooglePlaces.bundle/sad_cloud@3x.png ... 
2026-03-02 07:42:10 +0000  2428 bytes for ./Payload/Refloor.app/GooglePlaces.bundle/sad_cloud@3x.png
2026-03-02 07:42:10 +0000  copying file ./Payload/Refloor.app/GooglePlaces.bundle/my.lproj/GooglePlaces.strings ... 
2026-03-02 07:42:10 +0000  6449 bytes for ./Payload/Refloor.app/GooglePlaces.bundle/my.lproj/GooglePlaces.strings
2026-03-02 07:42:10 +0000  copying file ./Payload/Refloor.app/GooglePlaces.bundle/hu.lproj/GooglePlaces.strings ... 
2026-03-02 07:42:10 +0000  5096 bytes for ./Payload/Refloor.app/GooglePlaces.bundle/hu.lproj/GooglePlaces.strings
2026-03-02 07:42:10 +0000  copying file ./Payload/Refloor.app/GooglePlaces.bundle/zh_HK.lproj/GooglePlaces.strings ... 
2026-03-02 07:42:10 +0000  3667 bytes for ./Payload/Refloor.app/GooglePlaces.bundle/zh_HK.lproj/GooglePlaces.strings
2026-03-02 07:42:10 +0000  copying file ./Payload/Refloor.app/GooglePlaces.bundle/ka.lproj/GooglePlaces.strings ... 
2026-03-02 07:42:10 +0000  5849 bytes for ./Payload/Refloor.app/GooglePlaces.bundle/ka.lproj/GooglePlaces.strings
2026-03-02 07:42:10 +0000  copying file ./Payload/Refloor.app/GooglePlaces.bundle/sad_cloud_dark@2x.png ... 
2026-03-02 07:42:10 +0000  1859 bytes for ./Payload/Refloor.app/GooglePlaces.bundle/sad_cloud_dark@2x.png
2026-03-02 07:42:10 +0000  copying file ./Payload/Refloor.app/GooglePlaces.bundle/tr.lproj/GooglePlaces.strings ... 
2026-03-02 07:42:10 +0000  4839 bytes for ./Payload/Refloor.app/GooglePlaces.bundle/tr.lproj/GooglePlaces.strings
2026-03-02 07:42:10 +0000  copying file ./Payload/Refloor.app/GooglePlaces.bundle/pl.lproj/GooglePlaces.strings ... 
2026-03-02 07:42:10 +0000  4885 bytes for ./Payload/Refloor.app/GooglePlaces.bundle/pl.lproj/GooglePlaces.strings
2026-03-02 07:42:10 +0000  copying file ./Payload/Refloor.app/GooglePlaces.bundle/zh_TW.lproj/GooglePlaces.strings ... 
2026-03-02 07:42:10 +0000  3671 bytes for ./Payload/Refloor.app/GooglePlaces.bundle/zh_TW.lproj/GooglePlaces.strings
2026-03-02 07:42:10 +0000  copying file ./Payload/Refloor.app/GooglePlaces.bundle/en_GB.lproj/GooglePlaces.strings ... 
2026-03-02 07:42:10 +0000  4101 bytes for ./Payload/Refloor.app/GooglePlaces.bundle/en_GB.lproj/GooglePlaces.strings
2026-03-02 07:42:10 +0000  copying file ./Payload/Refloor.app/GooglePlaces.bundle/sad_cloud_dark@3x.png ... 
2026-03-02 07:42:10 +0000  2738 bytes for ./Payload/Refloor.app/GooglePlaces.bundle/sad_cloud_dark@3x.png
2026-03-02 07:42:10 +0000  copying file ./Payload/Refloor.app/GooglePlaces.bundle/vi.lproj/GooglePlaces.strings ... 
2026-03-02 07:42:10 +0000  5789 bytes for ./Payload/Refloor.app/GooglePlaces.bundle/vi.lproj/GooglePlaces.strings
2026-03-02 07:42:10 +0000  copying file ./Payload/Refloor.app/GooglePlaces.bundle/lv.lproj/GooglePlaces.strings ... 
2026-03-02 07:42:10 +0000  5605 bytes for ./Payload/Refloor.app/GooglePlaces.bundle/lv.lproj/GooglePlaces.strings
2026-03-02 07:42:10 +0000  copying file ./Payload/Refloor.app/GooglePlaces.bundle/lt.lproj/GooglePlaces.strings ... 
2026-03-02 07:42:10 +0000  5587 bytes for ./Payload/Refloor.app/GooglePlaces.bundle/lt.lproj/GooglePlaces.strings
2026-03-02 07:42:10 +0000  copying file ./Payload/Refloor.app/GooglePlaces.bundle/ru.lproj/GooglePlaces.strings ... 
2026-03-02 07:42:10 +0000  5723 bytes for ./Payload/Refloor.app/GooglePlaces.bundle/ru.lproj/GooglePlaces.strings
2026-03-02 07:42:10 +0000  copying file ./Payload/Refloor.app/GooglePlaces.bundle/fr_CA.lproj/GooglePlaces.strings ... 
2026-03-02 07:42:10 +0000  5082 bytes for ./Payload/Refloor.app/GooglePlaces.bundle/fr_CA.lproj/GooglePlaces.strings
2026-03-02 07:42:10 +0000  copying file ./Payload/Refloor.app/GooglePlaces.bundle/fr.lproj/GooglePlaces.strings ... 
2026-03-02 07:42:10 +0000  5119 bytes for ./Payload/Refloor.app/GooglePlaces.bundle/fr.lproj/GooglePlaces.strings
2026-03-02 07:42:10 +0000  copying file ./Payload/Refloor.app/GooglePlaces.bundle/fi.lproj/GooglePlaces.strings ... 
2026-03-02 07:42:10 +0000  4545 bytes for ./Payload/Refloor.app/GooglePlaces.bundle/fi.lproj/GooglePlaces.strings
2026-03-02 07:42:10 +0000  copying file ./Payload/Refloor.app/GooglePlaces.bundle/id.lproj/GooglePlaces.strings ... 
2026-03-02 07:42:10 +0000  4265 bytes for ./Payload/Refloor.app/GooglePlaces.bundle/id.lproj/GooglePlaces.strings
2026-03-02 07:42:10 +0000  copying file ./Payload/Refloor.app/GooglePlaces.bundle/nl.lproj/GooglePlaces.strings ... 
2026-03-02 07:42:10 +0000  4122 bytes for ./Payload/Refloor.app/GooglePlaces.bundle/nl.lproj/GooglePlaces.strings
2026-03-02 07:42:10 +0000  copying file ./Payload/Refloor.app/GooglePlaces.bundle/th.lproj/GooglePlaces.strings ... 
2026-03-02 07:42:10 +0000  5514 bytes for ./Payload/Refloor.app/GooglePlaces.bundle/th.lproj/GooglePlaces.strings
2026-03-02 07:42:10 +0000  copying file ./Payload/Refloor.app/GooglePlaces.bundle/pt.lproj/GooglePlaces.strings ... 
2026-03-02 07:42:10 +0000  4963 bytes for ./Payload/Refloor.app/GooglePlaces.bundle/pt.lproj/GooglePlaces.strings
2026-03-02 07:42:10 +0000  copying file ./Payload/Refloor.app/GooglePlaces.bundle/build-with-google-white@3x.png ... 
2026-03-02 07:42:10 +0000  4372 bytes for ./Payload/Refloor.app/GooglePlaces.bundle/build-with-google-white@3x.png
2026-03-02 07:42:10 +0000  copying file ./Payload/Refloor.app/GooglePlaces.bundle/build-with-google-white@2x.png ... 
2026-03-02 07:42:10 +0000  2861 bytes for ./Payload/Refloor.app/GooglePlaces.bundle/build-with-google-white@2x.png
2026-03-02 07:42:10 +0000  copying file ./Payload/Refloor.app/GooglePlaces.bundle/ro.lproj/GooglePlaces.strings ... 
2026-03-02 07:42:10 +0000  5210 bytes for ./Payload/Refloor.app/GooglePlaces.bundle/ro.lproj/GooglePlaces.strings
2026-03-02 07:42:10 +0000  copying file ./Payload/Refloor.app/GooglePlaces.bundle/Info.plist ... 
2026-03-02 07:42:10 +0000  343 bytes for ./Payload/Refloor.app/GooglePlaces.bundle/Info.plist
2026-03-02 07:42:10 +0000  copying file ./Payload/Refloor.app/GooglePlaces.bundle/hr.lproj/GooglePlaces.strings ... 
2026-03-02 07:42:10 +0000  5025 bytes for ./Payload/Refloor.app/GooglePlaces.bundle/hr.lproj/GooglePlaces.strings
2026-03-02 07:42:10 +0000  copying file ./Payload/Refloor.app/GooglePlaces.bundle/hi.lproj/GooglePlaces.strings ... 
2026-03-02 07:42:10 +0000  5731 bytes for ./Payload/Refloor.app/GooglePlaces.bundle/hi.lproj/GooglePlaces.strings
2026-03-02 07:42:10 +0000  copying file ./Payload/Refloor.app/GooglePlaces.bundle/ca.lproj/GooglePlaces.strings ... 
2026-03-02 07:42:10 +0000  4942 bytes for ./Payload/Refloor.app/GooglePlaces.bundle/ca.lproj/GooglePlaces.strings
2026-03-02 07:42:10 +0000  copying file ./Payload/Refloor.app/test.xml ... 
2026-03-02 07:42:10 +0000  2409 bytes for ./Payload/Refloor.app/test.xml
2026-03-02 07:42:10 +0000  copying file ./Payload/Refloor.app/Inter-UI-MediumItalic.otf ... 
2026-03-02 07:42:10 +0000  261004 bytes for ./Payload/Refloor.app/Inter-UI-MediumItalic.otf
copying file ./Payload/Refloor.app/Assets.car ... 
2026-03-02 07:42:10 +0000  5620808 bytes for ./Payload/Refloor.app/Assets.car
2026-03-02 07:42:10 +0000  copying file ./Payload/Refloor.app/Inter-UI-Black.otf ... 
2026-03-02 07:42:10 +0000  223444 bytes for ./Payload/Refloor.app/Inter-UI-Black.otf
copying file ./Payload/Refloor.app/SF-Pro-Text-Regular.otf ... 
2026-03-02 07:42:10 +0000  310148 bytes for ./Payload/Refloor.app/SF-Pro-Text-Regular.otf
copying file ./Payload/Refloor.app/SF-Pro-Text-Bold.otf ... 
2026-03-02 07:42:10 +0000  341844 bytes for ./Payload/Refloor.app/SF-Pro-Text-Bold.otf
copying file ./Payload/Refloor.app/AppIcon76x76@2x~ipad.png ... 
2026-03-02 07:42:10 +0000  4187 bytes for ./Payload/Refloor.app/AppIcon76x76@2x~ipad.png
2026-03-02 07:42:10 +0000  copying file ./Payload/Refloor.app/Refloor.momd/VersionInfo.plist ... 
2026-03-02 07:42:10 +0000  255 bytes for ./Payload/Refloor.app/Refloor.momd/VersionInfo.plist
2026-03-02 07:42:10 +0000  copying file ./Payload/Refloor.app/Refloor.momd/Refloor.omo ... 
2026-03-02 07:42:10 +0000  704 bytes for ./Payload/Refloor.app/Refloor.momd/Refloor.omo
2026-03-02 07:42:10 +0000  copying file ./Payload/Refloor.app/Refloor.momd/Refloor.mom ... 
2026-03-02 07:42:10 +0000  566 bytes for ./Payload/Refloor.app/Refloor.momd/Refloor.mom
2026-03-02 07:42:10 +0000  copying file ./Payload/Refloor.app/SF-Pro-Display-MediumItalic.otf ... 
2026-03-02 07:42:10 +0000  160004 bytes for ./Payload/Refloor.app/SF-Pro-Display-MediumItalic.otf
copying file ./Payload/Refloor.app/Inter-UI-Italic.otf ... 
2026-03-02 07:42:10 +0000  250376 bytes for ./Payload/Refloor.app/Inter-UI-Italic.otf
copying file ./Payload/Refloor.app/SF-Pro-Display-HeavyItalic.otf ... 
2026-03-02 07:42:10 +0000  159628 bytes for ./Payload/Refloor.app/SF-Pro-Display-HeavyItalic.otf
copying file ./Payload/Refloor.app/SF-Pro-Display-Ultralight.otf ... 
2026-03-02 07:42:10 +0000  316624 bytes for ./Payload/Refloor.app/SF-Pro-Display-Ultralight.otf
copying file ./Payload/Refloor.app/SF-Pro-Display-UltralightItalic.otf ... 
2026-03-02 07:42:10 +0000  156760 bytes for ./Payload/Refloor.app/SF-Pro-Display-UltralightItalic.otf
copying file ./Payload/Refloor.app/SF-Pro-Display-LightItalic.otf ... 
2026-03-02 07:42:10 +0000  158892 bytes for ./Payload/Refloor.app/SF-Pro-Display-LightItalic.otf
copying file ./Payload/Refloor.app/RoomsTableViewCell.nib ... 
2026-03-02 07:42:10 +0000  9849 bytes for ./Payload/Refloor.app/RoomsTableViewCell.nib
copying file ./Payload/Refloor.app/Inter-UI-Italic.ttf ... 
2026-03-02 07:42:10 +0000  643792 bytes for ./Payload/Refloor.app/Inter-UI-Italic.ttf
copying file ./Payload/Refloor.app/PaymentTypeTableViewCell.nib ... 
2026-03-02 07:42:10 +0000  3850 bytes for ./Payload/Refloor.app/PaymentTypeTableViewCell.nib
copying file ./Payload/Refloor.app/TitleSummaryTableViewCell.nib ... 
2026-03-02 07:42:10 +0000  3430 bytes for ./Payload/Refloor.app/TitleSummaryTableViewCell.nib
copying file ./Payload/Refloor.app/DiscountTitleTableViewCell.nib ... 
2026-03-02 07:42:10 +0000  6593 bytes for ./Payload/Refloor.app/DiscountTitleTableViewCell.nib
copying file ./Payload/Refloor.app/Refloor ... 
2026-03-02 07:42:10 +0000  14825840 bytes for ./Payload/Refloor.app/Refloor
2026-03-02 07:42:10 +0000  copying file ./Payload/Refloor.app/Frameworks/grpcpp.framework/_CodeSignature/CodeResources ... 
2818 bytes for ./Payload/Refloor.app/Frameworks/grpcpp.framework/_CodeSignature/CodeResources
copying file ./Payload/Refloor.app/Frameworks/grpcpp.framework/grpcpp ... 
2026-03-02 07:42:10 +0000  890384 bytes for ./Payload/Refloor.app/Frameworks/grpcpp.framework/grpcpp
2026-03-02 07:42:10 +0000  copying file ./Payload/Refloor.app/Frameworks/grpcpp.framework/gRPCCertificates-Cpp.bundle/roots.pem ... 
2026-03-02 07:42:11 +0000  264440 bytes for ./Payload/Refloor.app/Frameworks/grpcpp.framework/gRPCCertificates-Cpp.bundle/roots.pem
copying file ./Payload/Refloor.app/Frameworks/grpcpp.framework/gRPCCertificates-Cpp.bundle/Info.plist ... 
2026-03-02 07:42:11 +0000  789 bytes for ./Payload/Refloor.app/Frameworks/grpcpp.framework/gRPCCertificates-Cpp.bundle/Info.plist
2026-03-02 07:42:11 +0000  copying file ./Payload/Refloor.app/Frameworks/grpcpp.framework/grpcpp.bundle/PrivacyInfo.xcprivacy ... 
2026-03-02 07:42:11 +0000  599 bytes for ./Payload/Refloor.app/Frameworks/grpcpp.framework/grpcpp.bundle/PrivacyInfo.xcprivacy
2026-03-02 07:42:11 +0000  copying file ./Payload/Refloor.app/Frameworks/grpcpp.framework/grpcpp.bundle/Info.plist ... 
2026-03-02 07:42:11 +0000  759 bytes for ./Payload/Refloor.app/Frameworks/grpcpp.framework/grpcpp.bundle/Info.plist
2026-03-02 07:42:11 +0000  copying file ./Payload/Refloor.app/Frameworks/grpcpp.framework/Info.plist ... 
2026-03-02 07:42:11 +0000  784 bytes for ./Payload/Refloor.app/Frameworks/grpcpp.framework/Info.plist
2026-03-02 07:42:11 +0000  copying file ./Payload/Refloor.app/Frameworks/PayCardsRecognizer.framework/NameLocalizationX.caffemodel ... 
2026-03-02 07:42:11 +0000  563025 bytes for ./Payload/Refloor.app/Frameworks/PayCardsRecognizer.framework/NameLocalizationX.caffemodel
2026-03-02 07:42:11 +0000  copying file ./Payload/Refloor.app/Frameworks/PayCardsRecognizer.framework/_CodeSignature/CodeResources ... 
2026-03-02 07:42:11 +0000  8754 bytes for ./Payload/Refloor.app/Frameworks/PayCardsRecognizer.framework/_CodeSignature/CodeResources
copying file ./Payload/Refloor.app/Frameworks/PayCardsRecognizer.framework/DateLocalizationL1.caffemodel ... 
2026-03-02 07:42:11 +0000  758624 bytes for ./Payload/Refloor.app/Frameworks/PayCardsRecognizer.framework/DateLocalizationL1.caffemodel
copying file ./Payload/Refloor.app/Frameworks/PayCardsRecognizer.framework/names.txt ... 
2026-03-02 07:42:11 +0000  4979 bytes for ./Payload/Refloor.app/Frameworks/PayCardsRecognizer.framework/names.txt
copying file ./Payload/Refloor.app/Frameworks/PayCardsRecognizer.framework/NumberRecognition.prototxt ... 
2026-03-02 07:42:11 +0000  2333 bytes for ./Payload/Refloor.app/Frameworks/PayCardsRecognizer.framework/NumberRecognition.prototxt
2026-03-02 07:42:11 +0000  copying file ./Payload/Refloor.app/Frameworks/PayCardsRecognizer.framework/DateRecognition.caffemodel ... 
2026-03-02 07:42:11 +0000  592008 bytes for ./Payload/Refloor.app/Frameworks/PayCardsRecognizer.framework/DateRecognition.caffemodel
copying file ./Payload/Refloor.app/Frameworks/PayCardsRecognizer.framework/loc_x.caffemodel ... 
2026-03-02 07:42:11 +0000  743807 bytes for ./Payload/Refloor.app/Frameworks/PayCardsRecognizer.framework/loc_x.caffemodel
copying file ./Payload/Refloor.app/Frameworks/PayCardsRecognizer.framework/PayCardsRecognizer ... 
2026-03-02 07:42:11 +0000  5862992 bytes for ./Payload/Refloor.app/Frameworks/PayCardsRecognizer.framework/PayCardsRecognizer
2026-03-02 07:42:11 +0000  copying file ./Payload/Refloor.app/Frameworks/PayCardsRecognizer.framework/NameSpaceCharRecognition.caffemodel ... 
2026-03-02 07:42:11 +0000  2629426 bytes for ./Payload/Refloor.app/Frameworks/PayCardsRecognizer.framework/NameSpaceCharRecognition.caffemodel
2026-03-02 07:42:11 +0000  copying file ./Payload/Refloor.app/Frameworks/PayCardsRecognizer.framework/DateRecognition.prototxt ... 
4194 bytes for ./Payload/Refloor.app/Frameworks/PayCardsRecognizer.framework/DateRecognition.prototxt
copying file ./Payload/Refloor.app/Frameworks/PayCardsRecognizer.framework/NameSpaceCharRecognition.prototxt ... 
3972 bytes for ./Payload/Refloor.app/Frameworks/PayCardsRecognizer.framework/NameSpaceCharRecognition.prototxt
copying file ./Payload/Refloor.app/Frameworks/PayCardsRecognizer.framework/PortraitFrame.png ... 
1109 bytes for ./Payload/Refloor.app/Frameworks/PayCardsRecognizer.framework/PortraitFrame.png
copying file ./Payload/Refloor.app/Frameworks/PayCardsRecognizer.framework/NameLocalizationX.prototxt ... 
2026-03-02 07:42:11 +0000  2255 bytes for ./Payload/Refloor.app/Frameworks/PayCardsRecognizer.framework/NameLocalizationX.prototxt
copying file ./Payload/Refloor.app/Frameworks/PayCardsRecognizer.framework/DateLocalizationL0.caffemodel ... 
2026-03-02 07:42:11 +0000  856898 bytes for ./Payload/Refloor.app/Frameworks/PayCardsRecognizer.framework/DateLocalizationL0.caffemodel
copying file ./Payload/Refloor.app/Frameworks/PayCardsRecognizer.framework/cascade_date.xml ... 
2026-03-02 07:42:11 +0000  18811 bytes for ./Payload/Refloor.app/Frameworks/PayCardsRecognizer.framework/cascade_date.xml
copying file ./Payload/Refloor.app/Frameworks/PayCardsRecognizer.framework/loc_y.prototxt ... 
2026-03-02 07:42:11 +0000  1904 bytes for ./Payload/Refloor.app/Frameworks/PayCardsRecognizer.framework/loc_y.prototxt
2026-03-02 07:42:11 +0000  copying file ./Payload/Refloor.app/Frameworks/PayCardsRecognizer.framework/loc_x.prototxt ... 
1934 bytes for ./Payload/Refloor.app/Frameworks/PayCardsRecognizer.framework/loc_x.prototxt
2026-03-02 07:42:11 +0000  copying file ./Payload/Refloor.app/Frameworks/PayCardsRecognizer.framework/DateLocalizationL0.prototxt ... 
2026-03-02 07:42:11 +0000  2157 bytes for ./Payload/Refloor.app/Frameworks/PayCardsRecognizer.framework/DateLocalizationL0.prototxt
2026-03-02 07:42:11 +0000  copying file ./Payload/Refloor.app/Frameworks/PayCardsRecognizer.framework/DateLocalizationL1.prototxt ... 
2026-03-02 07:42:11 +0000  4312 bytes for ./Payload/Refloor.app/Frameworks/PayCardsRecognizer.framework/DateLocalizationL1.prototxt
copying file ./Payload/Refloor.app/Frameworks/PayCardsRecognizer.framework/PortraitFrame@3x.png ... 
2026-03-02 07:42:11 +0000  4934 bytes for ./Payload/Refloor.app/Frameworks/PayCardsRecognizer.framework/PortraitFrame@3x.png
copying file ./Payload/Refloor.app/Frameworks/PayCardsRecognizer.framework/PortraitFrame@2x.png ... 
2026-03-02 07:42:11 +0000  2636 bytes for ./Payload/Refloor.app/Frameworks/PayCardsRecognizer.framework/PortraitFrame@2x.png
2026-03-02 07:42:11 +0000  copying file ./Payload/Refloor.app/Frameworks/PayCardsRecognizer.framework/loc_y.caffemodel ... 
2026-03-02 07:42:11 +0000  601400 bytes for ./Payload/Refloor.app/Frameworks/PayCardsRecognizer.framework/loc_y.caffemodel
copying file ./Payload/Refloor.app/Frameworks/PayCardsRecognizer.framework/Info.plist ... 
2026-03-02 07:42:11 +0000  731 bytes for ./Payload/Refloor.app/Frameworks/PayCardsRecognizer.framework/Info.plist
copying file ./Payload/Refloor.app/Frameworks/PayCardsRecognizer.framework/caffe.proto ... 
2026-03-02 07:42:11 +0000  37208 bytes for ./Payload/Refloor.app/Frameworks/PayCardsRecognizer.framework/caffe.proto
copying file ./Payload/Refloor.app/Frameworks/PayCardsRecognizer.framework/NumberRecognition.caffemodel ... 
2026-03-02 07:42:11 +0000  1165181 bytes for ./Payload/Refloor.app/Frameworks/PayCardsRecognizer.framework/NumberRecognition.caffemodel
copying file ./Payload/Refloor.app/Frameworks/PayCardsRecognizer.framework/cascade_name.xml ... 
2026-03-02 07:42:11 +0000  300351 bytes for ./Payload/Refloor.app/Frameworks/PayCardsRecognizer.framework/cascade_name.xml
2026-03-02 07:42:11 +0000  copying file ./Payload/Refloor.app/Frameworks/RecaptchaInterop.framework/_CodeSignature/CodeResources ... 
2026-03-02 07:42:11 +0000  1798 bytes for ./Payload/Refloor.app/Frameworks/RecaptchaInterop.framework/_CodeSignature/CodeResources
2026-03-02 07:42:11 +0000  copying file ./Payload/Refloor.app/Frameworks/RecaptchaInterop.framework/RecaptchaInterop ... 
2026-03-02 07:42:11 +0000  86240 bytes for ./Payload/Refloor.app/Frameworks/RecaptchaInterop.framework/RecaptchaInterop
copying file ./Payload/Refloor.app/Frameworks/RecaptchaInterop.framework/Info.plist ... 
2026-03-02 07:42:11 +0000  807 bytes for ./Payload/Refloor.app/Frameworks/RecaptchaInterop.framework/Info.plist
2026-03-02 07:42:11 +0000  copying file ./Payload/Refloor.app/Frameworks/LoggerAPI.framework/_CodeSignature/CodeResources ... 
2026-03-02 07:42:11 +0000  1798 bytes for ./Payload/Refloor.app/Frameworks/LoggerAPI.framework/_CodeSignature/CodeResources
2026-03-02 07:42:11 +0000  copying file ./Payload/Refloor.app/Frameworks/LoggerAPI.framework/LoggerAPI ... 
2026-03-02 07:42:11 +0000  134256 bytes for ./Payload/Refloor.app/Frameworks/LoggerAPI.framework/LoggerAPI
copying file ./Payload/Refloor.app/Frameworks/LoggerAPI.framework/Info.plist ... 
2026-03-02 07:42:11 +0000  791 bytes for ./Payload/Refloor.app/Frameworks/LoggerAPI.framework/Info.plist
2026-03-02 07:42:11 +0000  copying file ./Payload/Refloor.app/Frameworks/Cryptor.framework/_CodeSignature/CodeResources ... 
2026-03-02 07:42:11 +0000  1798 bytes for ./Payload/Refloor.app/Frameworks/Cryptor.framework/_CodeSignature/CodeResources
2026-03-02 07:42:11 +0000  copying file ./Payload/Refloor.app/Frameworks/Cryptor.framework/Cryptor ... 
2026-03-02 07:42:11 +0000  260960 bytes for ./Payload/Refloor.app/Frameworks/Cryptor.framework/Cryptor
copying file ./Payload/Refloor.app/Frameworks/Cryptor.framework/Info.plist ... 
2026-03-02 07:42:11 +0000  786 bytes for ./Payload/Refloor.app/Frameworks/Cryptor.framework/Info.plist
2026-03-02 07:42:11 +0000  copying file ./Payload/Refloor.app/Frameworks/RealmSwift.framework/_CodeSignature/CodeResources ... 
2026-03-02 07:42:11 +0000  2348 bytes for ./Payload/Refloor.app/Frameworks/RealmSwift.framework/_CodeSignature/CodeResources
2026-03-02 07:42:11 +0000  copying file ./Payload/Refloor.app/Frameworks/RealmSwift.framework/realm_swift_privacy.bundle/PrivacyInfo.xcprivacy ... 
2026-03-02 07:42:11 +0000  373 bytes for ./Payload/Refloor.app/Frameworks/RealmSwift.framework/realm_swift_privacy.bundle/PrivacyInfo.xcprivacy
2026-03-02 07:42:11 +0000  copying file ./Payload/Refloor.app/Frameworks/RealmSwift.framework/realm_swift_privacy.bundle/Info.plist ... 
2026-03-02 07:42:11 +0000  788 bytes for ./Payload/Refloor.app/Frameworks/RealmSwift.framework/realm_swift_privacy.bundle/Info.plist
2026-03-02 07:42:11 +0000  copying file ./Payload/Refloor.app/Frameworks/RealmSwift.framework/RealmSwift ... 
2026-03-02 07:42:11 +0000  2789808 bytes for ./Payload/Refloor.app/Frameworks/RealmSwift.framework/RealmSwift
copying file ./Payload/Refloor.app/Frameworks/RealmSwift.framework/Info.plist ... 
2026-03-02 07:42:11 +0000  793 bytes for ./Payload/Refloor.app/Frameworks/RealmSwift.framework/Info.plist
copying file ./Payload/Refloor.app/Frameworks/GoogleDataTransport.framework/_CodeSignature/CodeResources ... 
2380 bytes for ./Payload/Refloor.app/Frameworks/GoogleDataTransport.framework/_CodeSignature/CodeResources
copying file ./Payload/Refloor.app/Frameworks/GoogleDataTransport.framework/GoogleDataTransport ... 
2026-03-02 07:42:11 +0000  393056 bytes for ./Payload/Refloor.app/Frameworks/GoogleDataTransport.framework/GoogleDataTransport
2026-03-02 07:42:11 +0000  copying file ./Payload/Refloor.app/Frameworks/GoogleDataTransport.framework/GoogleDataTransport_Privacy.bundle/PrivacyInfo.xcprivacy ... 
2026-03-02 07:42:11 +0000  1105 bytes for ./Payload/Refloor.app/Frameworks/GoogleDataTransport.framework/GoogleDataTransport_Privacy.bundle/PrivacyInfo.xcprivacy
copying file ./Payload/Refloor.app/Frameworks/GoogleDataTransport.framework/GoogleDataTransport_Privacy.bundle/Info.plist ... 
2026-03-02 07:42:11 +0000  803 bytes for ./Payload/Refloor.app/Frameworks/GoogleDataTransport.framework/GoogleDataTransport_Privacy.bundle/Info.plist
2026-03-02 07:42:11 +0000  copying file ./Payload/Refloor.app/Frameworks/GoogleDataTransport.framework/Info.plist ... 
2026-03-02 07:42:11 +0000  812 bytes for ./Payload/Refloor.app/Frameworks/GoogleDataTransport.framework/Info.plist
2026-03-02 07:42:11 +0000  copying file ./Payload/Refloor.app/Frameworks/FirebaseAuthInterop.framework/_CodeSignature/CodeResources ... 
2026-03-02 07:42:11 +0000  1798 bytes for ./Payload/Refloor.app/Frameworks/FirebaseAuthInterop.framework/_CodeSignature/CodeResources
2026-03-02 07:42:11 +0000  copying file ./Payload/Refloor.app/Frameworks/FirebaseAuthInterop.framework/FirebaseAuthInterop ... 
2026-03-02 07:42:11 +0000  86288 bytes for ./Payload/Refloor.app/Frameworks/FirebaseAuthInterop.framework/FirebaseAuthInterop
copying file ./Payload/Refloor.app/Frameworks/FirebaseAuthInterop.framework/Info.plist ... 
2026-03-02 07:42:11 +0000  812 bytes for ./Payload/Refloor.app/Frameworks/FirebaseAuthInterop.framework/Info.plist
2026-03-02 07:42:11 +0000  copying file ./Payload/Refloor.app/Frameworks/FirebaseFirestore.framework/_CodeSignature/CodeResources ... 
2026-03-02 07:42:11 +0000  2372 bytes for ./Payload/Refloor.app/Frameworks/FirebaseFirestore.framework/_CodeSignature/CodeResources
2026-03-02 07:42:11 +0000  copying file ./Payload/Refloor.app/Frameworks/FirebaseFirestore.framework/FirebaseFirestore_Privacy.bundle/PrivacyInfo.xcprivacy ... 
2026-03-02 07:42:11 +0000  1105 bytes for ./Payload/Refloor.app/Frameworks/FirebaseFirestore.framework/FirebaseFirestore_Privacy.bundle/PrivacyInfo.xcprivacy
2026-03-02 07:42:11 +0000  copying file ./Payload/Refloor.app/Frameworks/FirebaseFirestore.framework/FirebaseFirestore_Privacy.bundle/Info.plist ... 
2026-03-02 07:42:11 +0000  799 bytes for ./Payload/Refloor.app/Frameworks/FirebaseFirestore.framework/FirebaseFirestore_Privacy.bundle/Info.plist
2026-03-02 07:42:11 +0000  copying file ./Payload/Refloor.app/Frameworks/FirebaseFirestore.framework/FirebaseFirestore ... 
2026-03-02 07:42:11 +0000  390400 bytes for ./Payload/Refloor.app/Frameworks/FirebaseFirestore.framework/FirebaseFirestore
copying file ./Payload/Refloor.app/Frameworks/FirebaseFirestore.framework/Info.plist ... 
2026-03-02 07:42:11 +0000  808 bytes for ./Payload/Refloor.app/Frameworks/FirebaseFirestore.framework/Info.plist
2026-03-02 07:42:11 +0000  copying file ./Payload/Refloor.app/Frameworks/FirebaseCrashlytics.framework/_CodeSignature/CodeResources ... 
2026-03-02 07:42:11 +0000  2380 bytes for ./Payload/Refloor.app/Frameworks/FirebaseCrashlytics.framework/_CodeSignature/CodeResources
2026-03-02 07:42:11 +0000  copying file ./Payload/Refloor.app/Frameworks/FirebaseCrashlytics.framework/FirebaseCrashlytics ... 
2026-03-02 07:42:11 +0000  824624 bytes for ./Payload/Refloor.app/Frameworks/FirebaseCrashlytics.framework/FirebaseCrashlytics
2026-03-02 07:42:11 +0000  copying file ./Payload/Refloor.app/Frameworks/FirebaseCrashlytics.framework/FirebaseCrashlytics_Privacy.bundle/PrivacyInfo.xcprivacy ... 
1383 bytes for ./Payload/Refloor.app/Frameworks/FirebaseCrashlytics.framework/FirebaseCrashlytics_Privacy.bundle/PrivacyInfo.xcprivacy
2026-03-02 07:42:11 +0000  copying file ./Payload/Refloor.app/Frameworks/FirebaseCrashlytics.framework/FirebaseCrashlytics_Privacy.bundle/Info.plist ... 
803 bytes for ./Payload/Refloor.app/Frameworks/FirebaseCrashlytics.framework/FirebaseCrashlytics_Privacy.bundle/Info.plist
2026-03-02 07:42:11 +0000  copying file ./Payload/Refloor.app/Frameworks/FirebaseCrashlytics.framework/Info.plist ... 
2026-03-02 07:42:11 +0000  812 bytes for ./Payload/Refloor.app/Frameworks/FirebaseCrashlytics.framework/Info.plist
2026-03-02 07:42:11 +0000  copying file ./Payload/Refloor.app/Frameworks/GTMSessionFetcher.framework/_CodeSignature/CodeResources ... 
2026-03-02 07:42:11 +0000  2392 bytes for ./Payload/Refloor.app/Frameworks/GTMSessionFetcher.framework/_CodeSignature/CodeResources
2026-03-02 07:42:11 +0000  copying file ./Payload/Refloor.app/Frameworks/GTMSessionFetcher.framework/GTMSessionFetcher ... 
2026-03-02 07:42:11 +0000  412320 bytes for ./Payload/Refloor.app/Frameworks/GTMSessionFetcher.framework/GTMSessionFetcher
2026-03-02 07:42:11 +0000  copying file ./Payload/Refloor.app/Frameworks/GTMSessionFetcher.framework/GTMSessionFetcher_Core_Privacy.bundle/PrivacyInfo.xcprivacy ... 
2026-03-02 07:42:11 +0000  598 bytes for ./Payload/Refloor.app/Frameworks/GTMSessionFetcher.framework/GTMSessionFetcher_Core_Privacy.bundle/PrivacyInfo.xcprivacy
2026-03-02 07:42:11 +0000  copying file ./Payload/Refloor.app/Frameworks/GTMSessionFetcher.framework/GTMSessionFetcher_Core_Privacy.bundle/Info.plist ... 
2026-03-02 07:42:11 +0000  808 bytes for ./Payload/Refloor.app/Frameworks/GTMSessionFetcher.framework/GTMSessionFetcher_Core_Privacy.bundle/Info.plist
2026-03-02 07:42:11 +0000  copying file ./Payload/Refloor.app/Frameworks/GTMSessionFetcher.framework/Info.plist ... 
2026-03-02 07:42:11 +0000  807 bytes for ./Payload/Refloor.app/Frameworks/GTMSessionFetcher.framework/Info.plist
2026-03-02 07:42:11 +0000  copying file ./Payload/Refloor.app/Frameworks/FBLPromises.framework/_CodeSignature/CodeResources ... 
2026-03-02 07:42:11 +0000  2348 bytes for ./Payload/Refloor.app/Frameworks/FBLPromises.framework/_CodeSignature/CodeResources
2026-03-02 07:42:11 +0000  copying file ./Payload/Refloor.app/Frameworks/FBLPromises.framework/FBLPromises_Privacy.bundle/PrivacyInfo.xcprivacy ... 
2026-03-02 07:42:11 +0000  373 bytes for ./Payload/Refloor.app/Frameworks/FBLPromises.framework/FBLPromises_Privacy.bundle/PrivacyInfo.xcprivacy
2026-03-02 07:42:11 +0000  copying file ./Payload/Refloor.app/Frameworks/FBLPromises.framework/FBLPromises_Privacy.bundle/Info.plist ... 
2026-03-02 07:42:11 +0000  786 bytes for ./Payload/Refloor.app/Frameworks/FBLPromises.framework/FBLPromises_Privacy.bundle/Info.plist
2026-03-02 07:42:11 +0000  copying file ./Payload/Refloor.app/Frameworks/FBLPromises.framework/FBLPromises ... 
2026-03-02 07:42:11 +0000  188272 bytes for ./Payload/Refloor.app/Frameworks/FBLPromises.framework/FBLPromises
copying file ./Payload/Refloor.app/Frameworks/FBLPromises.framework/Info.plist ... 
2026-03-02 07:42:11 +0000  793 bytes for ./Payload/Refloor.app/Frameworks/FBLPromises.framework/Info.plist
2026-03-02 07:42:11 +0000  copying file ./Payload/Refloor.app/Frameworks/KituraContracts.framework/_CodeSignature/CodeResources ... 
2026-03-02 07:42:11 +0000  1798 bytes for ./Payload/Refloor.app/Frameworks/KituraContracts.framework/_CodeSignature/CodeResources
2026-03-02 07:42:11 +0000  copying file ./Payload/Refloor.app/Frameworks/KituraContracts.framework/KituraContracts ... 
2026-03-02 07:42:11 +0000  742720 bytes for ./Payload/Refloor.app/Frameworks/KituraContracts.framework/KituraContracts
copying file ./Payload/Refloor.app/Frameworks/KituraContracts.framework/Info.plist ... 
2026-03-02 07:42:11 +0000  803 bytes for ./Payload/Refloor.app/Frameworks/KituraContracts.framework/Info.plist
2026-03-02 07:42:11 +0000  copying file ./Payload/Refloor.app/Frameworks/SVProgressHUD.framework/_CodeSignature/CodeResources ... 
2026-03-02 07:42:11 +0000  5070 bytes for ./Payload/Refloor.app/Frameworks/SVProgressHUD.framework/_CodeSignature/CodeResources
2026-03-02 07:42:11 +0000  copying file ./Payload/Refloor.app/Frameworks/SVProgressHUD.framework/SVProgressHUD ... 
2026-03-02 07:42:11 +0000  194016 bytes for ./Payload/Refloor.app/Frameworks/SVProgressHUD.framework/SVProgressHUD
copying file ./Payload/Refloor.app/Frameworks/SVProgressHUD.framework/PrivacyInfo.xcprivacy ... 
2026-03-02 07:42:11 +0000  373 bytes for ./Payload/Refloor.app/Frameworks/SVProgressHUD.framework/PrivacyInfo.xcprivacy
2026-03-02 07:42:11 +0000  copying file ./Payload/Refloor.app/Frameworks/SVProgressHUD.framework/SVProgressHUD.bundle/info.png ... 
2026-03-02 07:42:11 +0000  365 bytes for ./Payload/Refloor.app/Frameworks/SVProgressHUD.framework/SVProgressHUD.bundle/info.png
2026-03-02 07:42:11 +0000  copying file ./Payload/Refloor.app/Frameworks/SVProgressHUD.framework/SVProgressHUD.bundle/error@3x.png ... 
2026-03-02 07:42:11 +0000  398 bytes for ./Payload/Refloor.app/Frameworks/SVProgressHUD.framework/SVProgressHUD.bundle/error@3x.png
2026-03-02 07:42:11 +0000  copying file ./Payload/Refloor.app/Frameworks/SVProgressHUD.framework/SVProgressHUD.bundle/angle-mask@3x.png ... 
2026-03-02 07:42:11 +0000  8319 bytes for ./Payload/Refloor.app/Frameworks/SVProgressHUD.framework/SVProgressHUD.bundle/angle-mask@3x.png
2026-03-02 07:42:11 +0000  copying file ./Payload/Refloor.app/Frameworks/SVProgressHUD.framework/SVProgressHUD.bundle/angle-mask@2x.png ... 
2026-03-02 07:42:11 +0000  4893 bytes for ./Payload/Refloor.app/Frameworks/SVProgressHUD.framework/SVProgressHUD.bundle/angle-mask@2x.png
2026-03-02 07:42:11 +0000  copying file ./Payload/Refloor.app/Frameworks/SVProgressHUD.framework/SVProgressHUD.bundle/error@2x.png ... 
2026-03-02 07:42:11 +0000  306 bytes for ./Payload/Refloor.app/Frameworks/SVProgressHUD.framework/SVProgressHUD.bundle/error@2x.png
2026-03-02 07:42:11 +0000  copying file ./Payload/Refloor.app/Frameworks/SVProgressHUD.framework/SVProgressHUD.bundle/info@3x.png ... 
2026-03-02 07:42:11 +0000  1200 bytes for ./Payload/Refloor.app/Frameworks/SVProgressHUD.framework/SVProgressHUD.bundle/info@3x.png
2026-03-02 07:42:11 +0000  copying file ./Payload/Refloor.app/Frameworks/SVProgressHUD.framework/SVProgressHUD.bundle/success@2x.png ... 
2026-03-02 07:42:11 +0000  462 bytes for ./Payload/Refloor.app/Frameworks/SVProgressHUD.framework/SVProgressHUD.bundle/success@2x.png
2026-03-02 07:42:11 +0000  copying file ./Payload/Refloor.app/Frameworks/SVProgressHUD.framework/SVProgressHUD.bundle/success@3x.png ... 
2026-03-02 07:42:11 +0000  714 bytes for ./Payload/Refloor.app/Frameworks/SVProgressHUD.framework/SVProgressHUD.bundle/success@3x.png
2026-03-02 07:42:11 +0000  copying file ./Payload/Refloor.app/Frameworks/SVProgressHUD.framework/SVProgressHUD.bundle/info@2x.png ... 
2026-03-02 07:42:11 +0000  816 bytes for ./Payload/Refloor.app/Frameworks/SVProgressHUD.framework/SVProgressHUD.bundle/info@2x.png
2026-03-02 07:42:11 +0000  copying file ./Payload/Refloor.app/Frameworks/SVProgressHUD.framework/SVProgressHUD.bundle/error.png ... 
2026-03-02 07:42:11 +0000  184 bytes for ./Payload/Refloor.app/Frameworks/SVProgressHUD.framework/SVProgressHUD.bundle/error.png
2026-03-02 07:42:11 +0000  copying file ./Payload/Refloor.app/Frameworks/SVProgressHUD.framework/SVProgressHUD.bundle/success.png ... 
2026-03-02 07:42:11 +0000  262 bytes for ./Payload/Refloor.app/Frameworks/SVProgressHUD.framework/SVProgressHUD.bundle/success.png
2026-03-02 07:42:11 +0000  copying file ./Payload/Refloor.app/Frameworks/SVProgressHUD.framework/SVProgressHUD.bundle/angle-mask.png ... 
2026-03-02 07:42:11 +0000  1845 bytes for ./Payload/Refloor.app/Frameworks/SVProgressHUD.framework/SVProgressHUD.bundle/angle-mask.png
2026-03-02 07:42:11 +0000  copying file ./Payload/Refloor.app/Frameworks/SVProgressHUD.framework/Info.plist ... 
2026-03-02 07:42:11 +0000  797 bytes for ./Payload/Refloor.app/Frameworks/SVProgressHUD.framework/Info.plist
2026-03-02 07:42:11 +0000  copying file ./Payload/Refloor.app/Frameworks/CryptorRSA.framework/_CodeSignature/CodeResources ... 
2026-03-02 07:42:11 +0000  1798 bytes for ./Payload/Refloor.app/Frameworks/CryptorRSA.framework/_CodeSignature/CodeResources
2026-03-02 07:42:11 +0000  copying file ./Payload/Refloor.app/Frameworks/CryptorRSA.framework/CryptorRSA ... 
2026-03-02 07:42:11 +0000  241824 bytes for ./Payload/Refloor.app/Frameworks/CryptorRSA.framework/CryptorRSA
copying file ./Payload/Refloor.app/Frameworks/CryptorRSA.framework/Info.plist ... 
2026-03-02 07:42:11 +0000  793 bytes for ./Payload/Refloor.app/Frameworks/CryptorRSA.framework/Info.plist
2026-03-02 07:42:11 +0000  copying file ./Payload/Refloor.app/Frameworks/FirebaseCoreInternal.framework/_CodeSignature/CodeResources ... 
2026-03-02 07:42:11 +0000  2384 bytes for ./Payload/Refloor.app/Frameworks/FirebaseCoreInternal.framework/_CodeSignature/CodeResources
2026-03-02 07:42:11 +0000  copying file ./Payload/Refloor.app/Frameworks/FirebaseCoreInternal.framework/FirebaseCoreInternal_Privacy.bundle/PrivacyInfo.xcprivacy ... 
2026-03-02 07:42:11 +0000  855 bytes for ./Payload/Refloor.app/Frameworks/FirebaseCoreInternal.framework/FirebaseCoreInternal_Privacy.bundle/PrivacyInfo.xcprivacy
2026-03-02 07:42:11 +0000  copying file ./Payload/Refloor.app/Frameworks/FirebaseCoreInternal.framework/FirebaseCoreInternal_Privacy.bundle/Info.plist ... 
2026-03-02 07:42:11 +0000  805 bytes for ./Payload/Refloor.app/Frameworks/FirebaseCoreInternal.framework/FirebaseCoreInternal_Privacy.bundle/Info.plist
2026-03-02 07:42:11 +0000  copying file ./Payload/Refloor.app/Frameworks/FirebaseCoreInternal.framework/FirebaseCoreInternal ... 
2026-03-02 07:42:11 +0000  330528 bytes for ./Payload/Refloor.app/Frameworks/FirebaseCoreInternal.framework/FirebaseCoreInternal
copying file ./Payload/Refloor.app/Frameworks/FirebaseCoreInternal.framework/Info.plist ... 
2026-03-02 07:42:11 +0000  814 bytes for ./Payload/Refloor.app/Frameworks/FirebaseCoreInternal.framework/Info.plist
2026-03-02 07:42:11 +0000  copying file ./Payload/Refloor.app/Frameworks/FirebaseSharedSwift.framework/_CodeSignature/CodeResources ... 
2026-03-02 07:42:11 +0000  1798 bytes for ./Payload/Refloor.app/Frameworks/FirebaseSharedSwift.framework/_CodeSignature/CodeResources
2026-03-02 07:42:11 +0000  copying file ./Payload/Refloor.app/Frameworks/FirebaseSharedSwift.framework/FirebaseSharedSwift ... 
2026-03-02 07:42:11 +0000  522464 bytes for ./Payload/Refloor.app/Frameworks/FirebaseSharedSwift.framework/FirebaseSharedSwift
copying file ./Payload/Refloor.app/Frameworks/FirebaseSharedSwift.framework/Info.plist ... 
2026-03-02 07:42:11 +0000  812 bytes for ./Payload/Refloor.app/Frameworks/FirebaseSharedSwift.framework/Info.plist
2026-03-02 07:42:11 +0000  copying file ./Payload/Refloor.app/Frameworks/FirebaseCore.framework/_CodeSignature/CodeResources ... 
2026-03-02 07:42:11 +0000  2352 bytes for ./Payload/Refloor.app/Frameworks/FirebaseCore.framework/_CodeSignature/CodeResources
2026-03-02 07:42:11 +0000  copying file ./Payload/Refloor.app/Frameworks/FirebaseCore.framework/FirebaseCore_Privacy.bundle/PrivacyInfo.xcprivacy ... 
2026-03-02 07:42:11 +0000  855 bytes for ./Payload/Refloor.app/Frameworks/FirebaseCore.framework/FirebaseCore_Privacy.bundle/PrivacyInfo.xcprivacy
2026-03-02 07:42:11 +0000  copying file ./Payload/Refloor.app/Frameworks/FirebaseCore.framework/FirebaseCore_Privacy.bundle/Info.plist ... 
2026-03-02 07:42:11 +0000  789 bytes for ./Payload/Refloor.app/Frameworks/FirebaseCore.framework/FirebaseCore_Privacy.bundle/Info.plist
2026-03-02 07:42:11 +0000  copying file ./Payload/Refloor.app/Frameworks/FirebaseCore.framework/FirebaseCore ... 
2026-03-02 07:42:11 +0000  201184 bytes for ./Payload/Refloor.app/Frameworks/FirebaseCore.framework/FirebaseCore
copying file ./Payload/Refloor.app/Frameworks/FirebaseCore.framework/Info.plist ... 
2026-03-02 07:42:11 +0000  796 bytes for ./Payload/Refloor.app/Frameworks/FirebaseCore.framework/Info.plist
2026-03-02 07:42:11 +0000  copying file ./Payload/Refloor.app/Frameworks/FirebaseSessions.framework/_CodeSignature/CodeResources ... 
2026-03-02 07:42:11 +0000  1798 bytes for ./Payload/Refloor.app/Frameworks/FirebaseSessions.framework/_CodeSignature/CodeResources
2026-03-02 07:42:11 +0000  copying file ./Payload/Refloor.app/Frameworks/FirebaseSessions.framework/FirebaseSessions ... 
2026-03-02 07:42:11 +0000  349168 bytes for ./Payload/Refloor.app/Frameworks/FirebaseSessions.framework/FirebaseSessions
copying file ./Payload/Refloor.app/Frameworks/FirebaseSessions.framework/Info.plist ... 
2026-03-02 07:42:11 +0000  806 bytes for ./Payload/Refloor.app/Frameworks/FirebaseSessions.framework/Info.plist
2026-03-02 07:42:11 +0000  copying file ./Payload/Refloor.app/Frameworks/GoogleUtilities.framework/_CodeSignature/CodeResources ... 
2026-03-02 07:42:11 +0000  2364 bytes for ./Payload/Refloor.app/Frameworks/GoogleUtilities.framework/_CodeSignature/CodeResources
2026-03-02 07:42:11 +0000  copying file ./Payload/Refloor.app/Frameworks/GoogleUtilities.framework/GoogleUtilities_Privacy.bundle/PrivacyInfo.xcprivacy ... 
2026-03-02 07:42:11 +0000  1233 bytes for ./Payload/Refloor.app/Frameworks/GoogleUtilities.framework/GoogleUtilities_Privacy.bundle/PrivacyInfo.xcprivacy
2026-03-02 07:42:11 +0000  copying file ./Payload/Refloor.app/Frameworks/GoogleUtilities.framework/GoogleUtilities_Privacy.bundle/Info.plist ... 
2026-03-02 07:42:11 +0000  794 bytes for ./Payload/Refloor.app/Frameworks/GoogleUtilities.framework/GoogleUtilities_Privacy.bundle/Info.plist
2026-03-02 07:42:11 +0000  copying file ./Payload/Refloor.app/Frameworks/GoogleUtilities.framework/GoogleUtilities ... 
2026-03-02 07:42:11 +0000  283696 bytes for ./Payload/Refloor.app/Frameworks/GoogleUtilities.framework/GoogleUtilities
copying file ./Payload/Refloor.app/Frameworks/GoogleUtilities.framework/Info.plist ... 
2026-03-02 07:42:11 +0000  803 bytes for ./Payload/Refloor.app/Frameworks/GoogleUtilities.framework/Info.plist
2026-03-02 07:42:11 +0000  copying file ./Payload/Refloor.app/Frameworks/Realm.framework/_CodeSignature/CodeResources ... 
2026-03-02 07:42:11 +0000  2344 bytes for ./Payload/Refloor.app/Frameworks/Realm.framework/_CodeSignature/CodeResources
2026-03-02 07:42:11 +0000  copying file ./Payload/Refloor.app/Frameworks/Realm.framework/realm_objc_privacy.bundle/PrivacyInfo.xcprivacy ... 
2026-03-02 07:42:11 +0000  599 bytes for ./Payload/Refloor.app/Frameworks/Realm.framework/realm_objc_privacy.bundle/PrivacyInfo.xcprivacy
2026-03-02 07:42:11 +0000  copying file ./Payload/Refloor.app/Frameworks/Realm.framework/realm_objc_privacy.bundle/Info.plist ... 
2026-03-02 07:42:11 +0000  786 bytes for ./Payload/Refloor.app/Frameworks/Realm.framework/realm_objc_privacy.bundle/Info.plist
2026-03-02 07:42:11 +0000  copying file ./Payload/Refloor.app/Frameworks/Realm.framework/Info.plist ... 
2026-03-02 07:42:11 +0000  783 bytes for ./Payload/Refloor.app/Frameworks/Realm.framework/Info.plist
2026-03-02 07:42:11 +0000  copying file ./Payload/Refloor.app/Frameworks/Realm.framework/Realm ... 
2026-03-02 07:42:11 +0000  8734496 bytes for ./Payload/Refloor.app/Frameworks/Realm.framework/Realm
2026-03-02 07:42:11 +0000  copying file ./Payload/Refloor.app/Frameworks/FirebaseAuth.framework/FirebaseAuth_Privacy.bundle/PrivacyInfo.xcprivacy ... 
2102 bytes for ./Payload/Refloor.app/Frameworks/FirebaseAuth.framework/FirebaseAuth_Privacy.bundle/PrivacyInfo.xcprivacy
copying file ./Payload/Refloor.app/Frameworks/FirebaseAuth.framework/FirebaseAuth_Privacy.bundle/Info.plist ... 
789 bytes for ./Payload/Refloor.app/Frameworks/FirebaseAuth.framework/FirebaseAuth_Privacy.bundle/Info.plist
copying file ./Payload/Refloor.app/Frameworks/FirebaseAuth.framework/_CodeSignature/CodeResources ... 
2352 bytes for ./Payload/Refloor.app/Frameworks/FirebaseAuth.framework/_CodeSignature/CodeResources
copying file ./Payload/Refloor.app/Frameworks/FirebaseAuth.framework/FirebaseAuth ... 
2026-03-02 07:42:11 +0000  2573072 bytes for ./Payload/Refloor.app/Frameworks/FirebaseAuth.framework/FirebaseAuth
copying file ./Payload/Refloor.app/Frameworks/FirebaseAuth.framework/Info.plist ... 
2026-03-02 07:42:11 +0000  796 bytes for ./Payload/Refloor.app/Frameworks/FirebaseAuth.framework/Info.plist
copying file ./Payload/Refloor.app/Frameworks/FirebaseMessaging.framework/_CodeSignature/CodeResources ... 
2372 bytes for ./Payload/Refloor.app/Frameworks/FirebaseMessaging.framework/_CodeSignature/CodeResources
copying file ./Payload/Refloor.app/Frameworks/FirebaseMessaging.framework/FirebaseMessaging_Privacy.bundle/PrivacyInfo.xcprivacy ... 
2026-03-02 07:42:11 +0000  2357 bytes for ./Payload/Refloor.app/Frameworks/FirebaseMessaging.framework/FirebaseMessaging_Privacy.bundle/PrivacyInfo.xcprivacy
copying file ./Payload/Refloor.app/Frameworks/FirebaseMessaging.framework/FirebaseMessaging_Privacy.bundle/Info.plist ... 
799 bytes for ./Payload/Refloor.app/Frameworks/FirebaseMessaging.framework/FirebaseMessaging_Privacy.bundle/Info.plist
2026-03-02 07:42:11 +0000  copying file ./Payload/Refloor.app/Frameworks/FirebaseMessaging.framework/FirebaseMessaging ... 
2026-03-02 07:42:11 +0000  501056 bytes for ./Payload/Refloor.app/Frameworks/FirebaseMessaging.framework/FirebaseMessaging
copying file ./Payload/Refloor.app/Frameworks/FirebaseMessaging.framework/Info.plist ... 
2026-03-02 07:42:11 +0000  808 bytes for ./Payload/Refloor.app/Frameworks/FirebaseMessaging.framework/Info.plist
2026-03-02 07:42:11 +0000  copying file ./Payload/Refloor.app/Frameworks/FirebaseAppCheckInterop.framework/_CodeSignature/CodeResources ... 
2026-03-02 07:42:11 +0000  1798 bytes for ./Payload/Refloor.app/Frameworks/FirebaseAppCheckInterop.framework/_CodeSignature/CodeResources
2026-03-02 07:42:11 +0000  copying file ./Payload/Refloor.app/Frameworks/FirebaseAppCheckInterop.framework/FirebaseAppCheckInterop ... 
2026-03-02 07:42:11 +0000  86368 bytes for ./Payload/Refloor.app/Frameworks/FirebaseAppCheckInterop.framework/FirebaseAppCheckInterop
copying file ./Payload/Refloor.app/Frameworks/FirebaseAppCheckInterop.framework/Info.plist ... 
2026-03-02 07:42:11 +0000  820 bytes for ./Payload/Refloor.app/Frameworks/FirebaseAppCheckInterop.framework/Info.plist
2026-03-02 07:42:11 +0000  copying file ./Payload/Refloor.app/Frameworks/FirebaseCoreExtension.framework/_CodeSignature/CodeResources ... 
2026-03-02 07:42:11 +0000  2388 bytes for ./Payload/Refloor.app/Frameworks/FirebaseCoreExtension.framework/_CodeSignature/CodeResources
2026-03-02 07:42:11 +0000  copying file ./Payload/Refloor.app/Frameworks/FirebaseCoreExtension.framework/FirebaseCoreExtension ... 
2026-03-02 07:42:11 +0000  86320 bytes for ./Payload/Refloor.app/Frameworks/FirebaseCoreExtension.framework/FirebaseCoreExtension
2026-03-02 07:42:11 +0000  copying file ./Payload/Refloor.app/Frameworks/FirebaseCoreExtension.framework/FirebaseCoreExtension_Privacy.bundle/PrivacyInfo.xcprivacy ... 
478 bytes for ./Payload/Refloor.app/Frameworks/FirebaseCoreExtension.framework/FirebaseCoreExtension_Privacy.bundle/PrivacyInfo.xcprivacy
2026-03-02 07:42:11 +0000  copying file ./Payload/Refloor.app/Frameworks/FirebaseCoreExtension.framework/FirebaseCoreExtension_Privacy.bundle/Info.plist ... 
2026-03-02 07:42:11 +0000  807 bytes for ./Payload/Refloor.app/Frameworks/FirebaseCoreExtension.framework/FirebaseCoreExtension_Privacy.bundle/Info.plist
2026-03-02 07:42:11 +0000  copying file ./Payload/Refloor.app/Frameworks/FirebaseCoreExtension.framework/Info.plist ... 
2026-03-02 07:42:11 +0000  816 bytes for ./Payload/Refloor.app/Frameworks/FirebaseCoreExtension.framework/Info.plist
2026-03-02 07:42:11 +0000  copying file ./Payload/Refloor.app/Frameworks/SwiftJWT.framework/_CodeSignature/CodeResources ... 
2026-03-02 07:42:11 +0000  1798 bytes for ./Payload/Refloor.app/Frameworks/SwiftJWT.framework/_CodeSignature/CodeResources
copying file ./Payload/Refloor.app/Frameworks/SwiftJWT.framework/SwiftJWT ... 
2026-03-02 07:42:11 +0000  556336 bytes for ./Payload/Refloor.app/Frameworks/SwiftJWT.framework/SwiftJWT
copying file ./Payload/Refloor.app/Frameworks/SwiftJWT.framework/Info.plist ... 
2026-03-02 07:42:11 +0000  789 bytes for ./Payload/Refloor.app/Frameworks/SwiftJWT.framework/Info.plist
2026-03-02 07:42:11 +0000  copying file ./Payload/Refloor.app/Frameworks/DropDown.framework/_CodeSignature/CodeResources ... 
2026-03-02 07:42:11 +0000  2024 bytes for ./Payload/Refloor.app/Frameworks/DropDown.framework/_CodeSignature/CodeResources
copying file ./Payload/Refloor.app/Frameworks/DropDown.framework/DropDown ... 
2026-03-02 07:42:11 +0000  300864 bytes for ./Payload/Refloor.app/Frameworks/DropDown.framework/DropDown
copying file ./Payload/Refloor.app/Frameworks/DropDown.framework/DropDownCell.nib ... 
2026-03-02 07:42:11 +0000  2547 bytes for ./Payload/Refloor.app/Frameworks/DropDown.framework/DropDownCell.nib
2026-03-02 07:42:11 +0000  copying file ./Payload/Refloor.app/Frameworks/DropDown.framework/Info.plist ... 
2026-03-02 07:42:11 +0000  787 bytes for ./Payload/Refloor.app/Frameworks/DropDown.framework/Info.plist
2026-03-02 07:42:11 +0000  copying file ./Payload/Refloor.app/Frameworks/FirebaseFirestoreInternal.framework/_CodeSignature/CodeResources ... 
2026-03-02 07:42:11 +0000  2404 bytes for ./Payload/Refloor.app/Frameworks/FirebaseFirestoreInternal.framework/_CodeSignature/CodeResources
2026-03-02 07:42:11 +0000  copying file ./Payload/Refloor.app/Frameworks/FirebaseFirestoreInternal.framework/FirebaseFirestoreInternal ... 
2026-03-02 07:42:12 +0000  4902576 bytes for ./Payload/Refloor.app/Frameworks/FirebaseFirestoreInternal.framework/FirebaseFirestoreInternal
2026-03-02 07:42:12 +0000  copying file ./Payload/Refloor.app/Frameworks/FirebaseFirestoreInternal.framework/FirebaseFirestoreInternal_Privacy.bundle/PrivacyInfo.xcprivacy ... 
1105 bytes for ./Payload/Refloor.app/Frameworks/FirebaseFirestoreInternal.framework/FirebaseFirestoreInternal_Privacy.bundle/PrivacyInfo.xcprivacy
copying file ./Payload/Refloor.app/Frameworks/FirebaseFirestoreInternal.framework/FirebaseFirestoreInternal_Privacy.bundle/Info.plist ... 
815 bytes for ./Payload/Refloor.app/Frameworks/FirebaseFirestoreInternal.framework/FirebaseFirestoreInternal_Privacy.bundle/Info.plist
copying file ./Payload/Refloor.app/Frameworks/FirebaseFirestoreInternal.framework/Info.plist ... 
824 bytes for ./Payload/Refloor.app/Frameworks/FirebaseFirestoreInternal.framework/Info.plist
2026-03-02 07:42:12 +0000  copying file ./Payload/Refloor.app/Frameworks/JWTCodable.framework/_CodeSignature/CodeResources ... 
2026-03-02 07:42:12 +0000  1798 bytes for ./Payload/Refloor.app/Frameworks/JWTCodable.framework/_CodeSignature/CodeResources
2026-03-02 07:42:12 +0000  copying file ./Payload/Refloor.app/Frameworks/JWTCodable.framework/JWTCodable ... 
2026-03-02 07:42:12 +0000  202048 bytes for ./Payload/Refloor.app/Frameworks/JWTCodable.framework/JWTCodable
copying file ./Payload/Refloor.app/Frameworks/JWTCodable.framework/Info.plist ... 
2026-03-02 07:42:12 +0000  791 bytes for ./Payload/Refloor.app/Frameworks/JWTCodable.framework/Info.plist
2026-03-02 07:42:12 +0000  copying file ./Payload/Refloor.app/Frameworks/nanopb.framework/_CodeSignature/CodeResources ... 
2026-03-02 07:42:12 +0000  2328 bytes for ./Payload/Refloor.app/Frameworks/nanopb.framework/_CodeSignature/CodeResources
2026-03-02 07:42:12 +0000  copying file ./Payload/Refloor.app/Frameworks/nanopb.framework/nanopb_Privacy.bundle/PrivacyInfo.xcprivacy ... 
2026-03-02 07:42:12 +0000  374 bytes for ./Payload/Refloor.app/Frameworks/nanopb.framework/nanopb_Privacy.bundle/PrivacyInfo.xcprivacy
2026-03-02 07:42:12 +0000  copying file ./Payload/Refloor.app/Frameworks/nanopb.framework/nanopb_Privacy.bundle/Info.plist ... 
2026-03-02 07:42:12 +0000  778 bytes for ./Payload/Refloor.app/Frameworks/nanopb.framework/nanopb_Privacy.bundle/Info.plist
2026-03-02 07:42:12 +0000  copying file ./Payload/Refloor.app/Frameworks/nanopb.framework/nanopb ... 
2026-03-02 07:42:12 +0000  95056 bytes for ./Payload/Refloor.app/Frameworks/nanopb.framework/nanopb
copying file ./Payload/Refloor.app/Frameworks/nanopb.framework/Info.plist ... 
2026-03-02 07:42:12 +0000  787 bytes for ./Payload/Refloor.app/Frameworks/nanopb.framework/Info.plist
2026-03-02 07:42:12 +0000  copying file ./Payload/Refloor.app/Frameworks/FirebaseRemoteConfigInterop.framework/_CodeSignature/CodeResources ... 
2026-03-02 07:42:12 +0000  1798 bytes for ./Payload/Refloor.app/Frameworks/FirebaseRemoteConfigInterop.framework/_CodeSignature/CodeResources
2026-03-02 07:42:12 +0000  copying file ./Payload/Refloor.app/Frameworks/FirebaseRemoteConfigInterop.framework/FirebaseRemoteConfigInterop ... 
2026-03-02 07:42:12 +0000  128928 bytes for ./Payload/Refloor.app/Frameworks/FirebaseRemoteConfigInterop.framework/FirebaseRemoteConfigInterop
copying file ./Payload/Refloor.app/Frameworks/FirebaseRemoteConfigInterop.framework/Info.plist ... 
2026-03-02 07:42:12 +0000  828 bytes for ./Payload/Refloor.app/Frameworks/FirebaseRemoteConfigInterop.framework/Info.plist
2026-03-02 07:42:12 +0000  copying file ./Payload/Refloor.app/Frameworks/Promises.framework/_CodeSignature/CodeResources ... 
2026-03-02 07:42:12 +0000  2336 bytes for ./Payload/Refloor.app/Frameworks/Promises.framework/_CodeSignature/CodeResources
2026-03-02 07:42:12 +0000  copying file ./Payload/Refloor.app/Frameworks/Promises.framework/Promises ... 
2026-03-02 07:42:12 +0000  219040 bytes for ./Payload/Refloor.app/Frameworks/Promises.framework/Promises
copying file ./Payload/Refloor.app/Frameworks/Promises.framework/Info.plist ... 
2026-03-02 07:42:12 +0000  787 bytes for ./Payload/Refloor.app/Frameworks/Promises.framework/Info.plist
2026-03-02 07:42:12 +0000  copying file ./Payload/Refloor.app/Frameworks/Promises.framework/Promises_Privacy.bundle/PrivacyInfo.xcprivacy ... 
2026-03-02 07:42:12 +0000  373 bytes for ./Payload/Refloor.app/Frameworks/Promises.framework/Promises_Privacy.bundle/PrivacyInfo.xcprivacy
2026-03-02 07:42:12 +0000  copying file ./Payload/Refloor.app/Frameworks/Promises.framework/Promises_Privacy.bundle/Info.plist ... 
2026-03-02 07:42:12 +0000  780 bytes for ./Payload/Refloor.app/Frameworks/Promises.framework/Promises_Privacy.bundle/Info.plist
2026-03-02 07:42:12 +0000  copying file ./Payload/Refloor.app/Frameworks/CHRTextFieldFormatter.framework/_CodeSignature/CodeResources ... 
2026-03-02 07:42:12 +0000  1798 bytes for ./Payload/Refloor.app/Frameworks/CHRTextFieldFormatter.framework/_CodeSignature/CodeResources
2026-03-02 07:42:12 +0000  copying file ./Payload/Refloor.app/Frameworks/CHRTextFieldFormatter.framework/CHRTextFieldFormatter ... 
2026-03-02 07:42:12 +0000  97648 bytes for ./Payload/Refloor.app/Frameworks/CHRTextFieldFormatter.framework/CHRTextFieldFormatter
copying file ./Payload/Refloor.app/Frameworks/CHRTextFieldFormatter.framework/Info.plist ... 
2026-03-02 07:42:12 +0000  815 bytes for ./Payload/Refloor.app/Frameworks/CHRTextFieldFormatter.framework/Info.plist
2026-03-02 07:42:12 +0000  copying file ./Payload/Refloor.app/Frameworks/Zip.framework/_CodeSignature/CodeResources ... 
2026-03-02 07:42:12 +0000  1798 bytes for ./Payload/Refloor.app/Frameworks/Zip.framework/_CodeSignature/CodeResources
2026-03-02 07:42:12 +0000  copying file ./Payload/Refloor.app/Frameworks/Zip.framework/Zip ... 
2026-03-02 07:42:12 +0000  209872 bytes for ./Payload/Refloor.app/Frameworks/Zip.framework/Zip
copying file ./Payload/Refloor.app/Frameworks/Zip.framework/Info.plist ... 
2026-03-02 07:42:12 +0000  777 bytes for ./Payload/Refloor.app/Frameworks/Zip.framework/Info.plist
2026-03-02 07:42:12 +0000  copying file ./Payload/Refloor.app/Frameworks/IQKeyboardManagerSwift.framework/_CodeSignature/CodeResources ... 
2026-03-02 07:42:12 +0000  4122 bytes for ./Payload/Refloor.app/Frameworks/IQKeyboardManagerSwift.framework/_CodeSignature/CodeResources
2026-03-02 07:42:12 +0000  copying file ./Payload/Refloor.app/Frameworks/IQKeyboardManagerSwift.framework/IQKeyboardManager.bundle/IQButtonBarArrowRight@2x.png ... 
2026-03-02 07:42:12 +0000  1786 bytes for ./Payload/Refloor.app/Frameworks/IQKeyboardManagerSwift.framework/IQKeyboardManager.bundle/IQButtonBarArrowRight@2x.png
2026-03-02 07:42:12 +0000  copying file ./Payload/Refloor.app/Frameworks/IQKeyboardManagerSwift.framework/IQKeyboardManager.bundle/IQButtonBarArrowUp@3x.png ... 
2026-03-02 07:42:12 +0000  2164 bytes for ./Payload/Refloor.app/Frameworks/IQKeyboardManagerSwift.framework/IQKeyboardManager.bundle/IQButtonBarArrowUp@3x.png
2026-03-02 07:42:12 +0000  copying file ./Payload/Refloor.app/Frameworks/IQKeyboardManagerSwift.framework/IQKeyboardManager.bundle/IQButtonBarArrowUp@2x.png ... 
2026-03-02 07:42:12 +0000  1769 bytes for ./Payload/Refloor.app/Frameworks/IQKeyboardManagerSwift.framework/IQKeyboardManager.bundle/IQButtonBarArrowUp@2x.png
2026-03-02 07:42:12 +0000  copying file ./Payload/Refloor.app/Frameworks/IQKeyboardManagerSwift.framework/IQKeyboardManager.bundle/IQButtonBarArrowRight@3x.png ... 
2026-03-02 07:42:12 +0000  1844 bytes for ./Payload/Refloor.app/Frameworks/IQKeyboardManagerSwift.framework/IQKeyboardManager.bundle/IQButtonBarArrowRight@3x.png
2026-03-02 07:42:12 +0000  copying file ./Payload/Refloor.app/Frameworks/IQKeyboardManagerSwift.framework/IQKeyboardManager.bundle/IQButtonBarArrowLeft@3x.png ... 
2026-03-02 07:42:12 +0000  1815 bytes for ./Payload/Refloor.app/Frameworks/IQKeyboardManagerSwift.framework/IQKeyboardManager.bundle/IQButtonBarArrowLeft@3x.png
2026-03-02 07:42:12 +0000  copying file ./Payload/Refloor.app/Frameworks/IQKeyboardManagerSwift.framework/IQKeyboardManager.bundle/IQButtonBarArrowDown@3x.png ... 
2026-03-02 07:42:12 +0000  2177 bytes for ./Payload/Refloor.app/Frameworks/IQKeyboardManagerSwift.framework/IQKeyboardManager.bundle/IQButtonBarArrowDown@3x.png
2026-03-02 07:42:12 +0000  copying file ./Payload/Refloor.app/Frameworks/IQKeyboardManagerSwift.framework/IQKeyboardManager.bundle/IQButtonBarArrowDown@2x.png ... 
2026-03-02 07:42:12 +0000  1764 bytes for ./Payload/Refloor.app/Frameworks/IQKeyboardManagerSwift.framework/IQKeyboardManager.bundle/IQButtonBarArrowDown@2x.png
2026-03-02 07:42:12 +0000  copying file ./Payload/Refloor.app/Frameworks/IQKeyboardManagerSwift.framework/IQKeyboardManager.bundle/IQButtonBarArrowLeft@2x.png ... 
2026-03-02 07:42:12 +0000  1793 bytes for ./Payload/Refloor.app/Frameworks/IQKeyboardManagerSwift.framework/IQKeyboardManager.bundle/IQButtonBarArrowLeft@2x.png
2026-03-02 07:42:12 +0000  copying file ./Payload/Refloor.app/Frameworks/IQKeyboardManagerSwift.framework/IQKeyboardManagerSwift ... 
2026-03-02 07:42:12 +0000  633088 bytes for ./Payload/Refloor.app/Frameworks/IQKeyboardManagerSwift.framework/IQKeyboardManagerSwift
copying file ./Payload/Refloor.app/Frameworks/IQKeyboardManagerSwift.framework/Info.plist ... 
2026-03-02 07:42:12 +0000  817 bytes for ./Payload/Refloor.app/Frameworks/IQKeyboardManagerSwift.framework/Info.plist
2026-03-02 07:42:12 +0000  copying file ./Payload/Refloor.app/Frameworks/CryptorECC.framework/_CodeSignature/CodeResources ... 
2026-03-02 07:42:12 +0000  1798 bytes for ./Payload/Refloor.app/Frameworks/CryptorECC.framework/_CodeSignature/CodeResources
2026-03-02 07:42:12 +0000  copying file ./Payload/Refloor.app/Frameworks/CryptorECC.framework/Info.plist ... 
2026-03-02 07:42:12 +0000  791 bytes for ./Payload/Refloor.app/Frameworks/CryptorECC.framework/Info.plist
copying file ./Payload/Refloor.app/Frameworks/CryptorECC.framework/CryptorECC ... 
2026-03-02 07:42:12 +0000  225504 bytes for ./Payload/Refloor.app/Frameworks/CryptorECC.framework/CryptorECC
2026-03-02 07:42:12 +0000  copying file ./Payload/Refloor.app/Frameworks/leveldb.framework/_CodeSignature/CodeResources ... 
2026-03-02 07:42:12 +0000  2332 bytes for ./Payload/Refloor.app/Frameworks/leveldb.framework/_CodeSignature/CodeResources
2026-03-02 07:42:12 +0000  copying file ./Payload/Refloor.app/Frameworks/leveldb.framework/leveldb ... 
2026-03-02 07:42:12 +0000  464016 bytes for ./Payload/Refloor.app/Frameworks/leveldb.framework/leveldb
2026-03-02 07:42:12 +0000  copying file ./Payload/Refloor.app/Frameworks/leveldb.framework/leveldb_Privacy.bundle/PrivacyInfo.xcprivacy ... 
2026-03-02 07:42:12 +0000  856 bytes for ./Payload/Refloor.app/Frameworks/leveldb.framework/leveldb_Privacy.bundle/PrivacyInfo.xcprivacy
2026-03-02 07:42:12 +0000  copying file ./Payload/Refloor.app/Frameworks/leveldb.framework/leveldb_Privacy.bundle/Info.plist ... 
2026-03-02 07:42:12 +0000  779 bytes for ./Payload/Refloor.app/Frameworks/leveldb.framework/leveldb_Privacy.bundle/Info.plist
2026-03-02 07:42:12 +0000  copying file ./Payload/Refloor.app/Frameworks/leveldb.framework/Info.plist ... 
2026-03-02 07:42:12 +0000  786 bytes for ./Payload/Refloor.app/Frameworks/leveldb.framework/Info.plist
2026-03-02 07:42:12 +0000  copying file ./Payload/Refloor.app/Frameworks/grpc.framework/_CodeSignature/CodeResources ... 
2026-03-02 07:42:12 +0000  2288 bytes for ./Payload/Refloor.app/Frameworks/grpc.framework/_CodeSignature/CodeResources
2026-03-02 07:42:12 +0000  copying file ./Payload/Refloor.app/Frameworks/grpc.framework/grpc ... 
2026-03-02 07:42:12 +0000  11613632 bytes for ./Payload/Refloor.app/Frameworks/grpc.framework/grpc
2026-03-02 07:42:12 +0000  copying file ./Payload/Refloor.app/Frameworks/grpc.framework/grpc.bundle/PrivacyInfo.xcprivacy ... 
599 bytes for ./Payload/Refloor.app/Frameworks/grpc.framework/grpc.bundle/PrivacyInfo.xcprivacy
copying file ./Payload/Refloor.app/Frameworks/grpc.framework/grpc.bundle/Info.plist ... 
755 bytes for ./Payload/Refloor.app/Frameworks/grpc.framework/grpc.bundle/Info.plist
copying file ./Payload/Refloor.app/Frameworks/grpc.framework/Info.plist ... 
780 bytes for ./Payload/Refloor.app/Frameworks/grpc.framework/Info.plist
copying file ./Payload/Refloor.app/Frameworks/openssl_grpc.framework/_CodeSignature/CodeResources ... 
2026-03-02 07:42:12 +0000  2320 bytes for ./Payload/Refloor.app/Frameworks/openssl_grpc.framework/_CodeSignature/CodeResources
copying file ./Payload/Refloor.app/Frameworks/openssl_grpc.framework/openssl_grpc ... 
2026-03-02 07:42:12 +0000  2100816 bytes for ./Payload/Refloor.app/Frameworks/openssl_grpc.framework/openssl_grpc
2026-03-02 07:42:12 +0000  copying file ./Payload/Refloor.app/Frameworks/openssl_grpc.framework/openssl_grpc.bundle/PrivacyInfo.xcprivacy ... 
599 bytes for ./Payload/Refloor.app/Frameworks/openssl_grpc.framework/openssl_grpc.bundle/PrivacyInfo.xcprivacy
copying file ./Payload/Refloor.app/Frameworks/openssl_grpc.framework/openssl_grpc.bundle/Info.plist ... 
771 bytes for ./Payload/Refloor.app/Frameworks/openssl_grpc.framework/openssl_grpc.bundle/Info.plist
copying file ./Payload/Refloor.app/Frameworks/openssl_grpc.framework/Info.plist ... 
796 bytes for ./Payload/Refloor.app/Frameworks/openssl_grpc.framework/Info.plist
copying file ./Payload/Refloor.app/Frameworks/Logging.framework/_CodeSignature/CodeResources ... 
2026-03-02 07:42:12 +0000  1798 bytes for ./Payload/Refloor.app/Frameworks/Logging.framework/_CodeSignature/CodeResources
copying file ./Payload/Refloor.app/Frameworks/Logging.framework/Logging ... 
2026-03-02 07:42:12 +0000  228368 bytes for ./Payload/Refloor.app/Frameworks/Logging.framework/Logging
copying file ./Payload/Refloor.app/Frameworks/Logging.framework/Info.plist ... 
2026-03-02 07:42:12 +0000  785 bytes for ./Payload/Refloor.app/Frameworks/Logging.framework/Info.plist
2026-03-02 07:42:12 +0000  copying file ./Payload/Refloor.app/Frameworks/absl.framework/_CodeSignature/CodeResources ... 
2026-03-02 07:42:12 +0000  2308 bytes for ./Payload/Refloor.app/Frameworks/absl.framework/_CodeSignature/CodeResources
2026-03-02 07:42:12 +0000  copying file ./Payload/Refloor.app/Frameworks/absl.framework/absl ... 
2026-03-02 07:42:12 +0000  1282944 bytes for ./Payload/Refloor.app/Frameworks/absl.framework/absl
2026-03-02 07:42:12 +0000  copying file ./Payload/Refloor.app/Frameworks/absl.framework/xcprivacy.bundle/PrivacyInfo.xcprivacy ... 
373 bytes for ./Payload/Refloor.app/Frameworks/absl.framework/xcprivacy.bundle/PrivacyInfo.xcprivacy
2026-03-02 07:42:12 +0000  copying file ./Payload/Refloor.app/Frameworks/absl.framework/xcprivacy.bundle/Info.plist ... 
771 bytes for ./Payload/Refloor.app/Frameworks/absl.framework/xcprivacy.bundle/Info.plist
2026-03-02 07:42:12 +0000  copying file ./Payload/Refloor.app/Frameworks/absl.framework/Info.plist ... 
786 bytes for ./Payload/Refloor.app/Frameworks/absl.framework/Info.plist
2026-03-02 07:42:12 +0000  copying file ./Payload/Refloor.app/Frameworks/FirebaseInstallations.framework/_CodeSignature/CodeResources ... 
2026-03-02 07:42:12 +0000  2388 bytes for ./Payload/Refloor.app/Frameworks/FirebaseInstallations.framework/_CodeSignature/CodeResources
copying file ./Payload/Refloor.app/Frameworks/FirebaseInstallations.framework/FirebaseInstallations ... 
2026-03-02 07:42:12 +0000  255312 bytes for ./Payload/Refloor.app/Frameworks/FirebaseInstallations.framework/FirebaseInstallations
2026-03-02 07:42:12 +0000  copying file ./Payload/Refloor.app/Frameworks/FirebaseInstallations.framework/FirebaseInstallations_Privacy.bundle/PrivacyInfo.xcprivacy ... 
2026-03-02 07:42:12 +0000  1105 bytes for ./Payload/Refloor.app/Frameworks/FirebaseInstallations.framework/FirebaseInstallations_Privacy.bundle/PrivacyInfo.xcprivacy
2026-03-02 07:42:12 +0000  copying file ./Payload/Refloor.app/Frameworks/FirebaseInstallations.framework/FirebaseInstallations_Privacy.bundle/Info.plist ... 
2026-03-02 07:42:12 +0000  807 bytes for ./Payload/Refloor.app/Frameworks/FirebaseInstallations.framework/FirebaseInstallations_Privacy.bundle/Info.plist
2026-03-02 07:42:12 +0000  copying file ./Payload/Refloor.app/Frameworks/FirebaseInstallations.framework/Info.plist ... 
2026-03-02 07:42:12 +0000  816 bytes for ./Payload/Refloor.app/Frameworks/FirebaseInstallations.framework/Info.plist
2026-03-02 07:42:12 +0000  copying file ./Payload/Refloor.app/Frameworks/Alamofire.framework/_CodeSignature/CodeResources ... 
2026-03-02 07:42:12 +0000  1798 bytes for ./Payload/Refloor.app/Frameworks/Alamofire.framework/_CodeSignature/CodeResources
2026-03-02 07:42:12 +0000  copying file ./Payload/Refloor.app/Frameworks/Alamofire.framework/Alamofire ... 
2026-03-02 07:42:12 +0000  969856 bytes for ./Payload/Refloor.app/Frameworks/Alamofire.framework/Alamofire
copying file ./Payload/Refloor.app/Frameworks/Alamofire.framework/Info.plist ... 
2026-03-02 07:42:12 +0000  789 bytes for ./Payload/Refloor.app/Frameworks/Alamofire.framework/Info.plist
2026-03-02 07:42:12 +0000  copying file ./Payload/Refloor.app/Frameworks/ObjectMapper.framework/_CodeSignature/CodeResources ... 
2026-03-02 07:42:12 +0000  1798 bytes for ./Payload/Refloor.app/Frameworks/ObjectMapper.framework/_CodeSignature/CodeResources
2026-03-02 07:42:12 +0000  copying file ./Payload/Refloor.app/Frameworks/ObjectMapper.framework/ObjectMapper ... 
2026-03-02 07:42:12 +0000  387328 bytes for ./Payload/Refloor.app/Frameworks/ObjectMapper.framework/ObjectMapper
copying file ./Payload/Refloor.app/Frameworks/ObjectMapper.framework/Info.plist ... 
2026-03-02 07:42:12 +0000  795 bytes for ./Payload/Refloor.app/Frameworks/ObjectMapper.framework/Info.plist
2026-03-02 07:42:12 +0000  copying file ./Payload/Refloor.app/Frameworks/WeScan.framework/de.lproj/Localizable.strings ... 
2026-03-02 07:42:12 +0000  273 bytes for ./Payload/Refloor.app/Frameworks/WeScan.framework/de.lproj/Localizable.strings
2026-03-02 07:42:12 +0000  copying file ./Payload/Refloor.app/Frameworks/WeScan.framework/_CodeSignature/CodeResources ... 
2026-03-02 07:42:12 +0000  9340 bytes for ./Payload/Refloor.app/Frameworks/WeScan.framework/_CodeSignature/CodeResources
2026-03-02 07:42:12 +0000  copying file ./Payload/Refloor.app/Frameworks/WeScan.framework/zh-Hans.lproj/Localizable.strings ... 
2026-03-02 07:42:12 +0000  239 bytes for ./Payload/Refloor.app/Frameworks/WeScan.framework/zh-Hans.lproj/Localizable.strings
2026-03-02 07:42:12 +0000  copying file ./Payload/Refloor.app/Frameworks/WeScan.framework/en.lproj/Localizable.strings ... 
2026-03-02 07:42:12 +0000  248 bytes for ./Payload/Refloor.app/Frameworks/WeScan.framework/en.lproj/Localizable.strings
2026-03-02 07:42:12 +0000  copying file ./Payload/Refloor.app/Frameworks/WeScan.framework/flash.png ... 
2026-03-02 07:42:12 +0000  387 bytes for ./Payload/Refloor.app/Frameworks/WeScan.framework/flash.png
2026-03-02 07:42:12 +0000  copying file ./Payload/Refloor.app/Frameworks/WeScan.framework/es.lproj/Localizable.strings ... 
2026-03-02 07:42:12 +0000  286 bytes for ./Payload/Refloor.app/Frameworks/WeScan.framework/es.lproj/Localizable.strings
2026-03-02 07:42:12 +0000  copying file ./Payload/Refloor.app/Frameworks/WeScan.framework/es-419.lproj/Localizable.strings ... 
2026-03-02 07:42:12 +0000  286 bytes for ./Payload/Refloor.app/Frameworks/WeScan.framework/es-419.lproj/Localizable.strings
2026-03-02 07:42:12 +0000  copying file ./Payload/Refloor.app/Frameworks/WeScan.framework/it.lproj/Localizable.strings ... 
2026-03-02 07:42:12 +0000  264 bytes for ./Payload/Refloor.app/Frameworks/WeScan.framework/it.lproj/Localizable.strings
2026-03-02 07:42:12 +0000  copying file ./Payload/Refloor.app/Frameworks/WeScan.framework/rotate@3x.png ... 
2026-03-02 07:42:12 +0000  761 bytes for ./Payload/Refloor.app/Frameworks/WeScan.framework/rotate@3x.png
2026-03-02 07:42:12 +0000  copying file ./Payload/Refloor.app/Frameworks/WeScan.framework/rotate.png ... 
2026-03-02 07:42:12 +0000  299 bytes for ./Payload/Refloor.app/Frameworks/WeScan.framework/rotate.png
2026-03-02 07:42:12 +0000  copying file ./Payload/Refloor.app/Frameworks/WeScan.framework/rotate@2x.png ... 
2026-03-02 07:42:12 +0000  504 bytes for ./Payload/Refloor.app/Frameworks/WeScan.framework/rotate@2x.png
2026-03-02 07:42:12 +0000  copying file ./Payload/Refloor.app/Frameworks/WeScan.framework/zh-Hant.lproj/Localizable.strings ... 
2026-03-02 07:42:12 +0000  239 bytes for ./Payload/Refloor.app/Frameworks/WeScan.framework/zh-Hant.lproj/Localizable.strings
2026-03-02 07:42:12 +0000  copying file ./Payload/Refloor.app/Frameworks/WeScan.framework/hu.lproj/Localizable.strings ... 
2026-03-02 07:42:12 +0000  293 bytes for ./Payload/Refloor.app/Frameworks/WeScan.framework/hu.lproj/Localizable.strings
2026-03-02 07:42:12 +0000  copying file ./Payload/Refloor.app/Frameworks/WeScan.framework/flash@2x.png ... 
2026-03-02 07:42:12 +0000  565 bytes for ./Payload/Refloor.app/Frameworks/WeScan.framework/flash@2x.png
2026-03-02 07:42:12 +0000  copying file ./Payload/Refloor.app/Frameworks/WeScan.framework/tr.lproj/Localizable.strings ... 
2026-03-02 07:42:12 +0000  272 bytes for ./Payload/Refloor.app/Frameworks/WeScan.framework/tr.lproj/Localizable.strings
2026-03-02 07:42:12 +0000  copying file ./Payload/Refloor.app/Frameworks/WeScan.framework/pl.lproj/Localizable.strings ... 
2026-03-02 07:42:12 +0000  268 bytes for ./Payload/Refloor.app/Frameworks/WeScan.framework/pl.lproj/Localizable.strings
2026-03-02 07:42:12 +0000  copying file ./Payload/Refloor.app/Frameworks/WeScan.framework/flashUnavailable@2x.png ... 
2026-03-02 07:42:12 +0000  663 bytes for ./Payload/Refloor.app/Frameworks/WeScan.framework/flashUnavailable@2x.png
2026-03-02 07:42:12 +0000  copying file ./Payload/Refloor.app/Frameworks/WeScan.framework/flashUnavailable.png ... 
2026-03-02 07:42:12 +0000  428 bytes for ./Payload/Refloor.app/Frameworks/WeScan.framework/flashUnavailable.png
2026-03-02 07:42:12 +0000  copying file ./Payload/Refloor.app/Frameworks/WeScan.framework/flashUnavailable@3x.png ... 
2026-03-02 07:42:12 +0000  1004 bytes for ./Payload/Refloor.app/Frameworks/WeScan.framework/flashUnavailable@3x.png
2026-03-02 07:42:12 +0000  copying file ./Payload/Refloor.app/Frameworks/WeScan.framework/pt-BR.lproj/Localizable.strings ... 
2026-03-02 07:42:12 +0000  265 bytes for ./Payload/Refloor.app/Frameworks/WeScan.framework/pt-BR.lproj/Localizable.strings
2026-03-02 07:42:12 +0000  copying file ./Payload/Refloor.app/Frameworks/WeScan.framework/ru.lproj/Localizable.strings ... 
2026-03-02 07:42:12 +0000  330 bytes for ./Payload/Refloor.app/Frameworks/WeScan.framework/ru.lproj/Localizable.strings
2026-03-02 07:42:12 +0000  copying file ./Payload/Refloor.app/Frameworks/WeScan.framework/flash@3x.png ... 
2026-03-02 07:42:12 +0000  855 bytes for ./Payload/Refloor.app/Frameworks/WeScan.framework/flash@3x.png
2026-03-02 07:42:12 +0000  copying file ./Payload/Refloor.app/Frameworks/WeScan.framework/WeScan ... 
2026-03-02 07:42:12 +0000  461120 bytes for ./Payload/Refloor.app/Frameworks/WeScan.framework/WeScan
2026-03-02 07:42:12 +0000  copying file ./Payload/Refloor.app/Frameworks/WeScan.framework/fr.lproj/Localizable.strings ... 
2026-03-02 07:42:12 +0000  257 bytes for ./Payload/Refloor.app/Frameworks/WeScan.framework/fr.lproj/Localizable.strings
2026-03-02 07:42:12 +0000  copying file ./Payload/Refloor.app/Frameworks/WeScan.framework/enhance@3x.png ... 
2026-03-02 07:42:12 +0000  1022 bytes for ./Payload/Refloor.app/Frameworks/WeScan.framework/enhance@3x.png
2026-03-02 07:42:12 +0000  copying file ./Payload/Refloor.app/Frameworks/WeScan.framework/pt-PT.lproj/Localizable.strings ... 
2026-03-02 07:42:12 +0000  263 bytes for ./Payload/Refloor.app/Frameworks/WeScan.framework/pt-PT.lproj/Localizable.strings
2026-03-02 07:42:12 +0000  copying file ./Payload/Refloor.app/Frameworks/WeScan.framework/enhance@2x.png ... 
2026-03-02 07:42:12 +0000  699 bytes for ./Payload/Refloor.app/Frameworks/WeScan.framework/enhance@2x.png
2026-03-02 07:42:12 +0000  copying file ./Payload/Refloor.app/Frameworks/WeScan.framework/Info.plist ... 
2026-03-02 07:42:12 +0000  783 bytes for ./Payload/Refloor.app/Frameworks/WeScan.framework/Info.plist
2026-03-02 07:42:12 +0000  copying file ./Payload/Refloor.app/Frameworks/WeScan.framework/enhance.png ... 
2026-03-02 07:42:12 +0000  414 bytes for ./Payload/Refloor.app/Frameworks/WeScan.framework/enhance.png
2026-03-02 07:42:12 +0000  copying file ./Payload/Refloor.app/Frameworks/MaterialShowcase.framework/_CodeSignature/CodeResources ... 
2026-03-02 07:42:12 +0000  1798 bytes for ./Payload/Refloor.app/Frameworks/MaterialShowcase.framework/_CodeSignature/CodeResources
2026-03-02 07:42:12 +0000  copying file ./Payload/Refloor.app/Frameworks/MaterialShowcase.framework/MaterialShowcase ... 
2026-03-02 07:42:12 +0000  336720 bytes for ./Payload/Refloor.app/Frameworks/MaterialShowcase.framework/MaterialShowcase
copying file ./Payload/Refloor.app/Frameworks/MaterialShowcase.framework/Info.plist ... 
2026-03-02 07:42:12 +0000  805 bytes for ./Payload/Refloor.app/Frameworks/MaterialShowcase.framework/Info.plist
2026-03-02 07:42:12 +0000  copying file ./Payload/Refloor.app/Frameworks/SDWebImage.framework/_CodeSignature/CodeResources ... 
2026-03-02 07:42:12 +0000  1798 bytes for ./Payload/Refloor.app/Frameworks/SDWebImage.framework/_CodeSignature/CodeResources
2026-03-02 07:42:12 +0000  copying file ./Payload/Refloor.app/Frameworks/SDWebImage.framework/SDWebImage ... 
2026-03-02 07:42:12 +0000  373312 bytes for ./Payload/Refloor.app/Frameworks/SDWebImage.framework/SDWebImage
copying file ./Payload/Refloor.app/Frameworks/SDWebImage.framework/Info.plist ... 
2026-03-02 07:42:12 +0000  791 bytes for ./Payload/Refloor.app/Frameworks/SDWebImage.framework/Info.plist
2026-03-02 07:42:12 +0000  copying file ./Payload/Refloor.app/Frameworks/ObjectMapper_Realm.framework/_CodeSignature/CodeResources ... 
2026-03-02 07:42:12 +0000  1798 bytes for ./Payload/Refloor.app/Frameworks/ObjectMapper_Realm.framework/_CodeSignature/CodeResources
2026-03-02 07:42:12 +0000  copying file ./Payload/Refloor.app/Frameworks/ObjectMapper_Realm.framework/ObjectMapper_Realm ... 
2026-03-02 07:42:12 +0000  109328 bytes for ./Payload/Refloor.app/Frameworks/ObjectMapper_Realm.framework/ObjectMapper_Realm
copying file ./Payload/Refloor.app/Frameworks/ObjectMapper_Realm.framework/Info.plist ... 
2026-03-02 07:42:12 +0000  809 bytes for ./Payload/Refloor.app/Frameworks/ObjectMapper_Realm.framework/Info.plist
2026-03-02 07:42:12 +0000  copying file ./Payload/Refloor.app/Frameworks/AlamofireObjectMapper.framework/_CodeSignature/CodeResources ... 
2026-03-02 07:42:12 +0000  1798 bytes for ./Payload/Refloor.app/Frameworks/AlamofireObjectMapper.framework/_CodeSignature/CodeResources
2026-03-02 07:42:12 +0000  copying file ./Payload/Refloor.app/Frameworks/AlamofireObjectMapper.framework/AlamofireObjectMapper ... 
2026-03-02 07:42:12 +0000  109312 bytes for ./Payload/Refloor.app/Frameworks/AlamofireObjectMapper.framework/AlamofireObjectMapper
copying file ./Payload/Refloor.app/Frameworks/AlamofireObjectMapper.framework/Info.plist ... 
2026-03-02 07:42:12 +0000  815 bytes for ./Payload/Refloor.app/Frameworks/AlamofireObjectMapper.framework/Info.plist
2026-03-02 07:42:12 +0000  copying file ./Payload/Refloor.app/Frameworks/libwebp.framework/_CodeSignature/CodeResources ... 
2026-03-02 07:42:12 +0000  1798 bytes for ./Payload/Refloor.app/Frameworks/libwebp.framework/_CodeSignature/CodeResources
2026-03-02 07:42:12 +0000  copying file ./Payload/Refloor.app/Frameworks/libwebp.framework/libwebp ... 
2026-03-02 07:42:12 +0000  653104 bytes for ./Payload/Refloor.app/Frameworks/libwebp.framework/libwebp
copying file ./Payload/Refloor.app/Frameworks/libwebp.framework/Info.plist ... 
2026-03-02 07:42:12 +0000  785 bytes for ./Payload/Refloor.app/Frameworks/libwebp.framework/Info.plist
2026-03-02 07:42:12 +0000  copying file ./Payload/Refloor.app/SF-Pro-Display-BlackItalic.otf ... 
2026-03-02 07:42:12 +0000  146416 bytes for ./Payload/Refloor.app/SF-Pro-Display-BlackItalic.otf
copying file ./Payload/Refloor.app/SF-Pro-Display-Black.otf ... 
2026-03-02 07:42:12 +0000  319584 bytes for ./Payload/Refloor.app/SF-Pro-Display-Black.otf
copying file ./Payload/Refloor.app/SF-Pro-Text-BoldItalic.otf ... 
2026-03-02 07:42:12 +0000  178788 bytes for ./Payload/Refloor.app/SF-Pro-Text-BoldItalic.otf
2026-03-02 07:42:12 +0000  copying file ./Payload/Refloor.app/SF-Pro-Text-RegularItalic.otf ... 
2026-03-02 07:42:12 +0000  168992 bytes for ./Payload/Refloor.app/SF-Pro-Text-RegularItalic.otf
copying file ./Payload/Refloor.app/embedded.mobileprovision ... 
2026-03-02 07:42:12 +0000  19861 bytes for ./Payload/Refloor.app/embedded.mobileprovision
copying file ./Payload/Refloor.app/SF-Pro-Text-Semibold.otf ... 
2026-03-02 07:42:12 +0000  342656 bytes for ./Payload/Refloor.app/SF-Pro-Text-Semibold.otf
copying file ./Payload/Refloor.app/SF-Pro-Text-HeavyItalic.otf ... 
2026-03-02 07:42:12 +0000  178644 bytes for ./Payload/Refloor.app/SF-Pro-Text-HeavyItalic.otf
copying file ./Payload/Refloor.app/SFUIText-Semibold.otf ... 
2026-03-02 07:42:12 +0000  222660 bytes for ./Payload/Refloor.app/SFUIText-Semibold.otf
copying file ./Payload/Refloor.app/SF-Pro-Display-ThinItalic.otf ... 
2026-03-02 07:42:12 +0000  157916 bytes for ./Payload/Refloor.app/SF-Pro-Display-ThinItalic.otf
2026-03-02 07:42:12 +0000  copying file ./Payload/Refloor.app/SF-Pro-Text-LightItalic.otf ... 
2026-03-02 07:42:12 +0000  178060 bytes for ./Payload/Refloor.app/SF-Pro-Text-LightItalic.otf
copying file ./Payload/Refloor.app/Info.plist ... 
2026-03-02 07:42:12 +0000  2588 bytes for ./Payload/Refloor.app/Info.plist
2026-03-02 07:42:12 +0000  copying file ./Payload/Refloor.app/SF-Pro-Text-Medium.otf ... 
2026-03-02 07:42:12 +0000  342732 bytes for ./Payload/Refloor.app/SF-Pro-Text-Medium.otf
copying file ./Payload/Refloor.app/Inter-UI-MediumItalic.ttf ... 
2026-03-02 07:42:12 +0000  692080 bytes for ./Payload/Refloor.app/Inter-UI-MediumItalic.ttf
copying file ./Payload/Refloor.app/PkgInfo ... 
2026-03-02 07:42:12 +0000  8 bytes for ./Payload/Refloor.app/PkgInfo
copying file ./Payload/Refloor.app/SFUIDisplay-Bold.otf ... 
2026-03-02 07:42:12 +0000  310894 bytes for ./Payload/Refloor.app/SFUIDisplay-Bold.otf
copying file ./Payload/Refloor.app/SF-Pro-Display-BoldItalic.otf ... 
2026-03-02 07:42:12 +0000  159668 bytes for ./Payload/Refloor.app/SF-Pro-Display-BoldItalic.otf
copying file ./Payload/Refloor.app/Inter-UI-Black.ttf ... 
2026-03-02 07:42:12 +0000  582180 bytes for ./Payload/Refloor.app/Inter-UI-Black.ttf
copying file ./Payload/Refloor.app/SF-Pro-Text-SemiboldItalic.otf ... 
2026-03-02 07:42:12 +0000  179760 bytes for ./Payload/Refloor.app/SF-Pro-Text-SemiboldItalic.otf
2026-03-02 07:42:12 +0000  /usr/bin/ditto exited with 0
2026-03-02 07:42:12 +0000  Processing step: IDEDistributionAppStoreInformationStep
2026-03-02 07:42:12 +0000  Skipping step: IDEDistributionAppStoreInformationStep because it said so
2026-03-02 07:42:12 +0000  Processing step: IDEDistributionGenerateProcessedDistributionItems
2026-03-02 07:42:12 +0000  IDEDistributionItem init <DVTFilePath:0xace4c71e0:'/var/folders/r3/81p5d_c505l5g5hf9p01yqdh0000gn/T/XcodeDistPipeline.~~~xtDOCp/Root/Payload/Refloor.app/Frameworks/FirebaseAuthInterop.framework'>
2026-03-02 07:42:12 +0000  IDEDistributionItem init <DVTFilePath:0xace6c3800:'/var/folders/r3/81p5d_c505l5g5hf9p01yqdh0000gn/T/XcodeDistPipeline.~~~xtDOCp/Root/Payload/Refloor.app/Frameworks/JWTCodable.framework'>
2026-03-02 07:42:12 +0000  IDEDistributionItem init <DVTFilePath:0xace6c33a0:'/var/folders/r3/81p5d_c505l5g5hf9p01yqdh0000gn/T/XcodeDistPipeline.~~~xtDOCp/Root/Payload/Refloor.app/Frameworks/FirebaseSessions.framework'>
2026-03-02 07:42:12 +0000  IDEDistributionItem init <DVTFilePath:0xace7773a0:'/var/folders/r3/81p5d_c505l5g5hf9p01yqdh0000gn/T/XcodeDistPipeline.~~~xtDOCp/Root/Payload/Refloor.app/Frameworks/AlamofireObjectMapper.framework'>
2026-03-02 07:42:12 +0000  IDEDistributionItem init <DVTFilePath:0xace6c2ae0:'/var/folders/r3/81p5d_c505l5g5hf9p01yqdh0000gn/T/XcodeDistPipeline.~~~xtDOCp/Root/Payload/Refloor.app/Frameworks/FirebaseCoreExtension.framework'>
2026-03-02 07:42:12 +0000  IDEDistributionItem init <DVTFilePath:0xa7996dec0:'/var/folders/r3/81p5d_c505l5g5hf9p01yqdh0000gn/T/XcodeDistPipeline.~~~xtDOCp/Root/Payload/Refloor.app/Frameworks/absl.framework'>
2026-03-02 07:42:12 +0000  IDEDistributionItem init <DVTFilePath:0xace6c3410:'/var/folders/r3/81p5d_c505l5g5hf9p01yqdh0000gn/T/XcodeDistPipeline.~~~xtDOCp/Root/Payload/Refloor.app/Frameworks/FirebaseSharedSwift.framework'>
2026-03-02 07:42:12 +0000  IDEDistributionItem init <DVTFilePath:0xace6c2fb0:'/var/folders/r3/81p5d_c505l5g5hf9p01yqdh0000gn/T/XcodeDistPipeline.~~~xtDOCp/Root/Payload/Refloor.app/Frameworks/FirebaseFirestore.framework'>
2026-03-02 07:42:12 +0000  IDEDistributionItem init <DVTFilePath:0xb01dcef80:'/var/folders/r3/81p5d_c505l5g5hf9p01yqdh0000gn/T/XcodeDistPipeline.~~~xtDOCp/Root/Payload/Refloor.app/Frameworks/FirebaseFirestoreInternal.framework'>
2026-03-02 07:42:12 +0000  IDEDistributionItem init <DVTFilePath:0xace6c3870:'/var/folders/r3/81p5d_c505l5g5hf9p01yqdh0000gn/T/XcodeDistPipeline.~~~xtDOCp/Root/Payload/Refloor.app/Frameworks/KituraContracts.framework'>
2026-03-02 07:42:12 +0000  IDEDistributionItem init <DVTFilePath:0xace6c3d40:'/var/folders/r3/81p5d_c505l5g5hf9p01yqdh0000gn/T/XcodeDistPipeline.~~~xtDOCp/Root/Payload/Refloor.app/Frameworks/ObjectMapper.framework'>
2026-03-02 07:42:12 +0000  IDEDistributionItem init <DVTFilePath:0xace6c3480:'/var/folders/r3/81p5d_c505l5g5hf9p01yqdh0000gn/T/XcodeDistPipeline.~~~xtDOCp/Root/Payload/Refloor.app/Frameworks/GTMSessionFetcher.framework'>
2026-03-02 07:42:12 +0000  IDEDistributionItem init <DVTFilePath:0xa7996d680:'/var/folders/r3/81p5d_c505l5g5hf9p01yqdh0000gn/T/XcodeDistPipeline.~~~xtDOCp/Root/Payload/Refloor.app/Frameworks/Realm.framework'>
2026-03-02 07:42:12 +0000  IDEDistributionItem init <DVTFilePath:0xb01dcda00:'/var/folders/r3/81p5d_c505l5g5hf9p01yqdh0000gn/T/XcodeDistPipeline.~~~xtDOCp/Root/Payload/Refloor.app/Frameworks/IQKeyboardManagerSwift.framework'>
2026-03-02 07:42:12 +0000  IDEDistributionItem init <DVTFilePath:0xace6c1a40:'/var/folders/r3/81p5d_c505l5g5hf9p01yqdh0000gn/T/XcodeDistPipeline.~~~xtDOCp/Root/Payload/Refloor.app/Frameworks/FirebaseMessaging.framework'>
2026-03-02 07:42:12 +0000  IDEDistributionItem init <DVTFilePath:0xace6c3950:'/var/folders/r3/81p5d_c505l5g5hf9p01yqdh0000gn/T/XcodeDistPipeline.~~~xtDOCp/Root/Payload/Refloor.app/Frameworks/LoggerAPI.framework'>
2026-03-02 07:42:12 +0000  IDEDistributionItem init <DVTFilePath:0xace7743f0:'/var/folders/r3/81p5d_c505l5g5hf9p01yqdh0000gn/T/XcodeDistPipeline.~~~xtDOCp/Root/Payload/Refloor.app/Frameworks/CHRTextFieldFormatter.framework'>
2026-03-02 07:42:12 +0000  IDEDistributionItem init <DVTFilePath:0xace6b7640:'/var/folders/r3/81p5d_c505l5g5hf9p01yqdh0000gn/T/XcodeDistPipeline.~~~xtDOCp/Root/Payload/Refloor.app/Frameworks/openssl_grpc.framework'>
2026-03-02 07:42:12 +0000  IDEDistributionItem init <DVTFilePath:0xace6b71e0:'/var/folders/r3/81p5d_c505l5g5hf9p01yqdh0000gn/T/XcodeDistPipeline.~~~xtDOCp/Root/Payload/Refloor.app/Frameworks/leveldb.framework'>
2026-03-02 07:42:12 +0000  IDEDistributionItem init <DVTFilePath:0xace6b7f00:'/var/folders/r3/81p5d_c505l5g5hf9p01yqdh0000gn/T/XcodeDistPipeline.~~~xtDOCp/Root/Payload/Refloor.app/Frameworks/SDWebImage.framework'>
2026-03-02 07:42:12 +0000  IDEDistributionItem init <DVTFilePath:0xace6b7aa0:'/var/folders/r3/81p5d_c505l5g5hf9p01yqdh0000gn/T/XcodeDistPipeline.~~~xtDOCp/Root/Payload/Refloor.app/Frameworks/SwiftJWT.framework'>
2026-03-02 07:42:12 +0000  IDEDistributionItem init <DVTFilePath:0xace6c39c0:'/var/folders/r3/81p5d_c505l5g5hf9p01yqdh0000gn/T/XcodeDistPipeline.~~~xtDOCp/Root/Payload/Refloor.app/Frameworks/Logging.framework'>
2026-03-02 07:42:12 +0000  IDEDistributionItem init <DVTFilePath:0xace6c3090:'/var/folders/r3/81p5d_c505l5g5hf9p01yqdh0000gn/T/XcodeDistPipeline.~~~xtDOCp/Root/Payload/Refloor.app/Frameworks/FirebaseCrashlytics.framework'>
2026-03-02 07:42:12 +0000  IDEDistributionItem init <DVTFilePath:0xace6b57a0:'/var/folders/r3/81p5d_c505l5g5hf9p01yqdh0000gn/T/XcodeDistPipeline.~~~xtDOCp/Root/Payload/Refloor.app/Frameworks/nanopb.framework'>
2026-03-02 07:42:12 +0000  IDEDistributionItem init <DVTFilePath:0xa7996e040:'/var/folders/r3/81p5d_c505l5g5hf9p01yqdh0000gn/T/XcodeDistPipeline.~~~xtDOCp/Root/Payload/Refloor.app/Frameworks/Zip.framework'>
2026-03-02 07:42:12 +0000  IDEDistributionItem init <DVTFilePath:0xace776840:'/var/folders/r3/81p5d_c505l5g5hf9p01yqdh0000gn/T/XcodeDistPipeline.~~~xtDOCp/Root/Payload/Refloor.app/Frameworks/Cryptor.framework'>
2026-03-02 07:42:12 +0000  IDEDistributionItem init <DVTFilePath:0xace774070:'/var/folders/r3/81p5d_c505l5g5hf9p01yqdh0000gn/T/XcodeDistPipeline.~~~xtDOCp/Root/Payload/Refloor.app/Frameworks/FBLPromises.framework'>
2026-03-02 07:42:12 +0000  IDEDistributionItem init <DVTFilePath:0xace6c1b20:'/var/folders/r3/81p5d_c505l5g5hf9p01yqdh0000gn/T/XcodeDistPipeline.~~~xtDOCp/Root/Payload/Refloor.app/Frameworks/FirebaseInstallations.framework'>
2026-03-02 07:42:12 +0000  IDEDistributionItem init <DVTFilePath:0xace6c3a30:'/var/folders/r3/81p5d_c505l5g5hf9p01yqdh0000gn/T/XcodeDistPipeline.~~~xtDOCp/Root/Payload/Refloor.app/Frameworks/MaterialShowcase.framework'>
2026-03-02 07:42:12 +0000  IDEDistributionItem init <DVTFilePath:0xace483e20:'/var/folders/r3/81p5d_c505l5g5hf9p01yqdh0000gn/T/XcodeDistPipeline.~~~xtDOCp/Root/Payload/Refloor.app/Frameworks/FirebaseCore.framework'>
2026-03-02 07:42:12 +0000  IDEDistributionItem init <DVTFilePath:0xace6be1b0:'/var/folders/r3/81p5d_c505l5g5hf9p01yqdh0000gn/T/XcodeDistPipeline.~~~xtDOCp/Root/Payload/Refloor.app/Frameworks/Promises.framework'>
2026-03-02 07:42:12 +0000  IDEDistributionItem init <DVTFilePath:0xace6b7720:'/var/folders/r3/81p5d_c505l5g5hf9p01yqdh0000gn/T/XcodeDistPipeline.~~~xtDOCp/Root/Payload/Refloor.app/Frameworks/WeScan.framework'>
2026-03-02 07:42:12 +0000  IDEDistributionItem init <DVTFilePath:0xace6c3f00:'/var/folders/r3/81p5d_c505l5g5hf9p01yqdh0000gn/T/XcodeDistPipeline.~~~xtDOCp/Root/Payload/Refloor.app/Frameworks/PayCardsRecognizer.framework'>
2026-03-02 07:42:12 +0000  IDEDistributionItem init <DVTFilePath:0xace7740e0:'/var/folders/r3/81p5d_c505l5g5hf9p01yqdh0000gn/T/XcodeDistPipeline.~~~xtDOCp/Root/Payload/Refloor.app/Frameworks/CryptorRSA.framework'>
2026-03-02 07:42:12 +0000  IDEDistributionItem init <DVTFilePath:0xace6c3640:'/var/folders/r3/81p5d_c505l5g5hf9p01yqdh0000gn/T/XcodeDistPipeline.~~~xtDOCp/Root/Payload/Refloor.app/Frameworks/GoogleUtilities.framework'>
2026-03-02 07:42:12 +0000  IDEDistributionItem init <DVTFilePath:0xace6b7bf0:'/var/folders/r3/81p5d_c505l5g5hf9p01yqdh0000gn/T/XcodeDistPipeline.~~~xtDOCp/Root/Payload/Refloor.app/Frameworks/SVProgressHUD.framework'>
2026-03-02 07:42:12 +0000  IDEDistributionItem init <DVTFilePath:0xb01b7eb00:'/var/folders/r3/81p5d_c505l5g5hf9p01yqdh0000gn/T/XcodeDistPipeline.~~~xtDOCp/Root/Payload/Refloor.app/Frameworks/FirebaseAppCheckInterop.framework'>
2026-03-02 07:42:12 +0000  IDEDistributionItem init <DVTFilePath:0xace6be220:'/var/folders/r3/81p5d_c505l5g5hf9p01yqdh0000gn/T/XcodeDistPipeline.~~~xtDOCp/Root/Payload/Refloor.app/Frameworks/RealmSwift.framework'>
2026-03-02 07:42:12 +0000  IDEDistributionItem init <DVTFilePath:0xace6b5ce0:'/var/folders/r3/81p5d_c505l5g5hf9p01yqdh0000gn/T/XcodeDistPipeline.~~~xtDOCp/Root/Payload/Refloor.app/Frameworks/libwebp.framework'>
2026-03-02 07:42:12 +0000  IDEDistributionItem init <DVTFilePath:0xace6c36b0:'/var/folders/r3/81p5d_c505l5g5hf9p01yqdh0000gn/T/XcodeDistPipeline.~~~xtDOCp/Root/Payload/Refloor.app/Frameworks/GoogleDataTransport.framework'>
2026-03-02 07:42:12 +0000  IDEDistributionItem init <DVTFilePath:0xace6c3250:'/var/folders/r3/81p5d_c505l5g5hf9p01yqdh0000gn/T/XcodeDistPipeline.~~~xtDOCp/Root/Payload/Refloor.app/Frameworks/FirebaseCoreInternal.framework'>
2026-03-02 07:42:12 +0000  IDEDistributionItem init <DVTFilePath:0xb01dcd300:'/var/folders/r3/81p5d_c505l5g5hf9p01yqdh0000gn/T/XcodeDistPipeline.~~~xtDOCp/Root/Payload/Refloor.app/Frameworks/FirebaseRemoteConfigInterop.framework'>
2026-03-02 07:42:12 +0000  IDEDistributionItem init <DVTFilePath:0xace6b73a0:'/var/folders/r3/81p5d_c505l5g5hf9p01yqdh0000gn/T/XcodeDistPipeline.~~~xtDOCp/Root/Payload/Refloor.app/Frameworks/grpcpp.framework'>
2026-03-02 07:42:12 +0000  IDEDistributionItem init <DVTFilePath:0xace774a80:'/var/folders/r3/81p5d_c505l5g5hf9p01yqdh0000gn/T/XcodeDistPipeline.~~~xtDOCp/Root/Payload/Refloor.app/Frameworks/DropDown.framework'>
2026-03-02 07:42:12 +0000  IDEDistributionItem init <DVTFilePath:0xace776530:'/var/folders/r3/81p5d_c505l5g5hf9p01yqdh0000gn/T/XcodeDistPipeline.~~~xtDOCp/Root/Payload/Refloor.app/Frameworks/Alamofire.framework'>
2026-03-02 07:42:12 +0000  IDEDistributionItem init <DVTFilePath:0xace6c3b80:'/var/folders/r3/81p5d_c505l5g5hf9p01yqdh0000gn/T/XcodeDistPipeline.~~~xtDOCp/Root/Payload/Refloor.app/Frameworks/ObjectMapper_Realm.framework'>
2026-03-02 07:42:12 +0000  IDEDistributionItem init <DVTFilePath:0xace6bebc0:'/var/folders/r3/81p5d_c505l5g5hf9p01yqdh0000gn/T/XcodeDistPipeline.~~~xtDOCp/Root/Payload/Refloor.app/Frameworks/RecaptchaInterop.framework'>
2026-03-02 07:42:12 +0000  IDEDistributionItem init <DVTFilePath:0xacd409490:'/var/folders/r3/81p5d_c505l5g5hf9p01yqdh0000gn/T/XcodeDistPipeline.~~~xtDOCp/Root/Payload/Refloor.app/Frameworks/FirebaseAuth.framework'>
2026-03-02 07:42:12 +0000  IDEDistributionItem init <DVTFilePath:0xace7753b0:'/var/folders/r3/81p5d_c505l5g5hf9p01yqdh0000gn/T/XcodeDistPipeline.~~~xtDOCp/Root/Payload/Refloor.app/Frameworks/CryptorECC.framework'>
2026-03-02 07:42:12 +0000  IDEDistributionItem init <DVTFilePath:0xa7996fcc0:'/var/folders/r3/81p5d_c505l5g5hf9p01yqdh0000gn/T/XcodeDistPipeline.~~~xtDOCp/Root/Payload/Refloor.app/Frameworks/grpc.framework'>
2026-03-02 07:42:12 +0000  IDEDistributionItem init <DVTFilePath:0xa798677e0:'/var/folders/r3/81p5d_c505l5g5hf9p01yqdh0000gn/T/XcodeDistPipeline.~~~xtDOCp/Root/Payload/Refloor.app'>
2026-03-02 07:42:12 +0000  Processing step: IDEDistributionCreateManifestStep
